case_id,court_venue,judge_id,filing_date,case_complexity,claim_amount_gbp,num_interlocutory_motions,summary_judgment_filed,summary_judgment_granted,disposition_type,disposition_date,days_to_resolution,final_awarded_amount_gbp,settled_at_trial_door,case_status,event_observed
CC-2022-0878,Singapore International Comm.,JUD-09,2022-01-01,Low,623900.22,0,True,False,Dismissed,2022-09-06,248,0.0,False,Resolved,1
CC-2022-0499,High Court — KBD (TCC),JUD-05,2022-01-01,High,299404.98,5,True,False,Settled,2025-03-28,1182,78611.23,False,Resolved,1
CC-2022-0209,High Court — Chancery Division,JUD-04,2022-01-01,Medium,1538173.98,0,False,False,Dismissed,2023-02-27,422,0.0,False,Resolved,1
CC-2022-1219,High Court — KBD (TCC),JUD-05,2022-01-01,Low,965562.89,2,True,False,Dismissed,2022-12-08,341,0.0,False,Resolved,1
CC-2022-0903,US District Court — N.D. Cal.,JUD-08,2022-01-01,Low,195975.59,0,True,False,Dismissed,2023-03-28,451,0.0,False,Resolved,1
CC-2022-0865,London Commercial Court,JUD-02,2022-01-02,Medium,2879048.49,1,True,False,Settled,2025-04-28,1212,1417360.47,False,Resolved,1
CC-2022-1252,High Court — Chancery Division,JUD-03,2022-01-03,High,458084.76,4,False,False,Settled,2023-11-04,670,84155.57,False,Resolved,1
CC-2022-0575,London Commercial Court,JUD-01,2022-01-03,Medium,330844.5,1,True,False,Settled,2023-04-10,462,59197.75,False,Resolved,1
CC-2022-0146,London Commercial Court,JUD-02,2022-01-03,High,3381968.13,3,False,False,Settled,2023-05-27,509,798442.46,False,Resolved,1
CC-2022-0722,Dubai International Fin. Centre,JUD-10,2022-01-03,Low,376806.91,2,False,False,Dismissed,2022-10-11,281,0.0,False,Resolved,1
CC-2022-0464,Singapore International Comm.,JUD-09,2022-01-04,Medium,2068098.34,4,True,False,Settled,2023-06-30,542,464957.17,False,Resolved,1
CC-2022-0655,High Court — Chancery Division,JUD-04,2022-01-04,Medium,111575.53,4,False,False,Settled,2023-10-13,647,48293.91,True,Resolved,1
CC-2022-0796,High Court — Chancery Division,JUD-03,2022-01-04,High,1468049.57,7,True,False,,,1638,,,Ongoing,0
CC-2022-0518,High Court — Chancery Division,JUD-03,2022-01-04,Low,924599.92,2,False,False,Dismissed,2022-10-05,274,0.0,False,Resolved,1
CC-2022-0982,Dubai International Fin. Centre,JUD-10,2022-01-05,Low,488106.36,4,False,False,Settled,2023-03-03,422,26655.71,False,Resolved,1
CC-2022-0193,US District Court — S.D.N.Y.,JUD-07,2022-01-05,Medium,868608.44,4,True,False,Settled,2023-03-29,448,216018.22,False,Resolved,1
CC-2022-0919,London Commercial Court,JUD-02,2022-01-06,Medium,2270568.08,3,False,False,Settled,2022-11-14,312,1230536.37,False,Resolved,1
CC-2022-0304,US District Court — S.D.N.Y.,JUD-06,2022-01-06,Medium,270217.8,2,True,False,Dismissed,2022-08-12,218,0.0,False,Resolved,1
CC-2022-0061,London Commercial Court,JUD-02,2022-01-06,Medium,191000.82,3,False,False,Dismissed,2022-12-11,339,0.0,False,Resolved,1
CC-2022-1146,High Court — Chancery Division,JUD-03,2022-01-06,High,5926063.44,3,True,False,Settled,2024-01-28,752,3535880.43,False,Resolved,1
CC-2022-0016,High Court — KBD (TCC),JUD-05,2022-01-06,High,706078.84,9,True,False,,,1636,,,Ongoing,0
CC-2022-0457,Dubai International Fin. Centre,JUD-10,2022-01-07,Medium,290158.86,2,True,False,Settled,2022-10-23,289,90222.91,False,Resolved,1
CC-2022-0384,London Commercial Court,JUD-02,2022-01-07,High,266967.34,2,False,False,Settled,2025-07-23,1293,56069.72,True,Resolved,1
CC-2022-0288,Singapore International Comm.,JUD-09,2022-01-07,Low,484474.87,1,True,True,Dismissed,2022-07-14,188,0.0,False,Resolved,1
CC-2022-0780,London Commercial Court,JUD-01,2022-01-07,Low,193349.91,1,False,False,Settled,2023-02-22,411,108263.99,False,Resolved,1
CC-2022-0797,London Commercial Court,JUD-02,2022-01-07,Medium,2544458.43,8,True,False,Settled,2024-08-02,938,478730.89,False,Resolved,1
CC-2022-0510,High Court — Chancery Division,JUD-03,2022-01-07,Medium,714077.32,1,True,False,Dismissed,2023-02-12,401,0.0,False,Resolved,1
CC-2022-0095,London Commercial Court,JUD-01,2022-01-08,Low,392597.85,1,True,True,Dismissed,2022-05-06,118,0.0,False,Resolved,1
CC-2022-0163,London Commercial Court,JUD-02,2022-01-08,Medium,1282796.91,1,False,False,Dismissed,2022-09-21,256,0.0,False,Resolved,1
CC-2022-0657,US District Court — S.D.N.Y.,JUD-06,2022-01-09,High,1114610.35,1,False,False,Settled,2023-12-17,707,523499.33,False,Resolved,1
CC-2022-0132,Singapore International Comm.,JUD-09,2022-01-09,Low,784459.02,2,False,False,Settled,2023-01-09,365,295144.64,False,Resolved,1
CC-2022-0435,US District Court — S.D.N.Y.,JUD-07,2022-01-09,Low,181181.48,0,False,False,Dismissed,2022-10-21,285,0.0,False,Resolved,1
CC-2022-1113,Singapore International Comm.,JUD-09,2022-01-10,Low,1648777.43,2,True,True,Dismissed,2022-06-26,167,0.0,False,Resolved,1
CC-2022-0817,US District Court — S.D.N.Y.,JUD-06,2022-01-10,Low,417823.98,2,False,False,Settled,2022-09-06,239,142918.09,False,Resolved,1
CC-2022-0347,London Commercial Court,JUD-02,2022-01-10,Low,1965036.75,1,False,False,Settled,2023-01-10,365,447719.14,False,Resolved,1
CC-2022-0555,High Court — Chancery Division,JUD-04,2022-01-10,Low,305468.46,1,True,True,Dismissed,2022-07-29,200,0.0,False,Resolved,1
CC-2022-0777,US District Court — N.D. Cal.,JUD-08,2022-01-10,Medium,6035728.77,3,False,False,Settled,2025-10-01,1360,3331176.53,True,Resolved,1
CC-2022-1062,High Court — KBD (TCC),JUD-05,2022-01-11,Medium,548156.39,2,False,False,Settled,2023-06-05,510,193774.12,False,Resolved,1
CC-2022-0837,High Court — KBD (TCC),JUD-05,2022-01-11,Low,4290642.73,2,False,False,Settled,2023-10-23,650,1180066.37,False,Resolved,1
CC-2022-0125,High Court — Chancery Division,JUD-03,2022-01-11,Medium,171184.35,2,False,False,Trial Judgment,2024-06-05,876,0.0,False,Resolved,1
CC-2022-0929,High Court — Chancery Division,JUD-03,2022-01-12,Low,783836.22,3,True,False,Dismissed,2022-07-11,180,0.0,False,Resolved,1
CC-2022-0151,Singapore International Comm.,JUD-09,2022-01-12,Low,948469.0,0,False,False,Settled,2022-10-18,279,302620.43,False,Resolved,1
CC-2022-0934,London Commercial Court,JUD-01,2022-01-12,Medium,444289.92,5,False,False,Settled,2023-07-11,545,76313.49,False,Resolved,1
CC-2022-1106,US District Court — N.D. Cal.,JUD-08,2022-01-13,Medium,404297.63,0,False,False,Dismissed,2022-10-06,266,0.0,False,Resolved,1
CC-2022-1212,London Commercial Court,JUD-02,2022-01-14,High,1634312.15,4,True,False,Settled,2024-09-04,964,456880.75,False,Resolved,1
CC-2022-0431,Singapore International Comm.,JUD-09,2022-01-14,High,1190624.99,5,True,False,Settled,2024-06-05,873,256582.72,False,Resolved,1
CC-2022-0801,London Commercial Court,JUD-01,2022-01-14,High,560823.48,3,True,True,Dismissed,2023-12-10,695,0.0,False,Resolved,1
CC-2022-0566,Singapore International Comm.,JUD-09,2022-01-14,Low,163520.43,0,False,False,Dismissed,2022-05-31,137,0.0,False,Resolved,1
CC-2022-0965,US District Court — S.D.N.Y.,JUD-06,2022-01-15,Low,3144874.65,0,True,False,Settled,2023-06-17,518,476413.05,False,Resolved,1
CC-2022-0140,US District Court — N.D. Cal.,JUD-08,2022-01-15,Low,213412.69,0,True,True,Dismissed,2022-06-27,163,0.0,False,Resolved,1
CC-2022-0876,High Court — KBD (TCC),JUD-05,2022-01-15,Low,342528.52,1,False,False,Settled,2022-11-06,295,86604.14,False,Resolved,1
CC-2022-1204,US District Court — S.D.N.Y.,JUD-06,2022-01-15,Medium,535638.45,2,False,False,Dismissed,2022-06-18,154,0.0,False,Resolved,1
CC-2022-0361,Singapore International Comm.,JUD-09,2022-01-15,Low,1915761.48,3,True,False,Settled,2022-11-08,297,527127.53,False,Resolved,1
CC-2022-1189,London Commercial Court,JUD-02,2022-01-16,Low,915626.2,2,False,False,Dismissed,2022-09-15,242,0.0,False,Resolved,1
CC-2022-0467,High Court — Chancery Division,JUD-04,2022-01-16,Medium,455127.19,2,False,False,Settled,2023-07-06,536,61345.66,False,Resolved,1
CC-2022-0410,Singapore International Comm.,JUD-09,2022-01-16,High,1883029.21,2,True,False,Settled,2026-04-06,1541,750693.1,False,Resolved,1
CC-2022-0150,US District Court — N.D. Cal.,JUD-08,2022-01-16,Medium,683988.46,1,False,False,Trial Judgment,2023-11-09,662,585199.3,False,Resolved,1
CC-2022-0924,US District Court — S.D.N.Y.,JUD-06,2022-01-17,High,767120.31,6,True,False,Settled,2024-04-12,816,134880.56,False,Resolved,1
CC-2022-1100,London Commercial Court,JUD-02,2022-01-17,High,153958.36,2,False,False,Settled,2023-10-28,649,24701.61,False,Resolved,1
CC-2022-0201,Singapore International Comm.,JUD-09,2022-01-17,Low,897656.67,2,True,False,Settled,2023-02-01,380,263898.77,False,Resolved,1
CC-2022-1224,Dubai International Fin. Centre,JUD-10,2022-01-17,Medium,639695.96,1,True,False,Dismissed,2022-07-21,185,0.0,False,Resolved,1
CC-2022-0521,London Commercial Court,JUD-02,2022-01-17,Medium,109756.74,1,False,False,Trial Judgment,2023-04-16,454,51672.56,False,Resolved,1
CC-2022-1241,High Court — Chancery Division,JUD-03,2022-01-17,High,880976.42,5,True,True,Dismissed,2023-06-14,513,0.0,False,Resolved,1
CC-2022-0009,US District Court — N.D. Cal.,JUD-08,2022-01-17,Low,2577769.92,2,True,False,Dismissed,2022-08-17,212,0.0,False,Resolved,1
CC-2022-0443,High Court — KBD (TCC),JUD-05,2022-01-18,Low,103154.68,0,False,False,Dismissed,2022-10-20,275,0.0,False,Resolved,1
CC-2022-0141,US District Court — S.D.N.Y.,JUD-07,2022-01-18,Low,217524.62,0,True,False,Settled,2022-09-17,242,105020.99,False,Resolved,1
CC-2022-0320,US District Court — N.D. Cal.,JUD-08,2022-01-18,Medium,870520.33,2,True,False,Trial Judgment,2024-05-22,855,474899.59,False,Resolved,1
CC-2022-0001,US District Court — N.D. Cal.,JUD-08,2022-01-18,Medium,307438.66,2,False,False,Trial Judgment,2023-08-05,564,229031.26,False,Resolved,1
CC-2022-1253,High Court — KBD (TCC),JUD-05,2022-01-18,Low,147312.48,0,True,False,Settled,2022-09-09,234,78994.39,False,Resolved,1
CC-2022-0349,High Court — KBD (TCC),JUD-05,2022-01-19,Low,432191.63,2,False,False,Dismissed,2022-12-14,329,0.0,False,Resolved,1
CC-2022-0371,High Court — KBD (TCC),JUD-05,2022-01-19,Medium,596547.61,4,False,False,Settled,2024-08-17,941,165316.77,False,Resolved,1
CC-2022-0715,High Court — Chancery Division,JUD-03,2022-01-20,Medium,112942.65,0,False,False,Dismissed,2022-12-07,321,0.0,False,Resolved,1
CC-2022-0932,High Court — KBD (TCC),JUD-05,2022-01-20,Low,329552.58,0,True,True,Dismissed,2022-08-22,214,0.0,False,Resolved,1
CC-2022-0408,US District Court — S.D.N.Y.,JUD-07,2022-01-20,Low,762152.28,0,True,False,Settled,2023-02-27,403,119760.85,False,Resolved,1
CC-2022-0902,High Court — Chancery Division,JUD-03,2022-01-20,Medium,311888.49,4,True,False,Settled,2023-02-24,400,105518.35,False,Resolved,1
CC-2022-0552,Dubai International Fin. Centre,JUD-10,2022-01-21,Low,1008888.51,0,True,False,Settled,2023-02-25,400,217268.72,False,Resolved,1
CC-2022-1248,High Court — KBD (TCC),JUD-05,2022-01-21,Low,672190.25,1,True,False,Dismissed,2022-11-02,285,0.0,False,Resolved,1
CC-2022-0098,US District Court — N.D. Cal.,JUD-08,2022-01-22,Low,538990.05,1,True,False,Settled,2022-07-03,162,50529.69,False,Resolved,1
CC-2022-1257,High Court — KBD (TCC),JUD-05,2022-01-22,Medium,903436.2,1,True,False,Settled,2023-11-26,673,427004.97,False,Resolved,1
CC-2022-0649,High Court — Chancery Division,JUD-04,2022-01-23,Low,740204.93,1,True,True,Dismissed,2022-08-01,190,0.0,False,Resolved,1
CC-2022-0567,London Commercial Court,JUD-02,2022-01-23,Medium,728948.39,2,True,False,Settled,2023-08-05,559,237375.31,False,Resolved,1
CC-2022-0022,US District Court — S.D.N.Y.,JUD-07,2022-01-23,Medium,3593211.65,5,True,False,Settled,2023-03-11,412,1319410.17,False,Resolved,1
CC-2022-0906,US District Court — N.D. Cal.,JUD-08,2022-01-24,Medium,1490661.13,3,False,False,Dismissed,2023-12-07,682,0.0,False,Resolved,1
CC-2022-0014,High Court — Chancery Division,JUD-04,2022-01-24,High,483331.21,1,False,False,Settled,2025-05-15,1207,158584.41,False,Resolved,1
CC-2022-0179,High Court — KBD (TCC),JUD-05,2022-01-24,Medium,986072.81,3,False,False,Settled,2023-02-20,392,82482.37,False,Resolved,1
CC-2022-0598,US District Court — S.D.N.Y.,JUD-06,2022-01-24,High,1705933.79,6,True,False,Settled,2023-05-26,487,265267.87,False,Resolved,1
CC-2022-0413,US District Court — S.D.N.Y.,JUD-06,2022-01-24,Medium,344881.85,2,False,False,Dismissed,2023-05-11,472,0.0,False,Resolved,1
CC-2022-0188,US District Court — N.D. Cal.,JUD-08,2022-01-25,Medium,1053037.01,2,False,False,Settled,2023-03-14,413,344074.63,False,Resolved,1
CC-2022-1159,Singapore International Comm.,JUD-09,2022-01-25,Medium,2877695.57,1,True,False,Settled,2023-04-18,448,639631.97,False,Resolved,1
CC-2022-0805,US District Court — S.D.N.Y.,JUD-06,2022-01-25,Medium,1301018.69,1,False,False,Settled,2023-01-24,364,300828.97,False,Resolved,1
CC-2022-0335,High Court — KBD (TCC),JUD-05,2022-01-25,Medium,640644.23,6,True,False,Settled,2023-11-10,654,202456.06,False,Resolved,1
CC-2022-0305,High Court — Chancery Division,JUD-04,2022-01-26,Medium,317673.74,3,False,False,Settled,2024-02-23,758,132918.11,False,Resolved,1
CC-2022-0708,High Court — Chancery Division,JUD-03,2022-01-26,Medium,551841.13,1,False,False,Settled,2023-10-25,637,261258.04,False,Resolved,1
CC-2022-0284,Singapore International Comm.,JUD-09,2022-01-27,Medium,550671.04,0,False,False,Dismissed,2022-06-30,154,0.0,False,Resolved,1
CC-2022-0478,Dubai International Fin. Centre,JUD-10,2022-01-27,Medium,1209811.06,2,False,False,Dismissed,2022-09-05,221,0.0,False,Resolved,1
CC-2022-1174,High Court — Chancery Division,JUD-03,2022-01-27,Medium,96377.62,3,False,False,Settled,2023-01-15,353,17643.02,False,Resolved,1
CC-2022-0152,London Commercial Court,JUD-02,2022-01-27,Low,773141.46,0,True,False,Settled,2022-12-07,314,690116.0,False,Resolved,1
CC-2022-0879,US District Court — S.D.N.Y.,JUD-06,2022-01-27,Medium,367738.27,4,True,False,Dismissed,2023-04-23,451,0.0,False,Resolved,1
CC-2022-0806,US District Court — S.D.N.Y.,JUD-06,2022-01-28,Medium,2470816.95,1,False,False,Settled,2023-02-08,376,889811.17,False,Resolved,1
CC-2022-1124,Singapore International Comm.,JUD-09,2022-01-28,Low,2699491.22,2,False,False,Settled,2023-01-22,359,693828.14,False,Resolved,1
CC-2022-1185,Singapore International Comm.,JUD-09,2022-01-29,Low,748840.8,1,False,False,Settled,2022-12-23,328,209255.9,False,Resolved,1
CC-2022-0259,London Commercial Court,JUD-01,2022-02-01,Low,3394220.97,4,False,False,Settled,2023-04-16,439,2392128.46,False,Resolved,1
CC-2022-0334,London Commercial Court,JUD-02,2022-02-02,Low,2332415.09,2,False,False,Settled,2022-11-26,297,1758152.72,False,Resolved,1
CC-2022-0938,US District Court — N.D. Cal.,JUD-08,2022-02-02,Medium,252824.68,3,False,False,Settled,2024-02-27,755,61223.72,False,Resolved,1
CC-2022-0718,US District Court — S.D.N.Y.,JUD-07,2022-02-02,Medium,678740.34,2,False,False,Settled,2022-12-11,312,12103.28,True,Resolved,1
CC-2022-0946,London Commercial Court,JUD-01,2022-02-02,Medium,2787037.92,0,False,False,Settled,2023-01-18,350,1101580.05,False,Resolved,1
CC-2022-1079,High Court — KBD (TCC),JUD-05,2022-02-02,Low,254044.0,0,False,False,Dismissed,2022-06-26,144,0.0,False,Resolved,1
CC-2022-1199,High Court — Chancery Division,JUD-03,2022-02-02,Medium,295055.53,3,True,True,Dismissed,2022-10-05,245,0.0,False,Resolved,1
CC-2022-1259,US District Court — S.D.N.Y.,JUD-07,2022-02-03,Medium,513403.73,5,True,False,Dismissed,2023-06-11,493,0.0,False,Resolved,1
CC-2022-0450,London Commercial Court,JUD-01,2022-02-03,Low,123152.25,0,False,False,Settled,2022-07-19,166,68408.25,False,Resolved,1
CC-2022-0847,Dubai International Fin. Centre,JUD-10,2022-02-03,Low,814883.4,1,True,False,Settled,2022-10-02,241,304829.44,True,Resolved,1
CC-2022-0023,London Commercial Court,JUD-02,2022-02-03,Medium,767193.62,3,True,False,Settled,2023-09-04,578,157794.48,False,Resolved,1
CC-2022-0228,Dubai International Fin. Centre,JUD-10,2022-02-04,Low,376033.06,0,False,False,Dismissed,2022-04-21,76,0.0,False,Resolved,1
CC-2022-0962,US District Court — N.D. Cal.,JUD-08,2022-02-04,Medium,149013.99,1,True,True,Dismissed,2022-10-01,239,0.0,False,Resolved,1
CC-2022-1053,High Court — Chancery Division,JUD-03,2022-02-05,Medium,705896.0,1,True,False,Settled,2023-04-05,424,221587.34,False,Resolved,1
CC-2022-0972,US District Court — S.D.N.Y.,JUD-07,2022-02-05,Low,664352.34,1,False,False,Settled,2022-11-21,289,437551.99,False,Resolved,1
CC-2022-0090,Singapore International Comm.,JUD-09,2022-02-05,High,514953.01,9,True,False,Settled,2024-12-17,1046,152279.75,False,Resolved,1
CC-2022-0918,Singapore International Comm.,JUD-09,2022-02-05,Medium,1502852.9,5,True,True,Dismissed,2022-12-19,317,0.0,False,Resolved,1
CC-2022-0700,Dubai International Fin. Centre,JUD-10,2022-02-05,High,492942.24,3,True,False,Dismissed,2023-05-29,478,0.0,False,Resolved,1
CC-2022-1270,High Court — KBD (TCC),JUD-05,2022-02-05,Low,299665.66,2,False,False,Settled,2022-12-30,328,54796.03,False,Resolved,1
CC-2022-0004,London Commercial Court,JUD-02,2022-02-05,Low,104946.26,0,True,False,Dismissed,2022-08-30,206,0.0,False,Resolved,1
CC-2022-0620,London Commercial Court,JUD-02,2022-02-06,High,439857.58,7,False,False,Settled,2023-01-07,335,132273.15,False,Resolved,1
CC-2022-0381,High Court — Chancery Division,JUD-04,2022-02-06,Low,69132.99,0,False,False,Settled,2022-09-14,220,14388.62,False,Resolved,1
CC-2022-1039,High Court — KBD (TCC),JUD-05,2022-02-06,Medium,598299.71,2,True,False,Settled,2023-04-21,439,82421.79,False,Resolved,1
CC-2022-0792,Singapore International Comm.,JUD-09,2022-02-07,Medium,422761.35,4,True,True,Dismissed,2022-09-30,235,0.0,False,Resolved,1
CC-2022-0795,Dubai International Fin. Centre,JUD-10,2022-02-07,Low,148426.25,3,True,False,Settled,2022-10-23,258,72939.26,False,Resolved,1
CC-2022-1044,US District Court — N.D. Cal.,JUD-08,2022-02-07,Low,681429.14,0,False,False,Settled,2023-02-27,385,407630.45,False,Resolved,1
CC-2022-0145,High Court — Chancery Division,JUD-03,2022-02-07,Low,672401.69,1,True,False,Settled,2022-08-07,181,138702.0,False,Resolved,1
CC-2022-1198,Dubai International Fin. Centre,JUD-10,2022-02-07,High,364269.88,6,False,False,Settled,2023-02-21,379,58601.44,False,Resolved,1
CC-2022-0839,High Court — Chancery Division,JUD-03,2022-02-08,Medium,91148.37,2,False,False,Dismissed,2022-10-13,247,0.0,False,Resolved,1
CC-2022-0869,Singapore International Comm.,JUD-09,2022-02-08,Medium,508415.86,1,True,True,Dismissed,2023-06-01,478,0.0,False,Resolved,1
CC-2022-0713,London Commercial Court,JUD-01,2022-02-08,Low,575621.42,0,False,False,Trial Judgment,2023-03-26,411,0.0,False,Resolved,1
CC-2022-0147,London Commercial Court,JUD-01,2022-02-08,Medium,115017.96,1,False,False,Settled,2023-09-20,589,30547.53,False,Resolved,1
CC-2022-1177,London Commercial Court,JUD-01,2022-02-09,Low,131852.41,0,True,True,Dismissed,2022-06-22,133,0.0,False,Resolved,1
CC-2022-0069,High Court — Chancery Division,JUD-04,2022-02-09,Medium,458857.47,3,True,False,Settled,2024-05-30,841,96029.96,False,Resolved,1
CC-2022-0966,High Court — Chancery Division,JUD-03,2022-02-09,Medium,5030169.28,2,False,False,,,1602,,,Ongoing,0
CC-2022-0011,US District Court — S.D.N.Y.,JUD-06,2022-02-09,Medium,1811605.91,2,False,False,Dismissed,2023-02-19,375,0.0,False,Resolved,1
CC-2022-1142,High Court — Chancery Division,JUD-04,2022-02-10,High,84886.95,1,False,False,Dismissed,2023-11-10,638,0.0,False,Resolved,1
CC-2022-0917,London Commercial Court,JUD-01,2022-02-10,High,998415.99,3,False,False,Settled,2023-06-03,478,95235.84,False,Resolved,1
CC-2022-0531,High Court — Chancery Division,JUD-03,2022-02-10,Medium,883976.55,2,False,False,Settled,2023-01-18,342,634733.27,False,Resolved,1
CC-2022-0012,London Commercial Court,JUD-01,2022-02-11,Low,86955.03,0,True,False,Dismissed,2022-09-10,211,0.0,False,Resolved,1
CC-2022-0647,Dubai International Fin. Centre,JUD-10,2022-02-11,Medium,7082388.46,5,True,False,Settled,2025-02-23,1108,1081680.25,False,Resolved,1
CC-2022-0208,High Court — Chancery Division,JUD-03,2022-02-11,Low,270705.81,0,False,False,Dismissed,2023-01-17,340,0.0,False,Resolved,1
CC-2022-1169,High Court — KBD (TCC),JUD-05,2022-02-11,Medium,152070.95,0,False,False,Settled,2023-01-15,338,69429.35,False,Resolved,1
CC-2022-0875,High Court — KBD (TCC),JUD-05,2022-02-12,Low,593689.32,2,False,False,Dismissed,2023-04-09,421,0.0,False,Resolved,1
CC-2022-0133,Singapore International Comm.,JUD-09,2022-02-12,High,857679.71,5,True,False,Settled,2023-12-30,686,264200.64,False,Resolved,1
CC-2022-0765,High Court — Chancery Division,JUD-04,2022-02-12,Low,492237.41,1,True,True,Dismissed,2022-09-27,227,0.0,False,Resolved,1
CC-2022-0469,London Commercial Court,JUD-02,2022-02-12,Medium,94331.06,1,True,False,Settled,2022-11-17,278,9968.93,False,Resolved,1
CC-2022-0616,Dubai International Fin. Centre,JUD-10,2022-02-13,Medium,123680.05,4,True,False,Dismissed,2022-10-02,231,0.0,False,Resolved,1
CC-2022-0978,US District Court — S.D.N.Y.,JUD-06,2022-02-13,Medium,2241904.65,2,False,False,Dismissed,2022-11-23,283,0.0,False,Resolved,1
CC-2022-0117,High Court — Chancery Division,JUD-03,2022-02-13,Medium,259008.28,1,False,False,Settled,2024-10-08,968,168588.91,True,Resolved,1
CC-2022-1000,High Court — KBD (TCC),JUD-05,2022-02-14,Low,570972.1,1,True,True,Dismissed,2022-09-04,202,0.0,False,Resolved,1
CC-2022-0333,Singapore International Comm.,JUD-09,2022-02-15,Low,874834.94,1,False,False,Dismissed,2023-04-08,417,0.0,False,Resolved,1
CC-2022-0073,London Commercial Court,JUD-01,2022-02-15,High,426479.44,6,False,False,Dismissed,2024-04-24,799,0.0,False,Resolved,1
CC-2022-0077,US District Court — N.D. Cal.,JUD-08,2022-02-15,Medium,372673.55,1,True,False,Settled,2023-05-11,450,46093.42,False,Resolved,1
CC-2022-0314,Dubai International Fin. Centre,JUD-10,2022-02-16,High,153278.42,4,False,False,Settled,2023-07-19,518,121959.31,False,Resolved,1
CC-2022-0790,Dubai International Fin. Centre,JUD-10,2022-02-16,Low,2098268.48,1,False,False,Settled,2022-11-04,261,856064.66,False,Resolved,1
CC-2022-0494,London Commercial Court,JUD-01,2022-02-17,Low,466646.75,0,True,True,Dismissed,2022-10-01,226,0.0,False,Resolved,1
CC-2022-1009,High Court — Chancery Division,JUD-04,2022-02-18,Medium,2044797.02,4,False,False,,,1593,,,Ongoing,0
CC-2022-0651,US District Court — N.D. Cal.,JUD-08,2022-02-18,Medium,799260.03,2,True,True,Dismissed,2022-09-23,217,0.0,False,Resolved,1
CC-2022-0302,High Court — KBD (TCC),JUD-05,2022-02-18,Medium,223954.27,0,False,False,Settled,2023-04-03,409,100686.22,False,Resolved,1
CC-2022-0047,London Commercial Court,JUD-02,2022-02-18,High,385262.78,3,False,False,Settled,2023-09-26,585,197426.06,False,Resolved,1
CC-2022-0204,US District Court — S.D.N.Y.,JUD-06,2022-02-18,High,1212850.07,2,False,False,Settled,2023-11-20,640,844603.23,False,Resolved,1
CC-2022-0149,US District Court — S.D.N.Y.,JUD-06,2022-02-18,Low,216290.23,2,False,False,Settled,2022-08-25,188,109300.25,False,Resolved,1
CC-2022-0677,Singapore International Comm.,JUD-09,2022-02-18,Medium,2111465.68,3,False,False,Settled,2023-03-25,400,677986.23,False,Resolved,1
CC-2022-0748,US District Court — S.D.N.Y.,JUD-06,2022-02-19,Medium,98264.03,1,True,False,Settled,2023-04-16,421,57995.97,False,Resolved,1
CC-2022-0757,High Court — Chancery Division,JUD-03,2022-02-19,Medium,261702.12,0,False,False,Settled,2023-09-22,580,17331.08,False,Resolved,1
CC-2022-0451,US District Court — N.D. Cal.,JUD-08,2022-02-20,High,2310641.58,1,True,False,Settled,2025-01-15,1060,357464.77,False,Resolved,1
CC-2022-0845,London Commercial Court,JUD-01,2022-02-20,High,869823.28,2,False,False,Dismissed,2023-03-31,404,0.0,False,Resolved,1
CC-2022-1207,High Court — KBD (TCC),JUD-05,2022-02-20,High,1793944.99,2,True,False,Settled,2024-11-02,986,323579.28,False,Resolved,1
CC-2022-0815,US District Court — N.D. Cal.,JUD-08,2022-02-21,Medium,383239.65,4,True,False,Settled,2023-11-30,647,114956.68,False,Resolved,1
CC-2022-0591,US District Court — S.D.N.Y.,JUD-06,2022-02-21,High,738592.45,2,False,False,Settled,2024-04-24,793,118926.41,False,Resolved,1
CC-2022-0593,US District Court — N.D. Cal.,JUD-08,2022-02-21,Medium,675186.73,3,False,False,Settled,2022-10-27,248,217792.14,False,Resolved,1
CC-2022-0035,High Court — KBD (TCC),JUD-05,2022-02-21,Medium,81144.95,0,True,False,Settled,2023-02-12,356,22484.55,False,Resolved,1
CC-2022-1206,High Court — Chancery Division,JUD-03,2022-02-22,Medium,818794.65,2,True,False,Settled,2023-11-16,632,216774.37,False,Resolved,1
CC-2022-1201,High Court — KBD (TCC),JUD-05,2022-02-22,Low,458068.23,1,True,False,Dismissed,2022-10-05,225,0.0,False,Resolved,1
CC-2022-0666,Singapore International Comm.,JUD-09,2022-02-22,Medium,576781.37,3,False,False,Settled,2023-04-03,405,357814.21,False,Resolved,1
CC-2022-0967,Singapore International Comm.,JUD-09,2022-02-22,Medium,536645.31,1,True,True,Dismissed,2022-10-24,244,0.0,False,Resolved,1
CC-2022-0327,London Commercial Court,JUD-02,2022-02-23,High,181836.77,1,True,False,Settled,2023-03-09,379,8244.58,False,Resolved,1
CC-2022-0360,Dubai International Fin. Centre,JUD-10,2022-02-23,Medium,1833891.28,3,False,False,Settled,2024-01-23,699,779839.13,False,Resolved,1
CC-2022-0784,London Commercial Court,JUD-02,2022-02-24,Medium,707516.43,1,True,False,Settled,2023-05-09,439,16012.61,False,Resolved,1
CC-2022-0686,High Court — KBD (TCC),JUD-05,2022-02-25,Low,5293965.45,2,True,True,Dismissed,2022-10-21,238,0.0,False,Resolved,1
CC-2022-0191,Singapore International Comm.,JUD-09,2022-02-26,High,591399.69,0,False,False,Settled,2023-10-09,590,448106.05,False,Resolved,1
CC-2022-0195,High Court — Chancery Division,JUD-03,2022-02-26,Low,592154.69,0,False,False,Settled,2023-10-13,594,215534.77,False,Resolved,1
CC-2022-0412,US District Court — N.D. Cal.,JUD-08,2022-02-27,Low,119696.94,0,False,False,Dismissed,2022-06-27,120,0.0,False,Resolved,1
CC-2022-1021,London Commercial Court,JUD-01,2022-02-27,Low,116347.68,1,True,True,Dismissed,2022-09-01,186,0.0,False,Resolved,1
CC-2022-0627,High Court — Chancery Division,JUD-04,2022-02-27,High,422757.74,7,True,False,Dismissed,2024-10-12,958,0.0,False,Resolved,1
CC-2022-0403,Singapore International Comm.,JUD-09,2022-02-28,Medium,457358.13,4,True,False,Trial Judgment,2024-03-31,762,251777.02,False,Resolved,1
CC-2022-0330,Singapore International Comm.,JUD-09,2022-02-28,Low,1643768.88,2,False,False,Settled,2022-07-18,140,317800.27,False,Resolved,1
CC-2022-0395,High Court — Chancery Division,JUD-04,2022-03-01,Medium,232315.34,1,False,False,Settled,2024-09-10,924,114447.05,False,Resolved,1
CC-2022-0935,US District Court — N.D. Cal.,JUD-08,2022-03-01,High,2504948.68,3,True,False,Settled,2023-10-23,601,626524.4,False,Resolved,1
CC-2022-0948,US District Court — N.D. Cal.,JUD-08,2022-03-02,Medium,1252672.68,3,False,False,Settled,2023-10-06,583,336617.9,False,Resolved,1
CC-2022-1092,London Commercial Court,JUD-02,2022-03-03,Medium,736054.33,3,False,False,Settled,2026-06-01,1551,474112.04,True,Resolved,1
CC-2022-0680,US District Court — N.D. Cal.,JUD-08,2022-03-03,Low,172490.64,0,True,True,Dismissed,2022-08-09,159,0.0,False,Resolved,1
CC-2022-1214,London Commercial Court,JUD-02,2022-03-03,Medium,229260.9,2,False,False,Dismissed,2022-12-20,292,0.0,False,Resolved,1
CC-2022-0107,US District Court — S.D.N.Y.,JUD-06,2022-03-03,Medium,82338.15,2,True,False,Settled,2023-10-13,589,46308.93,False,Resolved,1
CC-2022-0860,London Commercial Court,JUD-01,2022-03-03,High,4014010.81,2,False,False,Settled,2025-03-03,1096,841740.1,False,Resolved,1
CC-2022-0463,Singapore International Comm.,JUD-09,2022-03-04,Medium,1490994.12,0,True,False,Settled,2023-04-29,421,201949.13,False,Resolved,1
CC-2022-0887,London Commercial Court,JUD-02,2022-03-04,Medium,785853.34,2,False,False,Settled,2023-06-04,457,253076.25,False,Resolved,1
CC-2022-0344,US District Court — N.D. Cal.,JUD-08,2022-03-04,Low,209517.02,0,False,False,Settled,2022-12-31,302,45004.53,False,Resolved,1
CC-2022-0280,US District Court — N.D. Cal.,JUD-08,2022-03-05,High,149904.01,3,False,False,Settled,2022-11-23,263,42327.69,False,Resolved,1
CC-2022-0283,London Commercial Court,JUD-02,2022-03-05,Medium,391408.6,0,False,False,Dismissed,2023-05-25,446,0.0,False,Resolved,1
CC-2022-0988,Dubai International Fin. Centre,JUD-10,2022-03-05,High,524969.39,4,True,False,Settled,2024-05-18,805,82825.43,False,Resolved,1
CC-2022-0705,London Commercial Court,JUD-02,2022-03-05,Low,1243899.85,0,True,True,Settled,2022-08-25,173,75925.45,False,Resolved,1
CC-2022-1131,US District Court — N.D. Cal.,JUD-08,2022-03-05,Low,709768.19,2,False,False,Dismissed,2022-06-19,106,0.0,False,Resolved,1
CC-2022-0102,Dubai International Fin. Centre,JUD-10,2022-03-06,Low,96034.21,1,True,False,Settled,2022-09-20,198,24756.43,False,Resolved,1
CC-2022-0541,Dubai International Fin. Centre,JUD-10,2022-03-06,Medium,2428814.95,5,True,False,Settled,2024-04-09,765,1018501.39,False,Resolved,1
CC-2022-0226,Dubai International Fin. Centre,JUD-10,2022-03-07,Low,2123040.04,5,True,False,Settled,2023-03-01,359,754425.01,False,Resolved,1
CC-2022-0174,London Commercial Court,JUD-02,2022-03-07,Low,1481032.89,0,True,False,Settled,2023-12-12,645,94438.9,True,Resolved,1
CC-2022-1112,US District Court — N.D. Cal.,JUD-08,2022-03-07,High,347753.65,6,False,False,Trial Judgment,2023-08-31,542,0.0,False,Resolved,1
CC-2022-0148,London Commercial Court,JUD-02,2022-03-07,Low,2821833.12,4,True,False,Dismissed,2023-01-16,315,0.0,False,Resolved,1
CC-2022-0275,London Commercial Court,JUD-01,2022-03-08,Medium,284137.41,4,False,False,Settled,2024-04-04,758,110558.05,False,Resolved,1
CC-2022-0257,Dubai International Fin. Centre,JUD-10,2022-03-08,Low,766603.9,1,False,False,Settled,2022-11-01,238,223324.0,False,Resolved,1
CC-2022-1052,High Court — Chancery Division,JUD-03,2022-03-08,Low,322647.0,1,False,False,Dismissed,2022-12-21,288,0.0,False,Resolved,1
CC-2022-1012,High Court — KBD (TCC),JUD-05,2022-03-08,Medium,1184312.9,6,True,False,Settled,2025-03-31,1119,501374.84,False,Resolved,1
CC-2022-0241,London Commercial Court,JUD-01,2022-03-09,Low,190180.34,0,True,True,Dismissed,2022-09-20,195,0.0,False,Resolved,1
CC-2022-0389,US District Court — N.D. Cal.,JUD-08,2022-03-09,High,602965.06,4,False,False,Settled,2024-01-10,672,363455.35,False,Resolved,1
CC-2022-0508,High Court — Chancery Division,JUD-04,2022-03-10,Low,1800997.23,4,True,True,Settled,2022-12-16,281,320447.92,False,Resolved,1
CC-2022-0166,US District Court — S.D.N.Y.,JUD-07,2022-03-10,High,59934.9,6,False,False,Dismissed,2023-06-19,466,0.0,False,Resolved,1
CC-2022-0119,US District Court — S.D.N.Y.,JUD-07,2022-03-10,High,608274.69,4,False,False,Settled,2023-06-15,462,279805.64,False,Resolved,1
CC-2022-1218,London Commercial Court,JUD-02,2022-03-10,Medium,181595.13,1,False,False,Settled,2024-02-26,718,73692.6,False,Resolved,1
CC-2022-0908,High Court — Chancery Division,JUD-03,2022-03-10,Low,595200.49,1,False,False,Settled,2023-01-25,321,358189.08,False,Resolved,1
CC-2022-1107,London Commercial Court,JUD-02,2022-03-10,High,436176.69,5,False,False,Settled,2024-06-04,817,243200.43,False,Resolved,1
CC-2022-0540,US District Court — N.D. Cal.,JUD-08,2022-03-10,Medium,836828.69,1,True,False,Settled,2022-10-30,234,413240.04,False,Resolved,1
CC-2022-0197,US District Court — S.D.N.Y.,JUD-06,2022-03-12,High,473321.35,1,False,False,Dismissed,2023-05-15,429,0.0,False,Resolved,1
CC-2022-1087,US District Court — S.D.N.Y.,JUD-06,2022-03-12,High,1921894.11,4,True,False,Settled,2024-08-15,887,738260.19,False,Resolved,1
CC-2022-0168,US District Court — S.D.N.Y.,JUD-06,2022-03-12,Low,2376527.51,3,False,False,Settled,2022-08-25,166,897168.23,False,Resolved,1
CC-2022-1194,High Court — Chancery Division,JUD-03,2022-03-12,High,2098006.55,1,False,False,Settled,2023-08-26,532,500027.7,False,Resolved,1
CC-2022-0833,US District Court — N.D. Cal.,JUD-08,2022-03-13,Medium,117148.06,5,True,True,Dismissed,2022-12-15,277,0.0,False,Resolved,1
CC-2022-0233,Singapore International Comm.,JUD-09,2022-03-13,Medium,3305667.83,2,False,False,Settled,2023-07-15,489,913785.35,False,Resolved,1
CC-2022-0658,High Court — KBD (TCC),JUD-05,2022-03-13,High,873289.99,3,False,False,Settled,2024-07-05,845,121789.86,False,Resolved,1
CC-2022-0026,High Court — KBD (TCC),JUD-05,2022-03-14,Low,675754.22,1,False,False,Settled,2023-02-03,326,179894.21,False,Resolved,1
CC-2022-1118,High Court — KBD (TCC),JUD-05,2022-03-14,Medium,104304.6,0,False,False,Settled,2024-02-01,689,33780.54,False,Resolved,1
CC-2022-0033,US District Court — S.D.N.Y.,JUD-06,2022-03-14,Medium,670277.02,1,False,False,Settled,2022-11-10,241,216460.03,False,Resolved,1
CC-2022-0115,High Court — Chancery Division,JUD-04,2022-03-14,Low,1116756.34,3,False,False,Settled,2022-11-21,252,570088.37,False,Resolved,1
CC-2022-0673,US District Court — S.D.N.Y.,JUD-06,2022-03-14,Medium,1067709.58,1,False,False,Settled,2022-10-11,211,403308.89,False,Resolved,1
CC-2022-0569,High Court — KBD (TCC),JUD-05,2022-03-14,Medium,1786489.4,1,True,False,Settled,2024-11-03,965,382531.76,False,Resolved,1
CC-2022-1255,US District Court — S.D.N.Y.,JUD-06,2022-03-15,Medium,124387.71,2,False,False,Settled,2023-06-29,471,21627.03,True,Resolved,1
CC-2022-0091,High Court — KBD (TCC),JUD-05,2022-03-16,Low,854218.33,3,False,False,Settled,2023-05-26,436,259906.03,False,Resolved,1
CC-2022-0434,High Court — Chancery Division,JUD-03,2022-03-17,Medium,368109.06,2,False,False,Settled,2023-04-05,384,207641.62,False,Resolved,1
CC-2022-1030,US District Court — N.D. Cal.,JUD-08,2022-03-17,Medium,113041.83,2,False,False,Settled,2023-02-25,345,31185.04,False,Resolved,1
CC-2022-0898,Singapore International Comm.,JUD-09,2022-03-18,Low,58690.24,0,True,False,Dismissed,2022-12-10,267,0.0,False,Resolved,1
CC-2022-0648,High Court — KBD (TCC),JUD-05,2022-03-18,Low,148559.62,0,False,False,Trial Judgment,2023-12-14,636,99639.58,False,Resolved,1
CC-2022-0383,High Court — Chancery Division,JUD-04,2022-03-18,Medium,1426089.54,2,True,False,Settled,2023-12-14,636,625997.11,False,Resolved,1
CC-2022-0460,High Court — Chancery Division,JUD-04,2022-03-18,Medium,1064904.25,1,True,True,Dismissed,2023-02-17,336,0.0,False,Resolved,1
CC-2022-0525,Singapore International Comm.,JUD-09,2022-03-18,Medium,1125202.41,0,False,False,Dismissed,2023-05-26,434,0.0,False,Resolved,1
CC-2022-0390,US District Court — N.D. Cal.,JUD-08,2022-03-18,Low,713590.89,0,True,False,Settled,2023-02-21,340,283768.96,False,Resolved,1
CC-2022-0821,London Commercial Court,JUD-02,2022-03-18,Low,388492.21,0,False,False,Settled,2023-01-21,309,164778.68,False,Resolved,1
CC-2022-0120,High Court — Chancery Division,JUD-04,2022-03-18,Medium,443245.51,0,False,False,Settled,2022-12-02,259,59607.46,False,Resolved,1
CC-2022-1095,Singapore International Comm.,JUD-09,2022-03-19,Medium,268481.95,0,True,False,Settled,2022-11-29,255,25294.21,False,Resolved,1
CC-2022-1156,High Court — KBD (TCC),JUD-05,2022-03-19,High,1174063.19,8,False,False,,,1564,,,Ongoing,0
CC-2022-0265,US District Court — S.D.N.Y.,JUD-06,2022-03-19,Medium,1439880.85,1,False,False,Settled,2023-03-10,356,396968.86,False,Resolved,1
CC-2022-1032,US District Court — S.D.N.Y.,JUD-07,2022-03-19,High,116692.24,3,True,True,Dismissed,2023-10-27,587,0.0,False,Resolved,1
CC-2022-0029,Dubai International Fin. Centre,JUD-10,2022-03-19,Low,908593.36,3,False,False,Settled,2022-12-01,257,513503.83,False,Resolved,1
CC-2022-0254,US District Court — N.D. Cal.,JUD-08,2022-03-19,High,641279.06,3,True,False,Dismissed,2024-01-29,681,0.0,False,Resolved,1
CC-2022-0256,US District Court — N.D. Cal.,JUD-08,2022-03-20,High,461368.19,4,True,False,Settled,2024-09-17,912,245042.73,True,Resolved,1
CC-2022-0886,High Court — KBD (TCC),JUD-05,2022-03-20,High,1333865.04,5,True,False,Settled,2024-07-05,838,92804.8,False,Resolved,1
CC-2022-1246,High Court — Chancery Division,JUD-03,2022-03-20,Low,274556.84,2,True,False,Settled,2023-01-14,300,215630.93,False,Resolved,1
CC-2022-0321,US District Court — S.D.N.Y.,JUD-06,2022-03-20,Low,1674556.53,4,True,False,Settled,2023-05-03,409,122735.92,False,Resolved,1
CC-2022-0003,Singapore International Comm.,JUD-09,2022-03-20,Medium,425563.2,2,False,False,Dismissed,2023-01-18,304,0.0,False,Resolved,1
CC-2022-0454,Dubai International Fin. Centre,JUD-10,2022-03-21,Low,427802.74,0,False,False,Settled,2023-01-18,303,80188.94,False,Resolved,1
CC-2022-1183,US District Court — N.D. Cal.,JUD-08,2022-03-21,High,1257321.51,1,False,False,Settled,2024-06-22,824,504299.17,False,Resolved,1
CC-2022-0112,US District Court — S.D.N.Y.,JUD-07,2022-03-21,Medium,128352.56,1,True,False,Settled,2022-09-29,192,73076.37,False,Resolved,1
CC-2022-1022,London Commercial Court,JUD-02,2022-03-21,Low,1619938.98,2,True,False,Dismissed,2023-10-06,564,0.0,False,Resolved,1
CC-2022-0021,US District Court — N.D. Cal.,JUD-08,2022-03-22,Medium,267710.72,1,False,False,Dismissed,2022-08-27,158,0.0,False,Resolved,1
CC-2022-0963,High Court — Chancery Division,JUD-04,2022-03-22,High,593338.66,3,False,False,Settled,2024-02-25,705,53783.34,False,Resolved,1
CC-2022-0363,US District Court — S.D.N.Y.,JUD-06,2022-03-22,Medium,442334.83,1,False,False,Dismissed,2024-03-10,719,0.0,False,Resolved,1
CC-2022-0745,Singapore International Comm.,JUD-09,2022-03-23,High,486429.02,6,False,False,Settled,2024-01-24,672,149491.06,False,Resolved,1
CC-2022-0323,High Court — KBD (TCC),JUD-05,2022-03-24,High,248175.24,4,False,False,Settled,2024-02-05,683,95323.29,False,Resolved,1
CC-2022-0856,US District Court — S.D.N.Y.,JUD-07,2022-03-24,High,67303.71,2,True,True,Settled,2023-02-24,337,21208.42,False,Resolved,1
CC-2022-0862,London Commercial Court,JUD-01,2022-03-24,Low,899424.66,0,False,False,Settled,2023-01-01,283,352416.46,True,Resolved,1
CC-2022-0157,London Commercial Court,JUD-01,2022-03-24,High,369090.75,3,False,False,Dismissed,2023-11-02,588,0.0,False,Resolved,1
CC-2022-0273,Singapore International Comm.,JUD-09,2022-03-24,Medium,1925838.68,1,False,False,Settled,2023-09-14,539,1136228.2,False,Resolved,1
CC-2022-1084,US District Court — S.D.N.Y.,JUD-06,2022-03-24,Low,664546.56,2,True,True,Dismissed,2022-08-30,159,0.0,False,Resolved,1
CC-2022-1129,London Commercial Court,JUD-02,2022-03-25,Medium,454725.11,2,False,False,Dismissed,2022-11-05,225,0.0,False,Resolved,1
CC-2022-1258,High Court — Chancery Division,JUD-04,2022-03-26,Medium,161440.43,0,False,False,Settled,2024-05-13,779,29491.29,False,Resolved,1
CC-2022-0812,US District Court — N.D. Cal.,JUD-08,2022-03-26,Medium,1383866.27,0,True,True,Dismissed,2022-12-01,250,0.0,False,Resolved,1
CC-2022-0182,Singapore International Comm.,JUD-09,2022-03-26,Low,194149.48,1,False,False,Settled,2022-09-07,165,83704.17,False,Resolved,1
CC-2022-1074,US District Court — S.D.N.Y.,JUD-06,2022-03-26,Low,633853.46,0,False,False,Settled,2022-10-04,192,121230.49,False,Resolved,1
CC-2022-0472,High Court — KBD (TCC),JUD-05,2022-03-27,Medium,132159.31,2,True,True,Dismissed,2022-12-27,275,0.0,False,Resolved,1
CC-2022-0799,US District Court — S.D.N.Y.,JUD-06,2022-03-27,Low,366808.71,3,False,False,Settled,2022-08-02,128,231075.33,False,Resolved,1
CC-2022-0588,Singapore International Comm.,JUD-09,2022-03-27,Medium,210468.71,0,False,False,Dismissed,2022-12-26,274,0.0,False,Resolved,1
CC-2022-0846,US District Court — N.D. Cal.,JUD-08,2022-03-27,Medium,1961122.88,2,True,False,Settled,2024-01-17,661,797469.23,False,Resolved,1
CC-2022-0471,US District Court — N.D. Cal.,JUD-08,2022-03-27,Medium,683994.07,4,True,False,Dismissed,2023-01-12,291,0.0,False,Resolved,1
CC-2022-1120,US District Court — S.D.N.Y.,JUD-07,2022-03-27,Low,227878.98,1,True,True,Dismissed,2022-09-30,187,0.0,False,Resolved,1
CC-2022-0953,High Court — Chancery Division,JUD-04,2022-03-28,Medium,1536879.11,6,True,False,Settled,2025-03-11,1079,245207.23,False,Resolved,1
CC-2022-0342,Singapore International Comm.,JUD-09,2022-03-28,Low,122006.92,1,False,False,Settled,2022-09-07,163,46275.95,False,Resolved,1
CC-2022-0028,London Commercial Court,JUD-01,2022-03-28,Medium,387953.24,1,False,False,Dismissed,2022-12-12,259,0.0,False,Resolved,1
CC-2022-0551,US District Court — S.D.N.Y.,JUD-07,2022-03-29,Low,583263.68,2,False,False,Dismissed,2022-10-10,195,0.0,False,Resolved,1
CC-2022-0248,US District Court — S.D.N.Y.,JUD-07,2022-03-29,Low,142458.13,1,True,False,Settled,2022-12-12,258,47585.99,False,Resolved,1
CC-2022-0732,London Commercial Court,JUD-02,2022-03-29,Medium,3019137.15,5,True,False,Settled,2025-01-03,1011,1992304.23,False,Resolved,1
CC-2022-0368,High Court — Chancery Division,JUD-04,2022-03-30,Low,2026633.02,2,True,False,Settled,2023-06-23,450,775844.87,False,Resolved,1
CC-2022-0728,US District Court — S.D.N.Y.,JUD-07,2022-03-30,Medium,774561.87,2,False,False,Settled,2024-01-16,657,115134.33,True,Resolved,1
CC-2022-1075,Singapore International Comm.,JUD-09,2022-03-30,High,1211430.16,1,False,False,Settled,2024-01-10,651,412032.49,False,Resolved,1
CC-2022-0255,High Court — Chancery Division,JUD-03,2022-03-30,Medium,393593.95,4,True,False,Settled,2024-03-12,713,159136.83,False,Resolved,1
CC-2022-1155,London Commercial Court,JUD-02,2022-03-31,Medium,1320220.69,1,False,False,Settled,2023-07-21,477,556933.8,True,Resolved,1
CC-2022-0880,London Commercial Court,JUD-01,2022-03-31,Low,230853.37,1,True,True,Dismissed,2022-09-18,171,0.0,False,Resolved,1
CC-2022-1160,London Commercial Court,JUD-01,2022-03-31,Medium,2908528.84,5,True,True,Settled,2023-08-29,516,348323.16,False,Resolved,1
CC-2022-1015,London Commercial Court,JUD-01,2022-04-01,Low,230160.7,0,False,False,Settled,2023-01-10,284,113765.58,False,Resolved,1
CC-2022-0704,London Commercial Court,JUD-01,2022-04-01,High,939052.95,3,False,False,Dismissed,2023-07-09,464,0.0,False,Resolved,1
CC-2022-0449,London Commercial Court,JUD-01,2022-04-01,High,278881.5,6,False,False,Settled,2023-06-07,432,98366.83,False,Resolved,1
CC-2022-0746,US District Court — S.D.N.Y.,JUD-07,2022-04-01,Medium,112210.31,1,True,False,Dismissed,2023-03-01,334,0.0,False,Resolved,1
CC-2022-0807,Singapore International Comm.,JUD-09,2022-04-01,Medium,215395.38,3,False,False,Settled,2023-05-31,425,46390.07,False,Resolved,1
CC-2022-0952,London Commercial Court,JUD-02,2022-04-01,Low,2746492.71,1,False,False,Trial Judgment,2023-02-06,311,742901.73,False,Resolved,1
CC-2022-0786,US District Court — S.D.N.Y.,JUD-07,2022-04-01,Low,796105.88,2,True,True,Dismissed,2022-10-19,201,0.0,False,Resolved,1
CC-2022-0501,High Court — KBD (TCC),JUD-05,2022-04-02,Low,1755699.3,0,True,False,Settled,2023-06-09,433,1004778.59,True,Resolved,1
CC-2022-1085,London Commercial Court,JUD-02,2022-04-02,Low,888693.65,1,True,True,Dismissed,2022-08-18,138,0.0,False,Resolved,1
CC-2022-0364,High Court — Chancery Division,JUD-03,2022-04-02,Medium,94039.72,3,False,False,Settled,2023-10-02,548,32399.96,False,Resolved,1
CC-2022-0669,US District Court — S.D.N.Y.,JUD-07,2022-04-05,Low,457824.83,1,True,False,Dismissed,2023-03-02,331,0.0,False,Resolved,1
CC-2022-0822,High Court — Chancery Division,JUD-04,2022-04-05,Medium,515311.15,3,True,False,Dismissed,2023-07-30,481,0.0,False,Resolved,1
CC-2022-1136,High Court — Chancery Division,JUD-03,2022-04-05,Medium,557632.51,0,False,False,Settled,2024-12-13,983,244217.88,True,Resolved,1
CC-2022-0167,US District Court — N.D. Cal.,JUD-08,2022-04-05,Low,1658018.51,0,True,False,Dismissed,2022-10-06,184,0.0,False,Resolved,1
CC-2022-0809,Singapore International Comm.,JUD-09,2022-04-06,Low,1280361.48,2,True,False,Settled,2023-02-22,322,547484.93,False,Resolved,1
CC-2022-0977,High Court — Chancery Division,JUD-04,2022-04-06,Low,413306.38,1,True,True,Settled,2023-01-12,281,326495.18,False,Resolved,1
CC-2022-0606,High Court — Chancery Division,JUD-03,2022-04-06,High,2133455.17,6,False,False,Settled,2025-07-23,1204,1434105.59,False,Resolved,1
CC-2022-1251,London Commercial Court,JUD-01,2022-04-07,High,297937.67,5,False,False,Settled,2024-08-04,850,186301.53,False,Resolved,1
CC-2022-0369,US District Court — N.D. Cal.,JUD-08,2022-04-07,High,460746.4,4,True,False,Settled,2024-04-28,752,326053.78,False,Resolved,1
CC-2022-0943,Singapore International Comm.,JUD-09,2022-04-08,Low,186166.84,0,False,False,Dismissed,2022-10-05,180,0.0,False,Resolved,1
CC-2022-0059,High Court — KBD (TCC),JUD-05,2022-04-09,Low,1450311.0,0,False,False,Settled,2022-12-13,248,445017.85,False,Resolved,1
CC-2022-0773,London Commercial Court,JUD-01,2022-04-09,Low,288431.07,0,True,False,Dismissed,2023-02-03,300,0.0,False,Resolved,1
CC-2022-0585,High Court — Chancery Division,JUD-03,2022-04-10,Low,1582513.9,0,False,False,Settled,2023-01-19,284,639201.81,False,Resolved,1
CC-2022-0128,London Commercial Court,JUD-01,2022-04-10,Low,447057.38,3,True,False,Settled,2023-11-16,585,313012.2,False,Resolved,1
CC-2022-1080,Singapore International Comm.,JUD-09,2022-04-10,Medium,324360.13,5,True,False,Settled,2023-07-24,470,143716.5,False,Resolved,1
CC-2022-0139,US District Court — N.D. Cal.,JUD-08,2022-04-10,Medium,1604565.92,1,False,False,Settled,2024-02-20,681,425027.99,False,Resolved,1
CC-2022-0045,Dubai International Fin. Centre,JUD-10,2022-04-10,Low,288966.12,3,True,True,Dismissed,2022-12-05,239,0.0,False,Resolved,1
CC-2022-0609,US District Court — N.D. Cal.,JUD-08,2022-04-11,High,1736142.9,3,False,False,Settled,2023-12-23,621,444448.58,False,Resolved,1
CC-2022-0136,US District Court — S.D.N.Y.,JUD-06,2022-04-12,Low,241920.16,1,False,False,Settled,2023-01-04,267,134983.87,False,Resolved,1
CC-2022-0794,US District Court — S.D.N.Y.,JUD-07,2022-04-12,Medium,203890.71,1,False,False,Dismissed,2023-05-06,389,0.0,False,Resolved,1
CC-2022-0264,London Commercial Court,JUD-02,2022-04-12,Low,883699.16,0,True,False,Dismissed,2022-10-23,194,0.0,False,Resolved,1
CC-2022-0749,London Commercial Court,JUD-01,2022-04-12,Low,770440.89,0,True,True,Dismissed,2022-09-22,163,0.0,False,Resolved,1
CC-2022-0545,London Commercial Court,JUD-01,2022-04-12,Low,684631.67,1,False,False,Dismissed,2022-09-25,166,0.0,False,Resolved,1
CC-2022-0604,London Commercial Court,JUD-01,2022-04-12,Low,1198185.17,1,False,False,Dismissed,2022-11-26,228,0.0,False,Resolved,1
CC-2022-0301,High Court — Chancery Division,JUD-03,2022-04-13,Medium,1397524.15,1,False,False,Settled,2024-01-18,645,768103.59,False,Resolved,1
CC-2022-0366,High Court — KBD (TCC),JUD-05,2022-04-13,Low,792576.5,1,True,True,Dismissed,2022-09-06,146,0.0,False,Resolved,1
CC-2022-0338,High Court — Chancery Division,JUD-04,2022-04-13,Low,275051.94,0,False,False,Settled,2023-01-06,268,214867.59,False,Resolved,1
CC-2022-1266,London Commercial Court,JUD-01,2022-04-14,Low,223678.3,1,False,False,Settled,2022-11-27,227,49788.3,False,Resolved,1
CC-2022-1020,Dubai International Fin. Centre,JUD-10,2022-04-14,Medium,859021.68,0,False,False,Settled,2024-09-07,877,258909.95,False,Resolved,1
CC-2022-0905,Singapore International Comm.,JUD-09,2022-04-14,Medium,366391.95,2,True,False,Settled,2023-05-26,407,176660.06,False,Resolved,1
CC-2022-1202,High Court — KBD (TCC),JUD-05,2022-04-14,Low,163023.76,0,True,False,Dismissed,2023-04-22,373,0.0,False,Resolved,1
CC-2022-0939,Dubai International Fin. Centre,JUD-10,2022-04-15,Low,56151.47,0,False,False,Settled,2022-09-15,153,21071.51,False,Resolved,1
CC-2022-0309,Dubai International Fin. Centre,JUD-10,2022-04-15,Medium,233974.67,3,True,False,Settled,2022-12-16,245,53174.52,False,Resolved,1
CC-2022-0170,London Commercial Court,JUD-01,2022-04-16,Low,2565989.38,3,True,True,Settled,2023-02-09,299,74789.75,False,Resolved,1
CC-2022-0662,High Court — Chancery Division,JUD-03,2022-04-16,Medium,1973492.7,3,False,False,Settled,2024-04-24,739,820875.9,False,Resolved,1
CC-2022-0455,High Court — KBD (TCC),JUD-05,2022-04-16,High,2125251.03,4,False,False,Dismissed,2024-10-06,904,0.0,False,Resolved,1
CC-2022-1064,High Court — KBD (TCC),JUD-05,2022-04-16,Medium,179012.29,3,False,False,Settled,2024-06-18,794,58396.74,True,Resolved,1
CC-2022-0293,London Commercial Court,JUD-02,2022-04-17,Medium,728568.26,4,True,True,Dismissed,2022-12-29,256,0.0,False,Resolved,1
CC-2022-0785,Dubai International Fin. Centre,JUD-10,2022-04-17,Low,1020267.81,1,True,False,Settled,2022-12-25,252,154169.93,False,Resolved,1
CC-2022-0476,Singapore International Comm.,JUD-09,2022-04-18,Medium,167266.01,2,False,False,Settled,2023-10-16,546,86603.45,False,Resolved,1
CC-2022-1245,London Commercial Court,JUD-01,2022-04-18,High,200464.8,2,True,False,Settled,2024-08-10,845,92807.77,True,Resolved,1
CC-2022-0238,High Court — Chancery Division,JUD-03,2022-04-19,Medium,881079.88,3,False,False,Trial Judgment,2024-09-28,893,0.0,False,Resolved,1
CC-2022-0520,High Court — Chancery Division,JUD-04,2022-04-19,Low,308110.4,0,False,False,Settled,2022-11-05,200,151467.98,False,Resolved,1
CC-2022-0374,High Court — Chancery Division,JUD-03,2022-04-19,Low,302107.77,1,False,False,Settled,2023-07-05,442,56431.43,False,Resolved,1
CC-2022-1059,Singapore International Comm.,JUD-09,2022-04-20,Low,1022962.71,1,True,False,Dismissed,2022-11-22,216,0.0,False,Resolved,1
CC-2022-0249,High Court — Chancery Division,JUD-03,2022-04-20,Medium,1477676.41,2,False,False,Dismissed,2023-07-19,455,0.0,False,Resolved,1
CC-2022-0987,High Court — KBD (TCC),JUD-05,2022-04-20,Medium,299410.41,1,False,False,Settled,2023-01-11,266,11281.77,False,Resolved,1
CC-2022-0024,London Commercial Court,JUD-02,2022-04-21,High,697070.08,2,True,False,Settled,2024-09-19,882,270989.57,False,Resolved,1
CC-2022-0936,Singapore International Comm.,JUD-09,2022-04-22,High,1041820.73,5,False,False,Settled,2024-04-18,727,510916.06,False,Resolved,1
CC-2022-0007,High Court — Chancery Division,JUD-03,2022-04-22,Medium,170833.16,4,False,False,Trial Judgment,2024-12-04,957,0.0,False,Resolved,1
CC-2022-0872,US District Court — S.D.N.Y.,JUD-06,2022-04-22,Medium,203747.99,4,False,False,Settled,2023-08-12,477,133096.12,False,Resolved,1
CC-2022-0080,US District Court — N.D. Cal.,JUD-08,2022-04-22,Low,332821.78,2,True,True,Dismissed,2022-09-08,139,0.0,False,Resolved,1
CC-2022-0315,London Commercial Court,JUD-01,2022-04-23,Low,280776.55,0,False,False,Dismissed,2022-10-11,171,0.0,False,Resolved,1
CC-2022-1025,London Commercial Court,JUD-01,2022-04-23,Medium,1195880.18,4,False,False,Settled,2025-03-25,1067,241592.38,False,Resolved,1
CC-2022-0688,High Court — Chancery Division,JUD-03,2022-04-23,Low,1653092.68,5,True,False,Settled,2023-08-13,477,827451.63,False,Resolved,1
CC-2022-0729,London Commercial Court,JUD-01,2022-04-23,Medium,887560.32,3,False,False,Dismissed,2024-03-29,706,0.0,False,Resolved,1
CC-2022-0448,High Court — KBD (TCC),JUD-05,2022-04-24,Medium,667140.18,2,False,False,Settled,2024-04-19,726,446910.59,False,Resolved,1
CC-2022-0755,London Commercial Court,JUD-01,2022-04-25,Medium,668227.43,3,True,True,Dismissed,2022-11-05,194,0.0,False,Resolved,1
CC-2022-0665,US District Court — N.D. Cal.,JUD-08,2022-04-25,Low,4316583.06,0,False,False,Trial Judgment,2024-05-17,753,1556120.04,False,Resolved,1
CC-2022-0734,US District Court — N.D. Cal.,JUD-08,2022-04-25,High,1481850.79,2,True,False,Settled,2024-08-18,846,510871.59,False,Resolved,1
CC-2022-0253,High Court — Chancery Division,JUD-03,2022-04-25,Low,522669.57,1,False,False,Dismissed,2022-12-15,234,0.0,False,Resolved,1
CC-2022-0895,US District Court — N.D. Cal.,JUD-08,2022-04-26,Low,481194.93,2,False,False,Settled,2023-04-25,364,348871.39,False,Resolved,1
CC-2022-0213,High Court — Chancery Division,JUD-04,2022-04-26,Medium,549628.27,2,True,True,Dismissed,2023-03-12,320,0.0,False,Resolved,1
CC-2022-0062,Singapore International Comm.,JUD-09,2022-04-26,Medium,1193248.73,4,False,False,Dismissed,2023-03-22,330,0.0,False,Resolved,1
CC-2022-0487,High Court — KBD (TCC),JUD-05,2022-04-26,Low,126224.27,1,False,False,Settled,2023-03-17,325,76335.6,False,Resolved,1
CC-2022-0632,High Court — Chancery Division,JUD-03,2022-04-26,Medium,211360.85,6,False,False,Dismissed,2023-12-18,601,0.0,False,Resolved,1
CC-2022-0851,High Court — KBD (TCC),JUD-05,2022-04-27,Low,232203.55,0,False,False,Settled,2023-03-20,327,86003.29,False,Resolved,1
CC-2022-0110,US District Court — S.D.N.Y.,JUD-07,2022-04-27,Medium,1713680.03,2,True,False,Settled,2023-02-09,288,624297.79,False,Resolved,1
CC-2022-1211,High Court — Chancery Division,JUD-03,2022-04-27,Medium,806763.4,5,True,True,Dismissed,2025-01-27,1006,0.0,False,Resolved,1
CC-2022-0504,London Commercial Court,JUD-02,2022-04-28,Medium,513253.5,1,False,False,Dismissed,2023-01-05,252,0.0,False,Resolved,1
CC-2022-0234,Dubai International Fin. Centre,JUD-10,2022-04-28,Medium,732971.72,5,True,False,Settled,2023-10-06,526,112766.54,False,Resolved,1
CC-2022-0854,US District Court — S.D.N.Y.,JUD-07,2022-04-28,High,216072.0,1,True,False,Settled,2024-09-18,874,116992.64,False,Resolved,1
CC-2022-0339,High Court — Chancery Division,JUD-03,2022-04-29,High,340644.21,3,False,False,Settled,2024-02-03,645,198117.98,False,Resolved,1
CC-2022-0065,High Court — KBD (TCC),JUD-05,2022-04-29,Low,879502.85,1,True,False,Settled,2023-01-01,247,402681.43,False,Resolved,1
CC-2022-0002,High Court — Chancery Division,JUD-03,2022-04-30,Low,350714.2,1,False,False,Settled,2023-01-28,273,157566.92,False,Resolved,1
CC-2022-0535,High Court — Chancery Division,JUD-03,2022-04-30,Low,646842.52,1,True,True,Dismissed,2022-09-29,152,0.0,False,Resolved,1
CC-2022-1105,High Court — Chancery Division,JUD-03,2022-04-30,Low,808527.69,1,True,False,Dismissed,2022-10-30,183,0.0,False,Resolved,1
CC-2022-0536,High Court — Chancery Division,JUD-04,2022-04-30,High,222214.8,2,False,False,Dismissed,2023-09-15,503,0.0,False,Resolved,1
CC-2022-0537,US District Court — S.D.N.Y.,JUD-06,2022-05-01,Low,368665.8,0,False,False,Settled,2022-12-12,225,35556.53,False,Resolved,1
CC-2022-0252,High Court — Chancery Division,JUD-03,2022-05-01,High,81844.04,2,False,False,Dismissed,2023-05-09,373,0.0,False,Resolved,1
CC-2022-0153,High Court — Chancery Division,JUD-04,2022-05-01,Low,204956.83,1,True,False,Settled,2023-02-09,284,36515.06,False,Resolved,1
CC-2022-0221,London Commercial Court,JUD-02,2022-05-02,Medium,1503140.47,3,False,False,Settled,2023-06-19,413,447304.87,False,Resolved,1
CC-2022-1116,Singapore International Comm.,JUD-09,2022-05-02,Low,733058.69,1,False,False,Settled,2022-12-06,218,150072.24,False,Resolved,1
CC-2022-0313,High Court — KBD (TCC),JUD-05,2022-05-02,Low,1201797.88,1,False,False,Settled,2023-01-29,272,232186.23,False,Resolved,1
CC-2022-0532,London Commercial Court,JUD-02,2022-05-02,Medium,1510141.64,2,False,False,Settled,2024-09-22,874,953797.7,False,Resolved,1
CC-2022-0496,US District Court — N.D. Cal.,JUD-08,2022-05-03,Medium,981574.47,3,True,False,Settled,2023-03-31,332,31289.34,False,Resolved,1
CC-2022-0267,London Commercial Court,JUD-02,2022-05-03,Medium,230519.97,2,False,False,Settled,2023-06-28,421,91839.36,False,Resolved,1
CC-2022-1175,US District Court — S.D.N.Y.,JUD-07,2022-05-03,Low,273442.58,1,False,False,Settled,2023-08-17,471,43217.79,False,Resolved,1
CC-2022-0959,US District Court — S.D.N.Y.,JUD-06,2022-05-04,Low,116019.15,1,False,False,Dismissed,2022-08-30,118,0.0,False,Resolved,1
CC-2022-1126,High Court — KBD (TCC),JUD-05,2022-05-04,Medium,289895.03,1,False,False,Dismissed,2023-11-12,557,0.0,False,Resolved,1
CC-2022-0379,London Commercial Court,JUD-02,2022-05-05,High,992281.47,2,False,False,Settled,2024-03-12,677,262021.08,False,Resolved,1
CC-2022-0317,London Commercial Court,JUD-01,2022-05-05,Medium,209912.44,2,False,False,Settled,2023-05-29,389,132456.52,False,Resolved,1
CC-2022-0281,Singapore International Comm.,JUD-09,2022-05-06,Low,2728764.44,3,True,False,Settled,2023-08-10,461,2285573.04,False,Resolved,1
CC-2022-0355,High Court — Chancery Division,JUD-04,2022-05-06,Medium,1285727.48,5,True,False,,,1516,,,Ongoing,0
CC-2022-0421,Dubai International Fin. Centre,JUD-10,2022-05-08,Medium,254924.5,2,False,False,Settled,2023-08-06,455,57510.34,False,Resolved,1
CC-2022-0111,US District Court — N.D. Cal.,JUD-08,2022-05-08,Medium,464952.85,2,False,False,Settled,2023-09-18,498,190487.59,False,Resolved,1
CC-2022-0747,High Court — Chancery Division,JUD-03,2022-05-08,Low,371049.36,2,False,False,Settled,2023-02-10,278,95822.07,False,Resolved,1
CC-2022-0178,High Court — Chancery Division,JUD-03,2022-05-09,High,216366.15,2,False,False,Settled,2023-06-16,403,28697.69,False,Resolved,1
CC-2022-0177,London Commercial Court,JUD-02,2022-05-10,Medium,286254.58,2,False,False,Dismissed,2023-12-10,579,0.0,False,Resolved,1
CC-2022-1168,London Commercial Court,JUD-01,2022-05-10,Medium,204528.57,4,True,False,Dismissed,2023-10-21,529,0.0,False,Resolved,1
CC-2022-0400,London Commercial Court,JUD-02,2022-05-10,Medium,388208.57,1,False,False,Settled,2023-10-29,537,33039.8,False,Resolved,1
CC-2022-0270,London Commercial Court,JUD-02,2022-05-11,High,1198263.38,3,True,False,Settled,2025-05-20,1105,376629.0,False,Resolved,1
CC-2022-0550,High Court — Chancery Division,JUD-04,2022-05-11,Low,1892266.26,1,False,False,Settled,2023-05-04,358,212690.99,False,Resolved,1
CC-2022-0054,US District Court — S.D.N.Y.,JUD-07,2022-05-11,Low,484025.61,0,False,False,Settled,2022-10-12,154,201139.19,False,Resolved,1
CC-2022-0852,Singapore International Comm.,JUD-09,2022-05-11,Medium,999678.64,6,True,False,Settled,2023-12-29,597,650993.31,True,Resolved,1
CC-2022-1238,US District Court — S.D.N.Y.,JUD-07,2022-05-12,Low,662776.79,1,True,False,Settled,2023-04-29,352,122365.5,False,Resolved,1
CC-2022-0173,High Court — Chancery Division,JUD-04,2022-05-12,Low,781727.35,1,True,False,Settled,2023-02-08,272,290764.9,False,Resolved,1
CC-2022-0637,London Commercial Court,JUD-01,2022-05-12,Medium,59883.17,3,False,False,Settled,2023-02-03,267,15911.65,False,Resolved,1
CC-2022-0695,High Court — Chancery Division,JUD-03,2022-05-12,Medium,1628278.44,4,True,False,Settled,2024-04-02,691,380795.14,False,Resolved,1
CC-2022-1203,US District Court — S.D.N.Y.,JUD-06,2022-05-13,Low,277702.05,0,True,True,Dismissed,2022-08-04,83,0.0,False,Resolved,1
CC-2022-0926,US District Court — N.D. Cal.,JUD-08,2022-05-13,High,241735.27,7,False,False,Settled,2025-08-11,1186,66460.79,False,Resolved,1
CC-2022-1176,High Court — Chancery Division,JUD-04,2022-05-13,Medium,420213.44,2,False,False,Settled,2023-05-24,376,31137.0,False,Resolved,1
CC-2022-0960,London Commercial Court,JUD-02,2022-05-14,Low,723362.11,2,True,False,Settled,2023-07-30,442,42139.26,False,Resolved,1
CC-2022-0485,High Court — KBD (TCC),JUD-05,2022-05-15,Medium,249674.71,0,False,False,Settled,2023-06-07,388,135035.85,False,Resolved,1
CC-2022-0060,London Commercial Court,JUD-02,2022-05-15,Low,191493.49,1,True,True,Dismissed,2022-09-02,110,0.0,False,Resolved,1
CC-2022-1247,Singapore International Comm.,JUD-09,2022-05-15,Medium,487559.36,2,True,False,Settled,2023-03-09,298,343087.44,False,Resolved,1
CC-2022-0889,High Court — KBD (TCC),JUD-05,2022-05-15,High,255157.65,5,True,False,Settled,2025-01-05,966,22023.73,False,Resolved,1
CC-2022-0423,High Court — KBD (TCC),JUD-05,2022-05-16,Low,1216076.61,0,True,False,Settled,2023-06-09,389,419624.71,False,Resolved,1
CC-2022-1180,US District Court — N.D. Cal.,JUD-08,2022-05-16,High,359646.46,3,False,False,Settled,2024-06-02,748,266804.48,False,Resolved,1
CC-2022-0459,High Court — KBD (TCC),JUD-05,2022-05-17,High,381148.85,6,False,False,,,1505,,,Ongoing,0
CC-2022-0549,High Court — Chancery Division,JUD-03,2022-05-18,Low,2210394.11,4,True,True,Dismissed,2023-03-15,301,0.0,False,Resolved,1
CC-2022-0590,US District Court — S.D.N.Y.,JUD-07,2022-05-18,Medium,388313.17,3,False,False,Settled,2024-08-21,826,229031.24,True,Resolved,1
CC-2022-0871,Singapore International Comm.,JUD-09,2022-05-19,Medium,631021.1,3,False,False,Dismissed,2022-10-08,142,0.0,False,Resolved,1
CC-2022-0020,London Commercial Court,JUD-01,2022-05-19,Medium,199143.83,4,False,False,Settled,2024-03-04,655,85170.19,False,Resolved,1
CC-2022-0619,London Commercial Court,JUD-01,2022-05-19,High,388501.1,2,False,False,Settled,2024-01-27,618,237301.84,False,Resolved,1
CC-2022-0116,London Commercial Court,JUD-01,2022-05-19,Medium,270442.52,3,True,False,Trial Judgment,2026-01-31,1353,131281.25,False,Resolved,1
CC-2022-0462,US District Court — S.D.N.Y.,JUD-07,2022-05-19,Low,263307.16,2,False,False,Settled,2022-10-27,161,150882.58,False,Resolved,1
CC-2022-1042,US District Court — S.D.N.Y.,JUD-07,2022-05-20,High,134757.4,4,False,False,Settled,2023-06-04,380,33719.1,False,Resolved,1
CC-2022-1157,Dubai International Fin. Centre,JUD-10,2022-05-20,Medium,2481698.95,1,True,False,Settled,2023-05-20,365,366596.39,False,Resolved,1
CC-2022-0113,High Court — KBD (TCC),JUD-05,2022-05-20,Low,712296.02,1,False,False,Dismissed,2022-11-12,176,0.0,False,Resolved,1
CC-2022-1209,US District Court — S.D.N.Y.,JUD-07,2022-05-20,Medium,944019.55,5,True,True,Dismissed,2023-05-27,372,0.0,False,Resolved,1
CC-2022-0995,US District Court — N.D. Cal.,JUD-08,2022-05-21,Medium,504090.26,2,False,False,Settled,2023-12-13,571,53329.58,True,Resolved,1
CC-2022-1066,US District Court — S.D.N.Y.,JUD-07,2022-05-21,High,667124.98,5,True,False,Settled,2024-04-21,701,227983.54,False,Resolved,1
CC-2022-0781,US District Court — S.D.N.Y.,JUD-07,2022-05-21,Low,315971.56,2,False,False,Settled,2023-04-21,335,141771.56,True,Resolved,1
CC-2022-0378,US District Court — S.D.N.Y.,JUD-06,2022-05-21,Medium,1796758.63,2,True,False,Dismissed,2023-01-15,239,0.0,False,Resolved,1
CC-2022-0622,US District Court — S.D.N.Y.,JUD-06,2022-05-21,Low,71899.92,1,False,False,Settled,2022-10-02,134,32583.68,False,Resolved,1
CC-2022-1154,US District Court — S.D.N.Y.,JUD-07,2022-05-21,Low,992519.56,0,True,True,Dismissed,2023-01-13,237,0.0,False,Resolved,1
CC-2022-0731,High Court — Chancery Division,JUD-04,2022-05-22,High,394508.73,7,True,False,Settled,2026-01-09,1328,200716.3,False,Resolved,1
CC-2022-1108,London Commercial Court,JUD-01,2022-05-22,Low,4593342.46,1,True,True,Dismissed,2023-06-04,378,0.0,False,Resolved,1
CC-2022-0477,Dubai International Fin. Centre,JUD-10,2022-05-22,Medium,971884.33,7,False,False,Settled,2024-08-04,805,191215.43,False,Resolved,1
CC-2022-0950,High Court — Chancery Division,JUD-03,2022-05-22,Low,122683.0,0,True,True,Dismissed,2023-03-08,290,0.0,False,Resolved,1
CC-2022-1070,High Court — Chancery Division,JUD-03,2022-05-22,Low,53244.34,1,False,False,Settled,2023-02-16,270,18533.73,False,Resolved,1
CC-2022-1123,London Commercial Court,JUD-01,2022-05-23,Low,148945.41,0,False,False,Settled,2023-05-02,344,45945.45,False,Resolved,1
CC-2022-0565,High Court — Chancery Division,JUD-04,2022-05-23,Medium,392094.53,1,True,True,Dismissed,2023-02-03,256,0.0,False,Resolved,1
CC-2022-0820,High Court — KBD (TCC),JUD-05,2022-05-23,High,502891.2,3,True,False,Settled,2026-03-19,1396,141605.52,True,Resolved,1
CC-2022-0222,High Court — Chancery Division,JUD-04,2022-05-24,High,1493210.21,3,False,False,Settled,2025-04-26,1068,217016.56,False,Resolved,1
CC-2022-0913,Dubai International Fin. Centre,JUD-10,2022-05-24,Medium,1698293.04,5,False,False,Settled,2024-01-25,611,982071.34,False,Resolved,1
CC-2022-0727,US District Court — S.D.N.Y.,JUD-06,2022-05-24,Low,3143935.1,2,False,False,Settled,2024-10-09,869,1589375.78,True,Resolved,1
CC-2022-0081,High Court — KBD (TCC),JUD-05,2022-05-24,Low,1969371.66,3,True,False,Settled,2024-01-04,590,1008433.42,False,Resolved,1
CC-2022-0976,US District Court — S.D.N.Y.,JUD-06,2022-05-25,High,506705.78,4,False,False,Settled,2023-10-01,494,150577.8,False,Resolved,1
CC-2022-1110,London Commercial Court,JUD-02,2022-05-26,Low,120993.8,0,True,False,Dismissed,2023-01-11,230,0.0,False,Resolved,1
CC-2022-0625,High Court — Chancery Division,JUD-04,2022-05-26,High,559170.2,3,False,False,Settled,2024-09-23,851,176507.66,False,Resolved,1
CC-2022-1172,US District Court — N.D. Cal.,JUD-08,2022-05-26,Low,1096969.64,4,True,False,Settled,2023-08-05,436,674965.39,False,Resolved,1
CC-2022-0473,High Court — Chancery Division,JUD-03,2022-05-27,Medium,124434.61,0,False,False,Settled,2023-05-27,365,28487.76,False,Resolved,1
CC-2022-0650,High Court — KBD (TCC),JUD-05,2022-05-27,Medium,895561.36,4,True,False,Settled,2024-05-30,734,335092.83,False,Resolved,1
CC-2022-1058,High Court — KBD (TCC),JUD-05,2022-05-28,High,435480.82,2,False,False,Dismissed,2023-10-26,516,0.0,False,Resolved,1
CC-2022-0058,High Court — Chancery Division,JUD-04,2022-05-28,Medium,3800295.4,0,False,False,Settled,2025-03-09,1016,1937505.54,True,Resolved,1
CC-2022-0206,Singapore International Comm.,JUD-09,2022-05-28,Low,98960.88,1,False,False,Settled,2023-03-31,307,52838.42,False,Resolved,1
CC-2022-1055,London Commercial Court,JUD-01,2022-05-28,Low,365625.52,0,False,False,Settled,2023-01-21,238,302930.09,False,Resolved,1
CC-2022-1227,High Court — Chancery Division,JUD-03,2022-05-29,Medium,133404.83,1,False,False,Settled,2023-06-12,379,6027.56,False,Resolved,1
CC-2022-0420,London Commercial Court,JUD-01,2022-05-29,Medium,998529.13,7,True,True,Settled,2024-08-15,809,560339.5,False,Resolved,1
CC-2022-0425,Dubai International Fin. Centre,JUD-10,2022-05-29,Medium,732842.96,1,False,False,Dismissed,2023-06-22,389,0.0,False,Resolved,1
CC-2022-0424,Singapore International Comm.,JUD-09,2022-05-29,Low,954361.06,1,False,False,Settled,2023-06-10,377,213497.65,False,Resolved,1
CC-2022-0711,Dubai International Fin. Centre,JUD-10,2022-05-29,Low,600664.7,0,False,False,Settled,2023-03-20,295,263244.6,False,Resolved,1
CC-2022-1250,High Court — Chancery Division,JUD-03,2022-05-30,Medium,1117215.43,0,False,False,Settled,2024-10-24,878,746958.24,False,Resolved,1
CC-2022-1051,High Court — KBD (TCC),JUD-05,2022-05-31,High,215834.33,2,False,False,,,1491,,,Ongoing,0
CC-2022-1038,Dubai International Fin. Centre,JUD-10,2022-05-31,Medium,229176.09,1,False,False,Dismissed,2023-06-20,385,0.0,False,Resolved,1
CC-2022-0386,High Court — Chancery Division,JUD-03,2022-05-31,Medium,3158509.79,4,True,False,Settled,2024-08-03,795,1227152.07,False,Resolved,1
CC-2022-0160,US District Court — N.D. Cal.,JUD-08,2022-05-31,Medium,138706.44,1,False,False,Dismissed,2023-03-11,284,0.0,False,Resolved,1
CC-2022-0980,High Court — Chancery Division,JUD-03,2022-05-31,Medium,356767.0,1,False,False,Dismissed,2023-03-26,299,0.0,False,Resolved,1
CC-2022-0660,High Court — Chancery Division,JUD-03,2022-05-31,Medium,105472.9,0,True,False,Dismissed,2023-01-11,225,0.0,False,Resolved,1
CC-2022-1081,High Court — KBD (TCC),JUD-05,2022-05-31,Medium,99801.32,1,False,False,Settled,2023-10-23,510,42212.88,False,Resolved,1
CC-2022-0329,London Commercial Court,JUD-02,2022-06-01,Medium,117636.75,1,False,False,Settled,2023-01-22,235,24704.87,False,Resolved,1
CC-2022-0303,US District Court — S.D.N.Y.,JUD-07,2022-06-01,High,1415555.93,5,False,False,Settled,2024-07-07,767,549589.5,False,Resolved,1
CC-2022-0573,US District Court — S.D.N.Y.,JUD-07,2022-06-01,Low,356591.71,1,False,False,Settled,2022-11-22,174,95200.03,False,Resolved,1
CC-2022-0235,High Court — KBD (TCC),JUD-05,2022-06-01,Medium,392554.0,1,False,False,Dismissed,2024-04-01,670,0.0,False,Resolved,1
CC-2022-0514,High Court — KBD (TCC),JUD-05,2022-06-01,Medium,1290993.39,3,False,False,Settled,2025-10-02,1219,274326.25,False,Resolved,1
CC-2022-0414,Singapore International Comm.,JUD-09,2022-06-01,Medium,114785.85,4,False,False,Dismissed,2024-02-16,625,0.0,False,Resolved,1
CC-2022-0324,London Commercial Court,JUD-02,2022-06-02,Medium,456146.63,4,False,False,Settled,2023-08-26,450,250067.95,False,Resolved,1
CC-2022-0703,US District Court — S.D.N.Y.,JUD-06,2022-06-02,Medium,156387.3,1,False,False,Settled,2023-02-11,254,107444.27,False,Resolved,1
CC-2022-0010,US District Court — N.D. Cal.,JUD-08,2022-06-02,Medium,571042.23,2,True,False,Settled,2023-12-04,550,268571.42,False,Resolved,1
CC-2022-0823,Dubai International Fin. Centre,JUD-10,2022-06-03,Medium,684100.03,3,False,False,Settled,2023-11-16,531,599479.96,False,Resolved,1
CC-2022-1008,Dubai International Fin. Centre,JUD-10,2022-06-03,Medium,707285.38,4,False,False,Dismissed,2023-10-10,494,0.0,False,Resolved,1
CC-2022-1269,High Court — KBD (TCC),JUD-05,2022-06-03,Medium,194585.69,2,True,False,Trial Judgment,2025-02-20,993,127690.99,False,Resolved,1
CC-2022-1061,London Commercial Court,JUD-01,2022-06-04,Medium,365188.59,2,False,False,Dismissed,2023-01-31,241,0.0,False,Resolved,1
CC-2022-0030,US District Court — S.D.N.Y.,JUD-06,2022-06-04,Low,863190.33,0,True,True,Dismissed,2022-10-10,128,0.0,False,Resolved,1
CC-2022-0975,London Commercial Court,JUD-01,2022-06-04,Medium,903969.17,2,True,False,Dismissed,2024-05-24,720,0.0,False,Resolved,1
CC-2022-1186,London Commercial Court,JUD-02,2022-06-04,Medium,194664.08,3,False,False,Settled,2023-08-11,433,27413.7,False,Resolved,1
CC-2022-1078,High Court — Chancery Division,JUD-04,2022-06-04,High,529127.73,5,False,False,,,1487,,,Ongoing,0
CC-2022-1056,Singapore International Comm.,JUD-09,2022-06-04,Medium,145083.12,1,False,False,Settled,2022-11-13,162,66414.2,False,Resolved,1
CC-2022-1235,High Court — Chancery Division,JUD-04,2022-06-05,Low,215569.8,0,False,False,Settled,2023-06-03,363,94298.09,False,Resolved,1
CC-2022-1098,US District Court — S.D.N.Y.,JUD-07,2022-06-05,Medium,782751.85,3,True,True,Dismissed,2023-07-10,400,0.0,False,Resolved,1
CC-2022-0942,Dubai International Fin. Centre,JUD-10,2022-06-05,Medium,413209.71,3,True,False,Settled,2024-08-24,811,155035.72,True,Resolved,1
CC-2022-0346,London Commercial Court,JUD-02,2022-06-06,Medium,570705.19,3,False,False,Settled,2023-05-16,344,247714.23,False,Resolved,1
CC-2022-0542,High Court — Chancery Division,JUD-03,2022-06-06,Low,3396401.32,1,False,False,Settled,2023-06-20,379,1214457.25,False,Resolved,1
CC-2022-0985,London Commercial Court,JUD-01,2022-06-06,High,2876095.6,4,True,False,Settled,2025-03-03,1001,1049006.81,False,Resolved,1
CC-2022-0198,Dubai International Fin. Centre,JUD-10,2022-06-07,High,412817.91,3,True,True,Dismissed,2023-08-25,444,0.0,False,Resolved,1
CC-2022-0642,London Commercial Court,JUD-01,2022-06-07,High,9190575.95,4,True,False,Trial Judgment,2025-08-22,1172,6595790.15,False,Resolved,1
CC-2022-0782,High Court — Chancery Division,JUD-04,2022-06-07,Medium,3056706.0,2,True,False,Dismissed,2024-02-01,604,0.0,False,Resolved,1
CC-2022-0162,High Court — Chancery Division,JUD-04,2022-06-07,Medium,304911.07,6,True,False,Settled,2024-03-26,658,10432.26,False,Resolved,1
CC-2022-0772,High Court — KBD (TCC),JUD-05,2022-06-07,Low,549135.54,1,True,False,Dismissed,2023-08-26,445,0.0,False,Resolved,1
CC-2022-0109,High Court — KBD (TCC),JUD-05,2022-06-07,Low,297321.76,1,False,False,Settled,2023-05-20,347,74969.99,False,Resolved,1
CC-2022-0244,US District Court — N.D. Cal.,JUD-08,2022-06-08,Medium,199451.59,5,True,False,Dismissed,2023-08-14,432,0.0,False,Resolved,1
CC-2022-0868,London Commercial Court,JUD-02,2022-06-08,High,779864.92,2,False,False,Settled,2024-02-23,625,499444.13,False,Resolved,1
CC-2022-1215,London Commercial Court,JUD-02,2022-06-08,Low,507644.66,2,True,False,Settled,2023-06-28,385,168158.96,False,Resolved,1
CC-2022-1067,London Commercial Court,JUD-02,2022-06-08,High,55527.71,1,False,False,Settled,2024-07-19,772,26983.68,False,Resolved,1
CC-2022-0230,High Court — Chancery Division,JUD-04,2022-06-09,Low,69572.09,0,True,True,Dismissed,2022-11-02,146,0.0,False,Resolved,1
CC-2022-0399,High Court — Chancery Division,JUD-03,2022-06-09,Medium,151911.65,1,False,False,Settled,2023-08-15,432,23905.16,False,Resolved,1
CC-2022-0834,US District Court — S.D.N.Y.,JUD-07,2022-06-10,Low,1998679.69,4,False,False,Settled,2022-11-05,148,402380.43,False,Resolved,1
CC-2022-0562,High Court — KBD (TCC),JUD-05,2022-06-11,Low,114148.38,1,False,False,Settled,2023-08-10,425,24913.96,False,Resolved,1
CC-2022-0376,High Court — Chancery Division,JUD-04,2022-06-11,Medium,461941.46,3,True,True,Dismissed,2023-04-01,294,0.0,False,Resolved,1
CC-2022-1137,US District Court — S.D.N.Y.,JUD-06,2022-06-11,High,1711030.54,3,False,False,Settled,2023-09-30,476,968904.64,False,Resolved,1
CC-2022-1148,Singapore International Comm.,JUD-09,2022-06-11,Medium,840926.33,3,True,True,Dismissed,2023-03-11,273,0.0,False,Resolved,1
CC-2022-0292,London Commercial Court,JUD-01,2022-06-11,Medium,182855.65,2,False,False,Settled,2023-06-10,364,19439.8,False,Resolved,1
CC-2022-0891,Dubai International Fin. Centre,JUD-10,2022-06-11,Medium,197158.55,3,False,False,Settled,2023-06-26,380,48369.79,False,Resolved,1
CC-2022-0036,Singapore International Comm.,JUD-09,2022-06-12,Medium,1075998.33,2,False,False,Settled,2023-06-07,360,395931.69,False,Resolved,1
CC-2022-0621,High Court — Chancery Division,JUD-04,2022-06-12,Low,413317.54,0,False,False,Settled,2023-12-24,560,117804.41,False,Resolved,1
CC-2022-0641,US District Court — S.D.N.Y.,JUD-07,2022-06-12,High,248941.77,3,False,False,Settled,2024-06-23,742,46117.63,False,Resolved,1
CC-2022-0308,US District Court — S.D.N.Y.,JUD-06,2022-06-12,Medium,305917.84,1,False,False,Settled,2023-08-29,443,47449.6,False,Resolved,1
CC-2022-0158,High Court — Chancery Division,JUD-03,2022-06-13,Low,133977.36,0,False,False,Settled,2022-09-24,103,38817.46,False,Resolved,1
CC-2022-0126,US District Court — N.D. Cal.,JUD-08,2022-06-13,High,843775.79,4,True,False,,,1478,,,Ongoing,0
CC-2022-1072,Dubai International Fin. Centre,JUD-10,2022-06-13,Medium,91498.75,0,False,False,Settled,2023-08-05,418,42836.6,True,Resolved,1
CC-2022-0050,Singapore International Comm.,JUD-09,2022-06-14,Medium,545597.31,4,True,False,Settled,2023-07-27,408,117173.56,False,Resolved,1
CC-2022-0771,High Court — Chancery Division,JUD-04,2022-06-14,Low,132747.92,0,False,False,Settled,2023-11-10,514,25042.04,False,Resolved,1
CC-2022-0474,London Commercial Court,JUD-02,2022-06-15,Medium,439797.63,4,True,False,Settled,2023-05-06,325,282971.82,False,Resolved,1
CC-2022-1217,High Court — KBD (TCC),JUD-05,2022-06-15,High,102727.33,1,False,False,Dismissed,2024-05-03,688,0.0,False,Resolved,1
CC-2022-0340,Dubai International Fin. Centre,JUD-10,2022-06-15,Medium,637175.39,2,True,False,Settled,2023-09-25,467,155748.82,False,Resolved,1
CC-2022-0578,US District Court — N.D. Cal.,JUD-08,2022-06-15,Low,328160.74,0,True,False,Settled,2023-03-17,275,85421.53,False,Resolved,1
CC-2022-0945,Singapore International Comm.,JUD-09,2022-06-15,Medium,760490.07,2,True,False,Settled,2023-08-19,430,163318.7,False,Resolved,1
CC-2022-1083,US District Court — S.D.N.Y.,JUD-06,2022-06-15,Low,98714.88,1,False,False,Dismissed,2023-01-14,213,0.0,False,Resolved,1
CC-2022-0595,London Commercial Court,JUD-02,2022-06-16,Low,558697.03,0,False,False,Settled,2022-11-29,166,356064.97,False,Resolved,1
CC-2022-0574,London Commercial Court,JUD-01,2022-06-16,Low,130877.77,1,False,False,Dismissed,2022-11-14,151,0.0,False,Resolved,1
CC-2022-0466,High Court — KBD (TCC),JUD-05,2022-06-16,Medium,832286.53,4,False,False,Settled,2024-02-16,610,434821.93,False,Resolved,1
CC-2022-0134,US District Court — S.D.N.Y.,JUD-06,2022-06-17,Low,226898.03,0,False,False,Settled,2022-11-16,152,62259.29,False,Resolved,1
CC-2022-0893,High Court — KBD (TCC),JUD-05,2022-06-17,Medium,580881.93,4,False,False,Dismissed,2023-09-24,464,0.0,False,Resolved,1
CC-2022-0581,US District Court — S.D.N.Y.,JUD-07,2022-06-17,Medium,1640004.16,3,False,False,Settled,2023-07-17,395,1102712.69,False,Resolved,1
CC-2022-1197,Singapore International Comm.,JUD-09,2022-06-17,Low,99396.3,1,False,False,Settled,2023-01-02,199,32096.51,False,Resolved,1
CC-2022-0038,London Commercial Court,JUD-01,2022-06-17,High,3879371.25,2,True,False,Settled,2025-05-06,1054,2178161.0,False,Resolved,1
CC-2022-0277,Singapore International Comm.,JUD-09,2022-06-18,Medium,274815.64,1,True,False,Settled,2023-05-25,341,113013.76,False,Resolved,1
CC-2022-0990,US District Court — S.D.N.Y.,JUD-07,2022-06-19,Medium,743605.17,2,True,False,Settled,2024-05-13,694,186678.5,False,Resolved,1
CC-2022-0297,High Court — KBD (TCC),JUD-05,2022-06-19,Low,317159.44,2,False,False,Settled,2023-06-19,365,154584.24,False,Resolved,1
CC-2022-0832,London Commercial Court,JUD-01,2022-06-19,Low,722859.16,2,False,False,Settled,2023-06-01,347,175744.42,False,Resolved,1
CC-2022-0949,High Court — Chancery Division,JUD-03,2022-06-19,Low,9692537.43,0,True,False,Settled,2023-08-03,410,4534304.62,False,Resolved,1
CC-2022-0353,Dubai International Fin. Centre,JUD-10,2022-06-19,Medium,503328.56,0,True,False,Settled,2023-10-18,486,227507.78,True,Resolved,1
CC-2022-0717,High Court — KBD (TCC),JUD-05,2022-06-20,Medium,3637486.56,5,True,False,Settled,2024-06-10,721,931286.45,False,Resolved,1
CC-2022-0274,London Commercial Court,JUD-02,2022-06-20,Low,1699145.17,2,False,False,Settled,2023-05-24,338,418861.67,False,Resolved,1
CC-2022-0488,US District Court — S.D.N.Y.,JUD-06,2022-06-20,Medium,2488316.8,0,False,False,Settled,2024-03-08,627,759492.69,False,Resolved,1
CC-2022-1010,US District Court — S.D.N.Y.,JUD-06,2022-06-21,High,657978.33,4,True,True,Dismissed,2024-05-07,686,0.0,False,Resolved,1
CC-2022-0121,High Court — Chancery Division,JUD-04,2022-06-21,Medium,4015989.08,2,True,True,Settled,2024-09-05,807,921679.42,False,Resolved,1
CC-2022-0108,High Court — Chancery Division,JUD-04,2022-06-22,High,2293521.97,9,True,False,Settled,2025-07-28,1132,457236.55,False,Resolved,1
CC-2022-0699,US District Court — S.D.N.Y.,JUD-06,2022-06-22,Low,797521.99,0,True,False,Settled,2023-04-17,299,93461.99,False,Resolved,1
CC-2022-1165,High Court — Chancery Division,JUD-03,2022-06-22,High,593236.18,5,False,False,Trial Judgment,2026-04-05,1383,383771.29,False,Resolved,1
CC-2022-1005,US District Court — N.D. Cal.,JUD-08,2022-06-22,Medium,128950.07,1,False,False,Dismissed,2023-03-16,267,0.0,False,Resolved,1
CC-2022-0123,US District Court — S.D.N.Y.,JUD-06,2022-06-22,Medium,444311.35,1,False,False,Settled,2023-10-24,489,304200.85,False,Resolved,1
CC-2022-1220,High Court — Chancery Division,JUD-04,2022-06-23,Medium,1023181.09,2,False,False,Settled,2025-11-13,1239,409450.88,False,Resolved,1
CC-2022-0861,High Court — KBD (TCC),JUD-05,2022-06-23,Low,615866.86,6,False,False,Settled,2023-08-12,415,344128.2,False,Resolved,1
CC-2022-1076,US District Court — N.D. Cal.,JUD-08,2022-06-23,Medium,289859.88,2,False,False,Dismissed,2023-04-07,288,0.0,False,Resolved,1
CC-2022-0752,High Court — Chancery Division,JUD-04,2022-06-23,Low,144338.69,1,False,False,Settled,2023-01-20,211,25797.88,False,Resolved,1
CC-2022-0824,US District Court — S.D.N.Y.,JUD-06,2022-06-23,Low,599007.57,1,False,False,Dismissed,2023-03-30,280,0.0,False,Resolved,1
CC-2022-1208,High Court — Chancery Division,JUD-03,2022-06-24,Medium,729418.55,3,False,False,Settled,2023-07-03,374,376052.75,False,Resolved,1
CC-2022-0596,High Court — KBD (TCC),JUD-05,2022-06-24,Low,882198.12,2,False,False,Settled,2023-09-05,438,398738.0,False,Resolved,1
CC-2022-0986,US District Court — N.D. Cal.,JUD-08,2022-06-24,Low,872657.28,2,False,False,Dismissed,2023-04-17,297,0.0,False,Resolved,1
CC-2022-0480,US District Court — S.D.N.Y.,JUD-06,2022-06-24,High,282461.23,8,False,False,Settled,2024-09-20,819,61275.41,False,Resolved,1
CC-2022-0294,London Commercial Court,JUD-02,2022-06-24,Medium,308952.61,3,False,False,Settled,2023-07-08,379,126266.22,False,Resolved,1
CC-2022-0507,US District Court — S.D.N.Y.,JUD-07,2022-06-24,Low,1041758.12,3,True,False,Settled,2023-04-10,290,221415.51,False,Resolved,1
CC-2022-0582,US District Court — N.D. Cal.,JUD-08,2022-06-24,Low,554414.33,1,True,True,Dismissed,2022-12-26,185,0.0,False,Resolved,1
CC-2022-0709,High Court — KBD (TCC),JUD-05,2022-06-24,Low,83851.71,0,False,False,Settled,2023-08-11,413,77304.98,False,Resolved,1
CC-2022-0778,High Court — Chancery Division,JUD-04,2022-06-24,High,3508371.1,4,False,False,Dismissed,2024-10-19,848,0.0,False,Resolved,1
CC-2022-0500,High Court — KBD (TCC),JUD-05,2022-06-24,Low,1915523.47,1,True,False,Dismissed,2023-04-05,285,0.0,False,Resolved,1
CC-2022-0527,US District Court — N.D. Cal.,JUD-08,2022-06-25,Low,654392.07,1,False,False,Settled,2023-01-11,200,50306.24,False,Resolved,1
CC-2022-0739,London Commercial Court,JUD-02,2022-06-25,Low,731733.6,2,True,False,Trial Judgment,2023-09-24,456,451708.79,False,Resolved,1
CC-2022-0331,Singapore International Comm.,JUD-09,2022-06-25,Low,2657922.45,3,True,False,Settled,2024-01-30,584,858206.2,False,Resolved,1
CC-2022-1128,US District Court — S.D.N.Y.,JUD-07,2022-06-26,Medium,603632.82,1,True,False,Settled,2024-04-13,657,259999.82,False,Resolved,1
CC-2022-0997,US District Court — S.D.N.Y.,JUD-06,2022-06-26,Low,373383.32,2,False,False,Dismissed,2022-10-25,121,0.0,False,Resolved,1
CC-2022-1027,London Commercial Court,JUD-01,2022-06-26,Medium,1213266.9,2,False,False,Settled,2023-02-18,237,361326.11,False,Resolved,1
CC-2022-0836,London Commercial Court,JUD-01,2022-06-26,Medium,1037394.61,1,True,True,Dismissed,2023-01-25,213,0.0,False,Resolved,1
CC-2022-0723,High Court — Chancery Division,JUD-04,2022-06-27,Medium,110227.6,2,False,False,Settled,2024-03-18,630,58225.32,False,Resolved,1
CC-2022-0266,London Commercial Court,JUD-01,2022-06-27,Low,5243362.88,2,True,True,Dismissed,2022-12-20,176,0.0,False,Resolved,1
CC-2022-0597,High Court — KBD (TCC),JUD-05,2022-06-28,Low,389204.09,2,True,False,Settled,2023-03-01,246,17442.51,False,Resolved,1
CC-2022-0332,London Commercial Court,JUD-02,2022-06-29,Low,563012.69,3,False,False,Settled,2023-10-29,487,237713.54,True,Resolved,1
CC-2022-0018,US District Court — S.D.N.Y.,JUD-07,2022-06-29,Low,502114.27,3,False,False,Settled,2022-10-02,95,266403.07,False,Resolved,1
CC-2022-0200,Singapore International Comm.,JUD-09,2022-06-30,Medium,1329359.69,1,False,False,Settled,2023-10-21,478,829695.62,False,Resolved,1
CC-2022-1158,High Court — Chancery Division,JUD-04,2022-06-30,Medium,2187308.42,2,True,False,Settled,2024-01-01,550,371865.86,False,Resolved,1
CC-2022-0094,London Commercial Court,JUD-01,2022-06-30,Medium,109715.45,3,False,False,Dismissed,2023-05-14,318,0.0,False,Resolved,1
CC-2022-0006,US District Court — S.D.N.Y.,JUD-06,2022-07-01,High,3601886.08,1,True,False,Settled,2023-09-03,429,797136.42,False,Resolved,1
CC-2022-0829,High Court — Chancery Division,JUD-04,2022-07-01,Low,1121892.17,0,True,True,Dismissed,2023-04-05,278,0.0,False,Resolved,1
CC-2022-0475,London Commercial Court,JUD-02,2022-07-01,Medium,655984.17,2,True,True,Dismissed,2023-05-30,333,0.0,False,Resolved,1
CC-2022-1196,US District Court — S.D.N.Y.,JUD-07,2022-07-01,Low,94337.51,0,True,True,Dismissed,2022-11-21,143,0.0,False,Resolved,1
CC-2022-0099,US District Court — N.D. Cal.,JUD-08,2022-07-01,Low,1792632.02,3,False,False,Settled,2023-06-16,350,1215829.3,False,Resolved,1
CC-2022-1057,US District Court — N.D. Cal.,JUD-08,2022-07-01,Medium,1443732.16,5,True,False,Settled,2024-12-16,899,410128.13,False,Resolved,1
CC-2022-0754,US District Court — S.D.N.Y.,JUD-06,2022-07-02,High,2790562.18,3,True,False,Settled,2024-01-20,567,1505521.95,False,Resolved,1
CC-2022-0740,US District Court — S.D.N.Y.,JUD-06,2022-07-02,Medium,320091.08,1,True,False,Settled,2023-04-29,301,173072.29,False,Resolved,1
CC-2022-1232,US District Court — N.D. Cal.,JUD-08,2022-07-02,Medium,887139.95,1,False,False,Settled,2023-08-13,407,400349.27,False,Resolved,1
CC-2022-0828,Dubai International Fin. Centre,JUD-10,2022-07-02,Low,132814.34,1,True,False,Dismissed,2023-01-22,204,0.0,False,Resolved,1
CC-2022-0623,London Commercial Court,JUD-01,2022-07-02,Medium,389168.83,1,True,False,Settled,2024-09-05,796,193219.25,True,Resolved,1
CC-2022-1093,Singapore International Comm.,JUD-09,2022-07-02,Medium,65139.25,2,True,False,Settled,2024-02-02,580,11132.08,False,Resolved,1
CC-2022-0486,High Court — KBD (TCC),JUD-05,2022-07-03,Low,1022304.42,4,True,False,Settled,2024-06-08,706,473275.93,False,Resolved,1
CC-2022-0638,High Court — Chancery Division,JUD-04,2022-07-03,Low,322645.87,0,False,False,Settled,2023-01-23,204,218564.17,False,Resolved,1
CC-2022-0183,Singapore International Comm.,JUD-09,2022-07-04,Low,186610.67,0,False,False,Dismissed,2022-09-24,82,0.0,False,Resolved,1
CC-2022-1013,London Commercial Court,JUD-01,2022-07-04,Medium,537275.61,1,True,True,Dismissed,2023-06-19,350,0.0,False,Resolved,1
CC-2022-1031,London Commercial Court,JUD-01,2022-07-04,Medium,484523.33,3,False,False,Settled,2024-01-03,548,187740.14,False,Resolved,1
CC-2022-0286,US District Court — S.D.N.Y.,JUD-06,2022-07-04,Low,508743.19,2,False,False,Dismissed,2023-01-03,183,0.0,False,Resolved,1
CC-2022-0380,Singapore International Comm.,JUD-09,2022-07-04,Medium,169312.02,2,False,False,Dismissed,2023-06-12,343,0.0,False,Resolved,1
CC-2022-0560,US District Court — N.D. Cal.,JUD-08,2022-07-04,Medium,150583.21,5,False,False,Settled,2024-01-12,557,33135.76,False,Resolved,1
CC-2022-0175,US District Court — S.D.N.Y.,JUD-07,2022-07-05,Low,1140866.16,0,True,False,Settled,2023-03-12,250,447648.68,False,Resolved,1
CC-2022-0694,London Commercial Court,JUD-01,2022-07-05,Low,215597.2,0,False,False,Settled,2023-01-21,200,78572.73,False,Resolved,1
CC-2022-0819,High Court — KBD (TCC),JUD-05,2022-07-05,Medium,102944.11,5,False,False,Settled,2024-05-01,666,23335.58,False,Resolved,1
CC-2022-0830,High Court — Chancery Division,JUD-04,2022-07-05,Low,976113.86,0,False,False,Settled,2023-02-14,224,116099.1,True,Resolved,1
CC-2022-1045,High Court — Chancery Division,JUD-04,2022-07-06,Medium,1035705.87,2,False,False,Settled,2024-10-16,833,523609.37,False,Resolved,1
CC-2022-1210,US District Court — N.D. Cal.,JUD-08,2022-07-06,Medium,766891.41,5,False,False,Trial Judgment,2024-06-13,708,0.0,False,Resolved,1
CC-2022-1145,US District Court — S.D.N.Y.,JUD-06,2022-07-06,Low,1410386.32,2,True,False,Dismissed,2023-06-05,334,0.0,False,Resolved,1
CC-2022-0675,US District Court — N.D. Cal.,JUD-08,2022-07-06,Low,739083.35,0,True,True,Dismissed,2022-12-16,163,0.0,False,Resolved,1
CC-2022-0056,High Court — KBD (TCC),JUD-05,2022-07-06,High,2034757.78,3,True,False,Settled,2024-08-05,761,1168934.22,False,Resolved,1
CC-2022-0999,London Commercial Court,JUD-02,2022-07-07,Low,279566.33,0,False,False,Settled,2023-05-04,301,81776.73,False,Resolved,1
CC-2022-0202,US District Court — N.D. Cal.,JUD-08,2022-07-07,Medium,1697292.77,4,False,False,Settled,2023-07-07,365,1057749.4,False,Resolved,1
CC-2022-0640,London Commercial Court,JUD-02,2022-07-07,Low,375137.99,1,False,False,Dismissed,2022-12-22,168,0.0,False,Resolved,1
CC-2022-0779,London Commercial Court,JUD-02,2022-07-07,Medium,502286.32,0,False,False,Settled,2023-11-18,499,199336.23,False,Resolved,1
CC-2022-1050,Singapore International Comm.,JUD-09,2022-07-07,Low,547919.2,3,False,False,Settled,2022-12-10,156,294550.81,False,Resolved,1
CC-2022-0223,US District Court — N.D. Cal.,JUD-08,2022-07-07,Medium,163335.75,7,False,False,Settled,2023-09-24,444,53842.85,False,Resolved,1
CC-2022-0859,High Court — Chancery Division,JUD-03,2022-07-08,High,445204.37,2,True,False,,,1453,,,Ongoing,0
CC-2022-1036,High Court — Chancery Division,JUD-03,2022-07-08,Medium,1025047.54,3,True,True,Dismissed,2023-01-17,193,0.0,False,Resolved,1
CC-2022-0736,US District Court — N.D. Cal.,JUD-08,2022-07-08,Medium,944258.27,5,True,False,Dismissed,2023-09-13,432,0.0,False,Resolved,1
CC-2022-1216,High Court — Chancery Division,JUD-04,2022-07-09,Low,179656.23,2,False,False,Dismissed,2023-02-26,232,0.0,False,Resolved,1
CC-2022-1104,London Commercial Court,JUD-02,2022-07-09,High,755541.62,2,True,False,Settled,2024-09-29,813,236777.05,False,Resolved,1
CC-2022-1141,High Court — Chancery Division,JUD-04,2022-07-10,Low,967178.48,1,True,False,Settled,2023-05-21,315,104147.16,False,Resolved,1
CC-2022-1117,US District Court — S.D.N.Y.,JUD-07,2022-07-10,Low,1253748.93,3,True,False,Dismissed,2022-12-01,144,0.0,False,Resolved,1
CC-2022-0810,High Court — KBD (TCC),JUD-05,2022-07-11,High,64121.59,3,False,False,Dismissed,2024-09-18,800,0.0,False,Resolved,1
CC-2022-0635,Singapore International Comm.,JUD-09,2022-07-11,Low,953251.52,3,False,False,Settled,2023-09-30,446,342218.8,False,Resolved,1
CC-2022-0894,US District Court — N.D. Cal.,JUD-08,2022-07-11,Low,497134.97,0,False,False,Settled,2023-01-22,195,338593.4,False,Resolved,1
CC-2022-0774,US District Court — S.D.N.Y.,JUD-06,2022-07-11,Low,334046.15,1,False,False,Dismissed,2022-12-04,146,0.0,False,Resolved,1
CC-2022-1151,London Commercial Court,JUD-02,2022-07-11,Medium,3587398.02,6,True,False,Settled,2025-01-03,907,41315.02,False,Resolved,1
CC-2022-0849,London Commercial Court,JUD-01,2022-07-12,Low,1411737.26,3,False,False,Settled,2023-10-15,460,634623.64,False,Resolved,1
CC-2022-0599,US District Court — S.D.N.Y.,JUD-06,2022-07-13,Low,2071882.65,2,False,False,Settled,2023-12-08,513,171305.57,True,Resolved,1
CC-2022-0484,London Commercial Court,JUD-01,2022-07-14,Medium,197660.81,1,False,False,Dismissed,2023-05-08,298,0.0,False,Resolved,1
CC-2022-1048,US District Court — S.D.N.Y.,JUD-06,2022-07-15,High,2783572.61,5,True,False,Dismissed,2023-11-08,481,0.0,False,Resolved,1
CC-2022-0034,London Commercial Court,JUD-02,2022-07-15,Low,225934.76,0,False,False,Dismissed,2022-10-31,108,0.0,False,Resolved,1
CC-2022-0572,London Commercial Court,JUD-02,2022-07-15,Low,360725.03,2,False,False,Settled,2023-01-02,171,78508.58,False,Resolved,1
CC-2022-0956,Dubai International Fin. Centre,JUD-10,2022-07-15,Low,963766.65,2,False,False,Settled,2023-08-09,390,117570.42,False,Resolved,1
CC-2022-1019,High Court — KBD (TCC),JUD-05,2022-07-16,Low,1381647.73,1,True,False,Dismissed,2023-06-05,324,0.0,False,Resolved,1
CC-2022-0993,London Commercial Court,JUD-02,2022-07-16,Medium,459838.17,2,False,False,Settled,2023-09-12,423,258692.09,False,Resolved,1
CC-2022-0941,US District Court — N.D. Cal.,JUD-08,2022-07-16,Medium,65932.24,1,False,False,Settled,2024-06-08,693,31843.25,True,Resolved,1
CC-2022-0756,High Court — KBD (TCC),JUD-05,2022-07-16,Low,771859.85,1,False,False,Trial Judgment,2024-10-11,818,0.0,False,Resolved,1
CC-2022-0671,High Court — Chancery Division,JUD-03,2022-07-16,Medium,349485.19,1,True,True,Dismissed,2023-03-23,250,0.0,False,Resolved,1
CC-2022-0568,High Court — Chancery Division,JUD-03,2022-07-17,Medium,50341.64,2,False,False,Dismissed,2023-08-16,395,0.0,False,Resolved,1
CC-2022-0643,US District Court — N.D. Cal.,JUD-08,2022-07-17,Low,1351649.56,1,False,False,Settled,2023-05-24,311,169218.43,False,Resolved,1
CC-2022-1233,US District Court — S.D.N.Y.,JUD-06,2022-07-17,Low,227749.94,3,True,False,Dismissed,2023-05-15,302,0.0,False,Resolved,1
CC-2022-1016,London Commercial Court,JUD-02,2022-07-18,Medium,1351862.41,2,True,False,Settled,2024-11-21,857,705926.93,False,Resolved,1
CC-2022-0262,High Court — Chancery Division,JUD-04,2022-07-19,High,1084419.27,4,True,True,Dismissed,2023-05-28,313,0.0,False,Resolved,1
CC-2022-0354,High Court — KBD (TCC),JUD-05,2022-07-19,High,202454.18,1,False,False,Dismissed,2024-04-26,647,0.0,False,Resolved,1
CC-2022-0083,London Commercial Court,JUD-02,2022-07-21,Low,137792.07,0,True,False,Dismissed,2023-03-05,227,0.0,False,Resolved,1
CC-2022-0979,High Court — Chancery Division,JUD-03,2022-07-21,High,2664893.26,4,True,False,Settled,2026-01-16,1275,1039238.76,False,Resolved,1
CC-2022-0394,High Court — KBD (TCC),JUD-05,2022-07-21,High,411830.11,4,True,False,,,1440,,,Ongoing,0
CC-2022-0298,Dubai International Fin. Centre,JUD-10,2022-07-21,Medium,402814.2,1,True,False,Settled,2023-05-06,289,197825.35,False,Resolved,1
CC-2022-0900,High Court — KBD (TCC),JUD-05,2022-07-22,High,3077411.88,4,True,False,,,1439,,,Ongoing,0
CC-2022-1225,High Court — Chancery Division,JUD-04,2022-07-22,Low,397133.46,4,True,False,Settled,2023-06-18,331,200947.3,False,Resolved,1
CC-2022-0798,High Court — Chancery Division,JUD-04,2022-07-23,High,961922.5,4,True,False,,,1438,,,Ongoing,0
CC-2022-0407,London Commercial Court,JUD-01,2022-07-23,Low,150281.05,0,False,False,Settled,2023-04-21,272,92702.78,False,Resolved,1
CC-2022-0624,Singapore International Comm.,JUD-09,2022-07-23,Medium,194730.91,1,False,False,Settled,2023-07-26,368,69729.04,False,Resolved,1
CC-2022-0268,High Court — Chancery Division,JUD-04,2022-07-24,Medium,800747.73,7,False,False,Settled,2024-05-19,665,178707.72,False,Resolved,1
CC-2022-0914,US District Court — S.D.N.Y.,JUD-07,2022-07-24,Low,1292471.57,0,True,False,Settled,2023-05-04,284,533761.58,True,Resolved,1
CC-2022-0672,US District Court — S.D.N.Y.,JUD-07,2022-07-24,Low,1271977.63,2,True,True,Dismissed,2023-06-26,337,0.0,False,Resolved,1
CC-2022-0214,London Commercial Court,JUD-02,2022-07-24,Low,77655.39,0,False,False,Trial Judgment,2023-04-23,273,60283.56,False,Resolved,1
CC-2022-0644,London Commercial Court,JUD-02,2022-07-24,Low,1538364.06,0,False,False,Settled,2023-07-22,363,658600.63,False,Resolved,1
CC-2022-0944,Singapore International Comm.,JUD-09,2022-07-24,High,914349.5,4,False,False,Settled,2024-05-15,661,392420.14,False,Resolved,1
CC-2022-0811,London Commercial Court,JUD-02,2022-07-24,Low,117851.65,2,False,False,Dismissed,2023-02-05,196,0.0,False,Resolved,1
CC-2022-0712,US District Court — S.D.N.Y.,JUD-06,2022-07-25,Medium,94034.95,4,False,False,Dismissed,2023-02-15,205,0.0,False,Resolved,1
CC-2022-1115,London Commercial Court,JUD-01,2022-07-26,Low,132427.24,0,True,True,Dismissed,2022-11-12,109,0.0,False,Resolved,1
CC-2022-0587,Dubai International Fin. Centre,JUD-10,2022-07-26,Low,261482.34,0,False,False,Dismissed,2022-12-31,158,0.0,False,Resolved,1
CC-2022-0563,Singapore International Comm.,JUD-09,2022-07-26,Low,158167.79,2,False,False,Settled,2023-02-23,212,65249.19,False,Resolved,1
CC-2022-1147,London Commercial Court,JUD-02,2022-07-26,Medium,879768.6,4,False,False,Settled,2024-01-19,542,368756.8,False,Resolved,1
CC-2022-0290,US District Court — S.D.N.Y.,JUD-07,2022-07-26,Medium,1034843.39,1,True,False,Dismissed,2024-02-05,559,0.0,False,Resolved,1
CC-2022-0348,Singapore International Comm.,JUD-09,2022-07-26,Low,3200475.72,3,True,False,Settled,2022-12-23,150,2548448.98,False,Resolved,1
CC-2022-0076,Dubai International Fin. Centre,JUD-10,2022-07-26,Medium,802518.09,1,True,True,Settled,2023-06-09,318,453323.8,False,Resolved,1
CC-2022-0351,US District Court — N.D. Cal.,JUD-08,2022-07-26,Medium,597771.86,2,False,False,Dismissed,2023-05-30,308,0.0,False,Resolved,1
CC-2022-0858,Singapore International Comm.,JUD-09,2022-07-27,Low,193025.5,0,False,False,Settled,2023-01-08,165,85929.28,False,Resolved,1
CC-2022-0951,Dubai International Fin. Centre,JUD-10,2022-07-27,Medium,811315.17,3,False,False,Settled,2023-12-06,497,73074.57,False,Resolved,1
CC-2022-0220,London Commercial Court,JUD-01,2022-07-27,Low,4003360.02,2,False,False,Settled,2023-05-02,279,860740.86,False,Resolved,1
CC-2022-1006,London Commercial Court,JUD-02,2022-07-28,Medium,1741371.75,2,False,False,Settled,2024-04-07,619,859587.72,False,Resolved,1
CC-2022-1023,London Commercial Court,JUD-01,2022-07-28,Low,1030340.28,2,False,False,Dismissed,2023-08-16,384,0.0,False,Resolved,1
CC-2022-1167,Singapore International Comm.,JUD-09,2022-07-28,Low,260323.58,1,False,False,Settled,2023-03-13,228,211104.35,False,Resolved,1
CC-2022-0594,London Commercial Court,JUD-01,2022-07-28,Medium,248031.07,5,False,False,Settled,2024-05-18,660,76560.6,False,Resolved,1
CC-2022-1071,London Commercial Court,JUD-01,2022-07-29,Medium,161770.97,0,True,False,Settled,2023-12-14,503,65302.6,False,Resolved,1
CC-2022-1082,London Commercial Court,JUD-01,2022-07-29,High,219158.94,3,False,False,Settled,2024-10-20,814,33879.87,False,Resolved,1
CC-2022-0391,High Court — Chancery Division,JUD-03,2022-07-29,Low,3163072.28,1,False,False,Settled,2023-09-04,402,2345701.2,False,Resolved,1
CC-2022-0417,High Court — Chancery Division,JUD-04,2022-07-30,Medium,377903.38,2,True,False,Settled,2023-11-23,481,115971.15,False,Resolved,1
CC-2022-0247,US District Court — S.D.N.Y.,JUD-06,2022-07-30,High,314325.89,4,False,False,Trial Judgment,2025-03-01,945,0.0,False,Resolved,1
CC-2022-1229,Singapore International Comm.,JUD-09,2022-07-30,Medium,271524.91,0,False,False,Settled,2023-07-20,355,110237.24,False,Resolved,1
CC-2022-1001,London Commercial Court,JUD-02,2022-07-30,Medium,417241.61,1,True,False,Dismissed,2023-12-20,508,0.0,False,Resolved,1
CC-2022-0367,London Commercial Court,JUD-01,2022-07-31,Low,520359.36,1,True,False,Settled,2024-01-20,538,66193.51,True,Resolved,1
CC-2022-0405,London Commercial Court,JUD-02,2022-07-31,Medium,187142.25,2,True,False,Settled,2023-06-29,333,53122.8,False,Resolved,1
CC-2022-0066,High Court — KBD (TCC),JUD-05,2022-07-31,Medium,441815.93,5,False,False,Settled,2023-09-27,423,323876.32,False,Resolved,1
CC-2022-0396,London Commercial Court,JUD-01,2022-07-31,Medium,797597.03,1,True,True,Dismissed,2023-04-19,262,0.0,False,Resolved,1
CC-2022-0512,US District Court — N.D. Cal.,JUD-08,2022-07-31,Medium,363787.65,3,False,False,Dismissed,2023-08-15,380,0.0,False,Resolved,1
CC-2022-0422,US District Court — N.D. Cal.,JUD-08,2022-07-31,Low,398863.04,1,False,False,Trial Judgment,2023-08-06,371,0.0,False,Resolved,1
CC-2022-0789,High Court — KBD (TCC),JUD-05,2022-08-01,Low,549252.28,1,False,False,Settled,2023-08-09,373,476842.69,False,Resolved,1
CC-2022-0089,London Commercial Court,JUD-01,2022-08-01,Medium,659239.47,4,True,True,Dismissed,2023-08-31,395,0.0,False,Resolved,1
CC-2022-0628,High Court — Chancery Division,JUD-03,2022-08-01,Low,1310537.23,1,True,False,Trial Judgment,2024-03-24,601,930302.17,False,Resolved,1
CC-2022-0682,London Commercial Court,JUD-02,2022-08-01,Medium,206288.67,3,True,False,Settled,2023-11-20,476,158289.77,False,Resolved,1
CC-2022-0802,London Commercial Court,JUD-02,2022-08-01,Low,95105.87,0,False,False,Dismissed,2023-02-02,185,0.0,False,Resolved,1
CC-2022-0358,London Commercial Court,JUD-01,2022-08-02,Medium,1349340.61,2,False,False,Settled,2024-12-17,868,573202.37,True,Resolved,1
CC-2022-0299,High Court — Chancery Division,JUD-04,2022-08-02,Medium,176816.15,4,True,False,Dismissed,2024-05-28,665,0.0,False,Resolved,1
CC-2022-0600,US District Court — N.D. Cal.,JUD-08,2022-08-02,High,693736.05,7,True,False,,,1428,,,Ongoing,0
CC-2022-0357,US District Court — S.D.N.Y.,JUD-06,2022-08-02,High,230392.45,4,False,False,Settled,2024-01-10,526,75633.7,False,Resolved,1
CC-2022-1047,High Court — KBD (TCC),JUD-05,2022-08-03,High,280027.0,5,False,False,Settled,2024-09-29,788,193688.93,False,Resolved,1
CC-2022-0661,Singapore International Comm.,JUD-09,2022-08-03,Low,67105.87,2,False,False,Dismissed,2023-06-04,305,0.0,False,Resolved,1
CC-2022-0372,London Commercial Court,JUD-02,2022-08-03,High,325674.27,3,False,False,Dismissed,2025-02-27,939,0.0,False,Resolved,1
CC-2022-0067,London Commercial Court,JUD-01,2022-08-03,High,1453767.85,2,False,False,Settled,2025-11-18,1203,755138.34,False,Resolved,1
CC-2022-0877,Singapore International Comm.,JUD-09,2022-08-03,Medium,1611235.13,1,True,False,Settled,2024-01-06,521,492976.67,False,Resolved,1
CC-2022-0716,High Court — Chancery Division,JUD-03,2022-08-04,Medium,185297.41,0,False,False,Dismissed,2023-04-04,243,0.0,False,Resolved,1
CC-2022-1028,London Commercial Court,JUD-02,2022-08-04,Low,5133474.84,1,False,False,Settled,2023-10-29,451,773286.92,False,Resolved,1
CC-2022-0818,High Court — Chancery Division,JUD-03,2022-08-04,Medium,84322.26,1,True,True,Dismissed,2024-01-06,520,0.0,False,Resolved,1
CC-2022-0352,US District Court — S.D.N.Y.,JUD-07,2022-08-04,High,2498600.49,4,True,False,Settled,2025-01-12,892,1487415.42,True,Resolved,1
CC-2022-0636,Singapore International Comm.,JUD-09,2022-08-05,Medium,490594.72,2,False,False,Settled,2023-05-14,282,195055.81,False,Resolved,1
CC-2022-0553,Singapore International Comm.,JUD-09,2022-08-05,Medium,451312.2,4,True,False,Dismissed,2023-06-12,311,0.0,False,Resolved,1
CC-2022-0653,US District Court — S.D.N.Y.,JUD-07,2022-08-05,High,445385.62,4,False,False,Dismissed,2024-11-30,848,0.0,False,Resolved,1
CC-2022-0362,US District Court — N.D. Cal.,JUD-08,2022-08-05,High,767037.34,4,True,False,Settled,2024-06-07,672,305777.87,False,Resolved,1
CC-2022-0312,High Court — Chancery Division,JUD-03,2022-08-05,Low,181860.31,1,False,False,Settled,2023-05-24,292,67940.89,False,Resolved,1
CC-2022-1119,High Court — KBD (TCC),JUD-05,2022-08-05,Low,648245.11,1,False,False,Dismissed,2023-02-03,182,0.0,False,Resolved,1
CC-2022-0137,US District Court — N.D. Cal.,JUD-08,2022-08-05,Low,60173.49,1,False,False,Dismissed,2023-01-09,157,0.0,False,Resolved,1
CC-2022-0398,Singapore International Comm.,JUD-09,2022-08-05,Low,467445.41,0,False,False,Settled,2023-04-01,239,217204.23,False,Resolved,1
CC-2022-1035,US District Court — N.D. Cal.,JUD-08,2022-08-05,High,153154.13,1,True,True,Dismissed,2023-06-15,314,0.0,False,Resolved,1
CC-2022-1037,US District Court — N.D. Cal.,JUD-08,2022-08-06,Low,119771.83,0,True,False,Dismissed,2023-02-12,190,0.0,False,Resolved,1
CC-2022-1140,London Commercial Court,JUD-01,2022-08-06,Low,593853.49,0,True,False,Settled,2023-04-20,257,273597.21,False,Resolved,1
CC-2022-1192,US District Court — N.D. Cal.,JUD-08,2022-08-07,High,282135.2,1,False,False,Dismissed,2023-11-10,460,0.0,False,Resolved,1
CC-2022-0741,High Court — KBD (TCC),JUD-05,2022-08-07,Low,2577441.26,2,False,False,Dismissed,2023-11-21,471,0.0,False,Resolved,1
CC-2022-0787,London Commercial Court,JUD-01,2022-08-07,High,203846.22,0,False,False,Settled,2025-05-07,1004,11595.65,False,Resolved,1
CC-2022-0751,London Commercial Court,JUD-01,2022-08-07,Medium,1563838.87,2,True,False,Dismissed,2024-05-02,634,0.0,False,Resolved,1
CC-2022-0841,High Court — KBD (TCC),JUD-05,2022-08-09,Medium,1400846.33,0,True,False,Settled,2023-12-03,481,589203.82,False,Resolved,1
CC-2022-0154,US District Court — S.D.N.Y.,JUD-06,2022-08-09,Low,893828.47,1,True,False,Trial Judgment,2023-07-27,352,705555.03,False,Resolved,1
CC-2022-1122,US District Court — N.D. Cal.,JUD-08,2022-08-10,Medium,250649.6,2,True,True,Dismissed,2023-04-24,257,0.0,False,Resolved,1
CC-2022-0931,US District Court — S.D.N.Y.,JUD-07,2022-08-10,Medium,96089.71,2,False,False,Settled,2023-04-06,239,17990.48,False,Resolved,1
CC-2022-0322,High Court — Chancery Division,JUD-03,2022-08-10,Medium,363735.96,0,False,False,Settled,2023-11-10,457,174043.27,False,Resolved,1
CC-2022-0519,High Court — Chancery Division,JUD-04,2022-08-11,Medium,909145.55,3,True,True,Dismissed,2023-08-18,372,0.0,False,Resolved,1
CC-2022-0291,Dubai International Fin. Centre,JUD-10,2022-08-11,Medium,111367.27,2,False,False,Settled,2023-04-03,235,48260.93,False,Resolved,1
CC-2022-0615,Singapore International Comm.,JUD-09,2022-08-11,Medium,383074.55,0,True,True,Dismissed,2023-03-28,229,0.0,False,Resolved,1
CC-2022-1164,High Court — Chancery Division,JUD-03,2022-08-11,Medium,3291206.46,1,True,False,Settled,2024-06-30,689,762341.29,False,Resolved,1
CC-2022-0696,Singapore International Comm.,JUD-09,2022-08-11,Low,233190.83,0,True,True,Dismissed,2023-02-12,185,0.0,False,Resolved,1
CC-2022-1017,High Court — KBD (TCC),JUD-05,2022-08-12,Medium,1050821.84,1,True,False,Settled,2024-12-10,851,357992.39,False,Resolved,1
CC-2022-0720,Dubai International Fin. Centre,JUD-10,2022-08-12,High,330624.93,4,True,False,Settled,2025-06-14,1037,57622.75,False,Resolved,1
CC-2022-1069,High Court — KBD (TCC),JUD-05,2022-08-12,Low,795716.39,2,True,False,Settled,2023-06-07,299,446894.91,False,Resolved,1
CC-2022-0505,High Court — Chancery Division,JUD-04,2022-08-12,Low,121052.48,1,True,False,Dismissed,2023-05-13,274,0.0,False,Resolved,1
CC-2022-0850,Singapore International Comm.,JUD-09,2022-08-12,Low,202589.71,0,True,False,Settled,2023-02-16,188,2865.85,False,Resolved,1
CC-2022-0005,London Commercial Court,JUD-02,2022-08-12,Medium,2189310.76,5,False,False,,,1418,,,Ongoing,0
CC-2022-0426,London Commercial Court,JUD-02,2022-08-12,Low,1475753.31,1,False,False,Settled,2023-10-24,438,504112.63,False,Resolved,1
CC-2022-0131,High Court — KBD (TCC),JUD-05,2022-08-12,Low,1445186.77,0,False,False,Trial Judgment,2024-11-21,832,1220544.52,False,Resolved,1
CC-2022-0419,High Court — Chancery Division,JUD-04,2022-08-13,High,1755571.8,4,False,False,Dismissed,2026-01-27,1263,0.0,False,Resolved,1
CC-2022-0203,Singapore International Comm.,JUD-09,2022-08-13,Medium,2112128.6,4,True,True,Dismissed,2023-08-06,358,0.0,False,Resolved,1
CC-2022-0442,US District Court — S.D.N.Y.,JUD-07,2022-08-13,High,117081.45,6,False,False,Dismissed,2023-07-16,337,0.0,False,Resolved,1
CC-2022-0040,London Commercial Court,JUD-01,2022-08-13,Medium,208845.31,2,False,False,Settled,2023-07-28,349,135340.37,False,Resolved,1
CC-2022-1242,London Commercial Court,JUD-02,2022-08-13,Low,1323553.63,2,False,False,Settled,2023-05-29,289,495946.82,False,Resolved,1
CC-2022-0730,US District Court — N.D. Cal.,JUD-08,2022-08-13,Medium,414676.83,1,True,True,Dismissed,2023-03-25,224,0.0,False,Resolved,1
CC-2022-0263,US District Court — N.D. Cal.,JUD-08,2022-08-13,Medium,737005.25,1,False,False,Settled,2023-10-26,439,247512.97,False,Resolved,1
CC-2022-0406,Dubai International Fin. Centre,JUD-10,2022-08-14,Medium,50240.11,1,False,False,Settled,2023-10-30,442,11512.18,False,Resolved,1
CC-2022-0393,London Commercial Court,JUD-01,2022-08-15,Medium,988232.94,3,True,False,Dismissed,2023-02-11,180,0.0,False,Resolved,1
CC-2022-1073,US District Court — S.D.N.Y.,JUD-06,2022-08-15,High,250835.8,4,False,False,Settled,2023-11-12,454,140510.94,False,Resolved,1
CC-2022-0544,London Commercial Court,JUD-02,2022-08-15,Medium,141854.92,2,True,False,Settled,2023-08-17,367,85018.81,False,Resolved,1
CC-2022-1063,London Commercial Court,JUD-02,2022-08-16,High,551826.65,4,False,False,Settled,2024-04-04,597,273754.77,False,Resolved,1
CC-2022-0427,Singapore International Comm.,JUD-09,2022-08-16,Low,1344858.16,2,False,False,Settled,2023-03-17,213,563378.95,False,Resolved,1
CC-2022-0513,High Court — Chancery Division,JUD-03,2022-08-16,Low,626264.67,2,True,False,Dismissed,2023-02-21,189,0.0,False,Resolved,1
CC-2022-0072,US District Court — N.D. Cal.,JUD-08,2022-08-16,Low,247344.64,2,False,False,Settled,2023-06-20,308,25601.31,False,Resolved,1
CC-2022-0611,US District Court — S.D.N.Y.,JUD-06,2022-08-16,Low,1106583.09,3,True,True,Dismissed,2022-11-18,94,0.0,False,Resolved,1
CC-2022-0557,Dubai International Fin. Centre,JUD-10,2022-08-17,Medium,480583.48,4,False,False,Settled,2023-12-19,489,108000.43,False,Resolved,1
CC-2022-1143,Singapore International Comm.,JUD-09,2022-08-18,High,848325.96,6,False,False,Settled,2025-01-19,885,152888.69,False,Resolved,1
CC-2022-0554,London Commercial Court,JUD-02,2022-08-18,Medium,457129.77,8,True,False,Settled,2024-12-22,857,171210.81,False,Resolved,1
CC-2022-1231,High Court — KBD (TCC),JUD-05,2022-08-18,Low,228362.84,1,False,False,Dismissed,2023-07-14,330,0.0,False,Resolved,1
CC-2022-0674,Singapore International Comm.,JUD-09,2022-08-18,Medium,5764120.13,4,True,False,Settled,2024-02-10,541,1759496.86,False,Resolved,1
CC-2022-1264,High Court — Chancery Division,JUD-03,2022-08-18,Medium,2064728.05,4,False,False,Settled,2023-08-29,376,679480.87,False,Resolved,1
CC-2022-0760,US District Court — S.D.N.Y.,JUD-07,2022-08-18,High,828186.32,1,True,False,,,1412,,,Ongoing,0
CC-2022-0896,High Court — KBD (TCC),JUD-05,2022-08-18,High,104025.53,2,False,False,Settled,2024-04-12,603,25844.95,False,Resolved,1
CC-2022-0954,High Court — Chancery Division,JUD-03,2022-08-18,Medium,759921.88,3,True,False,Settled,2024-03-10,570,342564.47,False,Resolved,1
CC-2022-0130,High Court — Chancery Division,JUD-03,2022-08-19,High,1922170.1,3,True,False,Settled,2024-10-28,801,751728.47,False,Resolved,1
CC-2022-0770,High Court — KBD (TCC),JUD-05,2022-08-19,High,1655005.3,3,True,False,Settled,2026-03-25,1314,848360.14,False,Resolved,1
CC-2022-0282,US District Court — S.D.N.Y.,JUD-06,2022-08-19,High,513684.09,2,False,False,Settled,2024-08-07,719,296465.39,False,Resolved,1
CC-2022-0561,High Court — KBD (TCC),JUD-05,2022-08-20,Low,199077.41,3,True,False,Settled,2023-05-13,266,110786.82,False,Resolved,1
CC-2022-0482,High Court — Chancery Division,JUD-04,2022-08-20,Low,2015790.98,1,True,False,Settled,2023-08-12,357,823414.8,False,Resolved,1
CC-2022-0840,London Commercial Court,JUD-02,2022-08-20,High,2060460.09,1,False,False,Settled,2024-04-07,596,490678.61,False,Resolved,1
CC-2022-0998,London Commercial Court,JUD-01,2022-08-21,Low,127248.41,0,False,False,Dismissed,2023-04-10,232,0.0,False,Resolved,1
CC-2022-1161,London Commercial Court,JUD-02,2022-08-21,High,4876442.23,3,False,False,,,1409,,,Ongoing,0
CC-2022-0546,Singapore International Comm.,JUD-09,2022-08-22,Low,1777211.26,3,False,False,Settled,2023-03-16,206,482490.01,False,Resolved,1
CC-2022-0864,High Court — Chancery Division,JUD-04,2022-08-22,High,6260339.68,5,False,False,Dismissed,2025-12-27,1223,0.0,False,Resolved,1
CC-2022-0750,US District Court — N.D. Cal.,JUD-08,2022-08-22,Medium,668733.42,2,True,True,Dismissed,2023-01-10,141,0.0,False,Resolved,1
CC-2022-0670,Singapore International Comm.,JUD-09,2022-08-22,Medium,1660024.88,1,True,False,Settled,2023-12-28,493,350996.25,False,Resolved,1
CC-2022-0041,US District Court — S.D.N.Y.,JUD-07,2022-08-23,High,458935.66,4,False,False,Settled,2024-12-22,852,274765.7,False,Resolved,1
CC-2022-1152,US District Court — S.D.N.Y.,JUD-06,2022-08-23,Medium,398822.99,1,False,False,Settled,2023-04-25,245,98785.08,False,Resolved,1
CC-2022-0633,US District Court — N.D. Cal.,JUD-08,2022-08-23,Medium,786230.15,4,True,False,Dismissed,2024-04-19,605,0.0,False,Resolved,1
CC-2022-0693,High Court — KBD (TCC),JUD-05,2022-08-23,High,425827.21,4,False,False,Settled,2024-07-19,696,264598.44,False,Resolved,1
CC-2022-1133,High Court — Chancery Division,JUD-04,2022-08-23,Low,339992.82,0,False,False,Settled,2023-11-09,443,112150.8,False,Resolved,1
CC-2022-0055,US District Court — S.D.N.Y.,JUD-06,2022-08-24,Low,435891.04,1,True,False,Dismissed,2023-04-13,232,0.0,False,Resolved,1
CC-2022-1237,US District Court — S.D.N.Y.,JUD-07,2022-08-24,Low,959355.79,1,False,False,Settled,2023-05-08,257,494416.72,False,Resolved,1
CC-2022-0078,Dubai International Fin. Centre,JUD-10,2022-08-24,Low,851079.31,1,False,False,Trial Judgment,2023-04-20,239,0.0,False,Resolved,1
CC-2022-1187,High Court — KBD (TCC),JUD-05,2022-08-24,Low,396587.24,0,False,False,Settled,2023-07-24,334,304633.23,True,Resolved,1
CC-2022-1004,London Commercial Court,JUD-02,2022-08-26,Medium,1374621.32,2,False,False,Dismissed,2024-01-27,519,0.0,False,Resolved,1
CC-2022-0897,Singapore International Comm.,JUD-09,2022-08-26,Medium,725244.72,3,False,False,Settled,2023-10-29,429,174674.45,False,Resolved,1
CC-2022-0365,US District Court — N.D. Cal.,JUD-08,2022-08-27,Low,319144.57,2,True,True,Settled,2023-04-13,229,172866.12,True,Resolved,1
CC-2022-0857,US District Court — N.D. Cal.,JUD-08,2022-08-27,Low,701785.17,2,False,False,Settled,2023-04-05,221,472650.28,False,Resolved,1
CC-2022-0522,Dubai International Fin. Centre,JUD-10,2022-08-27,Low,203954.47,0,False,False,Settled,2023-04-03,219,101458.28,False,Resolved,1
CC-2022-0481,London Commercial Court,JUD-02,2022-08-27,Low,228177.53,3,False,False,Dismissed,2023-06-08,285,0.0,False,Resolved,1
CC-2022-1034,Singapore International Comm.,JUD-09,2022-08-27,Low,1689343.46,2,False,False,Settled,2023-01-28,154,1604876.29,False,Resolved,1
CC-2022-0328,US District Court — S.D.N.Y.,JUD-06,2022-08-28,Medium,1410459.46,1,False,False,Settled,2023-06-19,295,681157.01,False,Resolved,1
CC-2022-0032,London Commercial Court,JUD-01,2022-08-28,Low,3846880.55,0,True,True,Dismissed,2023-04-03,218,0.0,False,Resolved,1
CC-2022-0866,US District Court — S.D.N.Y.,JUD-07,2022-08-28,Low,356786.08,0,False,False,Settled,2025-04-16,962,224072.91,True,Resolved,1
CC-2022-0205,Singapore International Comm.,JUD-09,2022-08-28,Medium,290005.03,3,False,False,Settled,2024-05-27,638,32550.7,False,Resolved,1
CC-2022-0402,US District Court — N.D. Cal.,JUD-08,2022-08-28,High,358004.55,8,False,False,Settled,2024-11-24,819,131558.8,False,Resolved,1
CC-2022-0048,US District Court — S.D.N.Y.,JUD-07,2022-08-29,Low,92424.41,1,True,False,Settled,2023-05-13,257,29872.1,False,Resolved,1
CC-2022-1109,London Commercial Court,JUD-02,2022-08-29,Low,653269.25,0,True,False,Settled,2023-04-30,244,77882.24,False,Resolved,1
CC-2022-0359,US District Court — S.D.N.Y.,JUD-06,2022-08-29,Low,1265437.67,3,False,False,Dismissed,2023-03-16,199,0.0,False,Resolved,1
CC-2022-1068,London Commercial Court,JUD-01,2022-08-29,High,126120.64,2,True,False,Dismissed,2024-01-27,516,0.0,False,Resolved,1
CC-2022-1181,US District Court — S.D.N.Y.,JUD-06,2022-08-29,Medium,292215.18,2,False,False,Settled,2023-07-20,325,120595.64,False,Resolved,1
CC-2022-1033,US District Court — S.D.N.Y.,JUD-07,2022-08-29,Medium,320232.76,2,True,False,Dismissed,2024-07-12,683,0.0,False,Resolved,1
CC-2022-0138,Singapore International Comm.,JUD-09,2022-08-29,Medium,6637290.43,3,False,False,Settled,2024-03-02,551,2432968.09,False,Resolved,1
CC-2022-0910,Singapore International Comm.,JUD-09,2022-08-30,Low,156591.24,0,False,False,Settled,2023-02-08,162,26268.87,False,Resolved,1
CC-2022-0093,London Commercial Court,JUD-01,2022-08-30,Medium,247565.53,4,False,False,Settled,2024-03-14,562,133597.88,False,Resolved,1
CC-2022-0491,High Court — Chancery Division,JUD-04,2022-08-31,Medium,316492.89,3,True,False,Settled,2024-12-26,848,91392.95,False,Resolved,1
CC-2022-0159,US District Court — S.D.N.Y.,JUD-07,2022-09-01,Low,594576.61,0,True,False,Dismissed,2023-05-18,259,0.0,False,Resolved,1
CC-2022-1077,London Commercial Court,JUD-01,2022-09-01,High,892197.72,4,False,False,Settled,2024-09-29,759,215563.21,False,Resolved,1
CC-2022-0411,London Commercial Court,JUD-01,2022-09-01,Low,523345.8,3,True,False,Settled,2023-04-25,236,108379.16,False,Resolved,1
CC-2022-0097,London Commercial Court,JUD-02,2022-09-01,Medium,298565.07,3,False,False,Settled,2024-07-25,693,109329.58,False,Resolved,1
CC-2022-0307,US District Court — S.D.N.Y.,JUD-07,2022-09-02,Medium,4006140.55,3,False,False,Settled,2023-11-09,433,551942.76,False,Resolved,1
CC-2022-0816,High Court — KBD (TCC),JUD-05,2022-09-02,Low,1688151.99,1,False,False,Settled,2023-11-17,441,270923.15,False,Resolved,1
CC-2022-0289,High Court — Chancery Division,JUD-04,2022-09-02,High,3345242.28,1,True,False,Dismissed,2025-06-12,1014,0.0,False,Resolved,1
CC-2022-0762,High Court — Chancery Division,JUD-03,2022-09-02,High,1084694.85,2,False,False,Settled,2024-01-11,496,491535.56,False,Resolved,1
CC-2022-0909,London Commercial Court,JUD-02,2022-09-03,Medium,708708.22,0,False,False,Dismissed,2023-07-09,309,0.0,False,Resolved,1
CC-2022-0114,London Commercial Court,JUD-01,2022-09-03,Medium,2549416.49,6,True,False,Settled,2024-06-16,652,848218.52,False,Resolved,1
CC-2022-0279,High Court — KBD (TCC),JUD-05,2022-09-03,Medium,1604909.54,4,False,False,Settled,2025-12-08,1192,526411.07,True,Resolved,1
CC-2022-1144,High Court — KBD (TCC),JUD-05,2022-09-04,Low,482198.75,1,False,False,Settled,2023-12-03,455,222705.82,False,Resolved,1
CC-2022-0092,US District Court — N.D. Cal.,JUD-08,2022-09-04,Low,253212.16,0,False,False,Settled,2023-03-29,206,58407.66,False,Resolved,1
CC-2022-0246,High Court — Chancery Division,JUD-04,2022-09-04,Medium,725106.01,0,False,False,Dismissed,2024-04-28,602,0.0,False,Resolved,1
CC-2022-1179,Singapore International Comm.,JUD-09,2022-09-04,Low,355165.39,3,True,False,Settled,2023-07-22,321,136771.5,False,Resolved,1
CC-2022-0017,Singapore International Comm.,JUD-09,2022-09-05,Low,400148.78,0,True,True,Settled,2023-01-12,129,238872.39,False,Resolved,1
CC-2022-0961,US District Court — S.D.N.Y.,JUD-07,2022-09-05,Low,87791.08,2,True,True,Dismissed,2023-01-09,126,0.0,False,Resolved,1
CC-2022-0630,High Court — KBD (TCC),JUD-05,2022-09-05,Medium,453166.98,3,True,False,Settled,2023-10-17,407,368097.72,False,Resolved,1
CC-2022-1125,London Commercial Court,JUD-01,2022-09-05,Low,254681.56,1,False,False,Dismissed,2023-06-10,278,0.0,False,Resolved,1
CC-2022-0800,US District Court — N.D. Cal.,JUD-08,2022-09-06,Medium,859628.22,2,False,False,Dismissed,2023-05-18,254,0.0,False,Resolved,1
CC-2022-0388,High Court — KBD (TCC),JUD-05,2022-09-06,Medium,380912.12,2,False,False,Settled,2024-04-18,590,199036.37,False,Resolved,1
CC-2022-0013,High Court — KBD (TCC),JUD-05,2022-09-06,Low,425897.72,0,True,False,Settled,2023-08-15,343,375678.36,True,Resolved,1
CC-2022-0629,High Court — Chancery Division,JUD-03,2022-09-07,Medium,84031.07,2,True,False,Dismissed,2024-03-29,569,0.0,False,Resolved,1
CC-2022-0576,Dubai International Fin. Centre,JUD-10,2022-09-07,Medium,280140.5,1,False,False,Settled,2023-04-05,210,41809.51,False,Resolved,1
CC-2022-1244,US District Court — N.D. Cal.,JUD-08,2022-09-07,Low,1018748.36,1,True,False,Settled,2023-08-28,355,179317.08,False,Resolved,1
CC-2022-0843,High Court — KBD (TCC),JUD-05,2022-09-08,Medium,2911888.45,2,True,False,Settled,2023-10-23,410,1377646.83,False,Resolved,1
CC-2022-0336,High Court — Chancery Division,JUD-03,2022-09-08,Medium,883316.5,1,False,False,Settled,2024-04-15,585,553876.34,False,Resolved,1
CC-2022-0530,London Commercial Court,JUD-02,2022-09-08,Low,771977.64,2,True,False,Settled,2023-08-09,335,305497.66,False,Resolved,1
CC-2022-0697,London Commercial Court,JUD-02,2022-09-09,Medium,450490.47,1,True,False,Settled,2023-06-26,290,232869.6,False,Resolved,1
CC-2022-1236,High Court — Chancery Division,JUD-04,2022-09-09,Low,407686.04,1,True,True,Dismissed,2023-03-18,190,0.0,False,Resolved,1
CC-2022-0436,US District Court — S.D.N.Y.,JUD-06,2022-09-09,Medium,236628.69,2,True,False,Settled,2023-07-19,313,121464.05,False,Resolved,1
CC-2022-0373,High Court — KBD (TCC),JUD-05,2022-09-09,Low,2066224.47,0,False,False,Dismissed,2023-11-02,419,0.0,False,Resolved,1
CC-2022-0189,London Commercial Court,JUD-02,2022-09-09,Medium,445826.89,3,False,False,Settled,2024-04-16,585,156752.93,False,Resolved,1
CC-2022-1249,Singapore International Comm.,JUD-09,2022-09-10,Medium,130496.48,2,False,False,Settled,2023-12-09,455,31241.56,True,Resolved,1
CC-2022-1041,High Court — Chancery Division,JUD-04,2022-09-10,Medium,915980.82,2,True,False,Settled,2024-09-26,747,673470.04,False,Resolved,1
CC-2022-1195,High Court — Chancery Division,JUD-03,2022-09-10,High,2239534.63,5,True,False,Settled,2024-11-30,812,889785.31,True,Resolved,1
CC-2022-0341,London Commercial Court,JUD-01,2022-09-11,Low,1218192.66,0,True,False,Settled,2023-12-26,471,791929.08,False,Resolved,1
CC-2022-0681,US District Court — S.D.N.Y.,JUD-07,2022-09-11,Medium,240049.77,3,False,False,Settled,2023-03-27,197,31358.48,False,Resolved,1
CC-2022-0907,US District Court — N.D. Cal.,JUD-08,2022-09-11,Medium,1018273.83,1,False,False,Settled,2024-03-15,551,418159.65,False,Resolved,1
CC-2022-0970,High Court — Chancery Division,JUD-03,2022-09-11,High,357424.84,1,False,False,Dismissed,2024-08-17,706,0.0,False,Resolved,1
CC-2022-0989,Singapore International Comm.,JUD-09,2022-09-12,Medium,1445888.08,2,True,False,Settled,2023-10-20,403,285413.34,False,Resolved,1
CC-2022-0429,High Court — Chancery Division,JUD-04,2022-09-12,Low,175020.35,1,False,False,Dismissed,2023-04-20,220,0.0,False,Resolved,1
CC-2022-0350,London Commercial Court,JUD-02,2022-09-12,High,1480425.45,5,True,False,,,1387,,,Ongoing,0
CC-2022-0250,Singapore International Comm.,JUD-09,2022-09-13,Medium,1053678.98,1,False,False,Settled,2024-04-11,576,354845.21,False,Resolved,1
CC-2022-0933,US District Court — S.D.N.Y.,JUD-06,2022-09-13,Medium,845859.04,2,True,False,Dismissed,2023-08-07,328,0.0,False,Resolved,1
CC-2022-0930,High Court — Chancery Division,JUD-03,2022-09-13,Low,697646.63,1,True,False,Settled,2023-06-29,289,167601.22,False,Resolved,1
CC-2022-0743,Singapore International Comm.,JUD-09,2022-09-13,Medium,880448.42,1,False,False,Trial Judgment,2024-01-29,503,596283.02,False,Resolved,1
CC-2022-0813,London Commercial Court,JUD-01,2022-09-13,Medium,171993.81,3,False,False,Dismissed,2023-12-16,459,0.0,False,Resolved,1
CC-2022-1046,High Court — KBD (TCC),JUD-05,2022-09-13,Medium,4202917.38,1,True,False,Settled,2024-12-04,813,1166280.31,False,Resolved,1
CC-2022-0215,US District Court — N.D. Cal.,JUD-08,2022-09-13,Medium,1301697.74,3,False,False,Settled,2023-06-28,288,281522.23,False,Resolved,1
CC-2022-1088,London Commercial Court,JUD-02,2022-09-13,High,76404.7,4,True,False,Settled,2025-06-06,997,46037.71,False,Resolved,1
CC-2022-0538,London Commercial Court,JUD-01,2022-09-14,Low,1949281.34,1,False,False,Settled,2023-11-17,429,197742.71,False,Resolved,1
CC-2022-0826,London Commercial Court,JUD-02,2022-09-14,Medium,1406843.3,3,True,False,Dismissed,2023-11-07,419,0.0,False,Resolved,1
CC-2022-0210,High Court — Chancery Division,JUD-04,2022-09-14,Low,435765.5,0,True,False,Settled,2023-06-18,277,145508.91,False,Resolved,1
CC-2022-0634,US District Court — S.D.N.Y.,JUD-07,2022-09-14,Low,1501331.21,4,False,False,Settled,2023-08-10,330,991345.01,False,Resolved,1
CC-2022-0316,US District Court — S.D.N.Y.,JUD-07,2022-09-15,Medium,141867.9,1,True,False,Dismissed,2023-06-23,281,0.0,False,Resolved,1
CC-2022-0156,Singapore International Comm.,JUD-09,2022-09-15,High,299096.39,5,True,True,Dismissed,2023-07-21,309,0.0,False,Resolved,1
CC-2022-0392,US District Court — S.D.N.Y.,JUD-06,2022-09-15,Medium,1936079.88,1,True,True,Dismissed,2023-05-03,230,0.0,False,Resolved,1
CC-2022-0181,US District Court — S.D.N.Y.,JUD-07,2022-09-15,Medium,960324.65,1,True,False,,,1384,,,Ongoing,0
CC-2022-0768,US District Court — S.D.N.Y.,JUD-06,2022-09-16,Medium,683460.96,6,True,False,Trial Judgment,2024-10-13,758,0.0,False,Resolved,1
CC-2022-0881,London Commercial Court,JUD-02,2022-09-16,Medium,6085853.15,3,False,False,Settled,2023-09-08,357,3433385.64,False,Resolved,1
CC-2022-1138,US District Court — S.D.N.Y.,JUD-06,2022-09-16,Low,91003.06,1,False,False,Dismissed,2023-01-15,121,0.0,False,Resolved,1
CC-2022-0319,Dubai International Fin. Centre,JUD-10,2022-09-16,High,224894.13,6,False,False,Dismissed,2024-06-06,629,0.0,False,Resolved,1
CC-2022-0659,High Court — KBD (TCC),JUD-05,2022-09-17,Medium,1211509.47,5,True,False,Settled,2024-03-13,543,726966.61,False,Resolved,1
CC-2022-0227,London Commercial Court,JUD-01,2022-09-18,Low,268204.04,0,False,False,Trial Judgment,2023-12-22,460,191946.91,False,Resolved,1
CC-2022-0548,High Court — Chancery Division,JUD-04,2022-09-18,Medium,147815.52,2,False,False,Settled,2023-05-07,231,30033.35,False,Resolved,1
CC-2022-1003,US District Court — S.D.N.Y.,JUD-07,2022-09-18,Medium,1392822.08,1,False,False,Settled,2023-07-01,286,552485.12,False,Resolved,1
CC-2022-1114,High Court — KBD (TCC),JUD-05,2022-09-18,Low,431456.25,0,False,False,Dismissed,2023-05-06,230,0.0,False,Resolved,1
CC-2022-0465,High Court — KBD (TCC),JUD-05,2022-09-18,Low,500019.23,0,False,False,Settled,2023-07-04,289,216524.58,False,Resolved,1
CC-2022-0724,US District Court — S.D.N.Y.,JUD-07,2022-09-19,Medium,370392.8,3,False,False,Settled,2023-12-26,463,64728.31,True,Resolved,1
CC-2022-0243,US District Court — S.D.N.Y.,JUD-07,2022-09-19,Low,82897.59,1,False,False,Settled,2023-06-16,270,23156.68,False,Resolved,1
CC-2022-0957,High Court — KBD (TCC),JUD-05,2022-09-20,Low,125791.27,1,True,False,Settled,2023-10-21,396,52051.1,False,Resolved,1
CC-2022-0679,High Court — Chancery Division,JUD-04,2022-09-20,High,762581.73,6,True,False,Settled,2025-04-26,949,180705.99,False,Resolved,1
CC-2022-0888,London Commercial Court,JUD-01,2022-09-20,Medium,653735.28,3,True,True,Dismissed,2023-04-06,198,0.0,False,Resolved,1
CC-2022-0237,Dubai International Fin. Centre,JUD-10,2022-09-20,High,664428.52,2,False,False,Settled,2023-09-29,374,20065.62,False,Resolved,1
CC-2022-0702,US District Court — N.D. Cal.,JUD-08,2022-09-20,Medium,82502.77,1,True,True,Dismissed,2023-02-21,154,0.0,False,Resolved,1
CC-2022-0523,High Court — KBD (TCC),JUD-05,2022-09-21,Medium,1935928.25,3,False,False,Settled,2024-04-06,563,513553.79,False,Resolved,1
CC-2022-0497,High Court — KBD (TCC),JUD-05,2022-09-21,Low,494800.62,3,True,False,Settled,2024-09-25,735,350698.17,True,Resolved,1
CC-2022-0415,London Commercial Court,JUD-01,2022-09-21,Medium,154135.6,5,True,False,Settled,2023-08-25,338,14887.62,False,Resolved,1
CC-2022-0831,London Commercial Court,JUD-01,2022-09-22,Medium,380200.14,0,False,False,Settled,2023-07-16,297,204296.57,False,Resolved,1
CC-2022-0196,US District Court — S.D.N.Y.,JUD-07,2022-09-22,Low,253318.06,0,False,False,Dismissed,2023-04-08,198,0.0,False,Resolved,1
CC-2022-0194,Singapore International Comm.,JUD-09,2022-09-22,Low,260800.12,0,False,False,Settled,2023-02-09,140,133594.19,False,Resolved,1
CC-2022-0122,US District Court — S.D.N.Y.,JUD-06,2022-09-22,Medium,409202.41,1,False,False,Dismissed,2024-09-27,736,0.0,False,Resolved,1
CC-2022-0103,US District Court — N.D. Cal.,JUD-08,2022-09-23,Medium,182366.55,4,True,False,Settled,2023-07-12,292,89068.15,False,Resolved,1
CC-2022-0085,High Court — Chancery Division,JUD-03,2022-09-23,Low,173199.24,0,True,True,Dismissed,2023-03-04,162,0.0,False,Resolved,1
CC-2022-0444,US District Court — S.D.N.Y.,JUD-06,2022-09-23,Medium,160671.3,0,True,False,Settled,2023-07-11,291,47859.52,False,Resolved,1
CC-2022-0589,US District Court — N.D. Cal.,JUD-08,2022-09-23,Low,1238829.01,1,True,False,Settled,2023-07-29,309,504605.33,False,Resolved,1
CC-2022-0171,High Court — KBD (TCC),JUD-05,2022-09-23,Medium,1205733.24,7,False,False,Settled,2025-08-26,1068,546706.66,False,Resolved,1
CC-2022-0974,US District Court — N.D. Cal.,JUD-08,2022-09-24,Low,1416785.95,2,True,False,Settled,2023-07-22,301,319805.87,False,Resolved,1
CC-2022-1103,London Commercial Court,JUD-02,2022-09-24,Medium,196248.34,2,True,False,Settled,2024-11-19,787,77685.38,False,Resolved,1
CC-2022-0387,Dubai International Fin. Centre,JUD-10,2022-09-25,High,614848.21,4,True,False,Settled,2024-01-03,465,386931.3,False,Resolved,1
CC-2022-0285,London Commercial Court,JUD-02,2022-09-25,High,1076792.39,4,False,False,Dismissed,2024-04-02,555,0.0,False,Resolved,1
CC-2022-0874,US District Court — N.D. Cal.,JUD-08,2022-09-25,High,1329090.75,1,True,False,Settled,2024-03-14,536,774076.76,False,Resolved,1
CC-2022-0447,High Court — KBD (TCC),JUD-05,2022-09-25,Low,133136.08,0,True,False,Settled,2023-09-11,351,40063.56,False,Resolved,1
CC-2022-0838,US District Court — S.D.N.Y.,JUD-07,2022-09-26,Medium,415110.57,2,True,False,Dismissed,2023-09-16,355,0.0,False,Resolved,1
CC-2022-0867,London Commercial Court,JUD-01,2022-09-26,Medium,160468.92,2,True,False,Settled,2023-09-30,369,35095.66,False,Resolved,1
CC-2022-0783,US District Court — S.D.N.Y.,JUD-07,2022-09-26,Low,639109.88,1,True,True,Dismissed,2023-05-18,234,0.0,False,Resolved,1
CC-2022-1230,London Commercial Court,JUD-01,2022-09-27,Low,1191737.88,1,True,True,Dismissed,2023-01-25,120,0.0,False,Resolved,1
CC-2022-0984,London Commercial Court,JUD-02,2022-09-27,High,6476771.21,5,True,False,Settled,2025-03-26,911,3913962.44,False,Resolved,1
CC-2022-0825,London Commercial Court,JUD-01,2022-09-27,Medium,801064.91,3,False,False,Settled,2025-04-09,925,125140.04,False,Resolved,1
CC-2022-0853,High Court — Chancery Division,JUD-04,2022-09-27,Low,1044659.96,2,False,False,Settled,2023-10-15,383,111066.75,False,Resolved,1
CC-2022-0689,US District Court — N.D. Cal.,JUD-08,2022-09-27,Medium,1071133.22,1,True,False,Settled,2024-08-27,700,521506.7,False,Resolved,1
CC-2022-1261,High Court — KBD (TCC),JUD-05,2022-09-28,High,1142616.12,6,True,False,,,1371,,,Ongoing,0
CC-2022-0343,High Court — KBD (TCC),JUD-05,2022-09-28,Low,1621925.37,1,True,False,Dismissed,2023-06-20,265,0.0,False,Resolved,1
CC-2022-0219,London Commercial Court,JUD-02,2022-09-28,Low,303845.12,0,True,False,Dismissed,2023-08-09,315,0.0,False,Resolved,1
CC-2022-0870,US District Court — N.D. Cal.,JUD-08,2022-09-28,Low,303636.33,1,True,True,Dismissed,2023-01-16,110,0.0,False,Resolved,1
CC-2022-1086,London Commercial Court,JUD-02,2022-09-28,Medium,389732.59,1,True,False,Settled,2024-05-10,590,203274.3,False,Resolved,1
CC-2022-0453,US District Court — S.D.N.Y.,JUD-06,2022-09-28,Low,1154214.83,2,False,False,Dismissed,2023-02-08,133,0.0,False,Resolved,1
CC-2022-0311,High Court — Chancery Division,JUD-03,2022-09-28,High,159303.0,4,True,False,Settled,2025-05-10,955,43675.67,False,Resolved,1
CC-2022-1127,Singapore International Comm.,JUD-09,2022-09-28,Low,157716.46,0,False,False,Settled,2023-03-17,170,79337.05,False,Resolved,1
CC-2022-1094,High Court — Chancery Division,JUD-04,2022-09-28,High,810503.4,4,True,False,Trial Judgment,2025-09-14,1082,0.0,False,Resolved,1
CC-2022-1223,US District Court — S.D.N.Y.,JUD-06,2022-09-29,Medium,2443291.3,1,False,False,Settled,2023-04-30,213,1021764.28,False,Resolved,1
CC-2022-0758,Singapore International Comm.,JUD-09,2022-10-01,Low,276930.67,0,False,False,Settled,2023-03-08,158,38418.81,False,Resolved,1
CC-2022-0883,US District Court — S.D.N.Y.,JUD-07,2022-10-02,Medium,1093273.63,8,False,False,Dismissed,2024-02-05,491,0.0,False,Resolved,1
CC-2022-0416,High Court — Chancery Division,JUD-04,2022-10-02,Medium,7873234.7,3,True,False,Settled,2024-02-14,500,2188120.61,False,Resolved,1
CC-2022-0452,US District Court — S.D.N.Y.,JUD-06,2022-10-02,Medium,3287572.47,5,False,False,Settled,2023-07-27,298,817064.59,False,Resolved,1
CC-2022-1040,Singapore International Comm.,JUD-09,2022-10-02,Low,571537.28,0,False,False,Settled,2023-12-12,436,108884.85,False,Resolved,1
CC-2022-0245,High Court — Chancery Division,JUD-04,2022-10-03,Low,196185.34,1,True,True,Dismissed,2023-03-23,171,0.0,False,Resolved,1
CC-2022-0155,London Commercial Court,JUD-02,2022-10-03,Medium,593404.37,3,True,False,Settled,2023-12-25,448,330764.89,False,Resolved,1
CC-2022-0185,High Court — KBD (TCC),JUD-05,2022-10-03,Medium,439035.31,2,False,False,Settled,2025-07-16,1017,235613.31,False,Resolved,1
CC-2022-0409,US District Court — N.D. Cal.,JUD-08,2022-10-03,Medium,351340.99,2,True,False,Settled,2023-11-24,417,106061.26,False,Resolved,1
CC-2022-0921,High Court — Chancery Division,JUD-04,2022-10-04,Low,414918.58,1,False,False,Settled,2023-10-08,369,100447.88,False,Resolved,1
CC-2022-1163,US District Court — S.D.N.Y.,JUD-06,2022-10-04,High,2760453.16,8,False,False,Dismissed,2024-07-30,665,0.0,False,Resolved,1
CC-2022-0529,US District Court — S.D.N.Y.,JUD-07,2022-10-04,Medium,428341.49,0,False,False,Settled,2023-09-26,357,227871.11,False,Resolved,1
CC-2022-0039,Dubai International Fin. Centre,JUD-10,2022-10-04,Medium,826875.27,1,True,False,Settled,2024-03-14,527,181824.12,False,Resolved,1
CC-2022-1228,London Commercial Court,JUD-01,2022-10-04,Medium,1136567.69,2,False,False,Settled,2025-09-15,1077,281486.21,True,Resolved,1
CC-2022-0446,London Commercial Court,JUD-01,2022-10-05,High,181640.66,5,True,True,Dismissed,2024-03-11,523,0.0,False,Resolved,1
CC-2022-0105,Dubai International Fin. Centre,JUD-10,2022-10-05,High,375684.29,4,False,False,Settled,2024-01-27,479,157812.8,False,Resolved,1
CC-2022-0057,High Court — Chancery Division,JUD-03,2022-10-05,Low,495862.13,5,True,False,Settled,2024-06-05,609,445702.34,False,Resolved,1
CC-2022-0969,High Court — KBD (TCC),JUD-05,2022-10-05,High,100259.6,3,True,False,Settled,2023-10-20,380,19451.64,False,Resolved,1
CC-2022-0725,Dubai International Fin. Centre,JUD-10,2022-10-05,High,531226.55,5,False,False,Settled,2025-01-12,830,268259.49,False,Resolved,1
CC-2022-0300,High Court — KBD (TCC),JUD-05,2022-10-06,Medium,314558.41,3,True,False,Settled,2024-10-10,735,92079.93,False,Resolved,1
CC-2022-0212,High Court — KBD (TCC),JUD-05,2022-10-06,Low,1182200.16,1,False,False,Settled,2023-07-27,294,712464.77,False,Resolved,1
CC-2022-1150,Dubai International Fin. Centre,JUD-10,2022-10-06,Medium,2519396.36,3,False,False,Dismissed,2023-12-18,438,0.0,False,Resolved,1
CC-2022-0761,High Court — KBD (TCC),JUD-05,2022-10-06,Low,690933.37,1,True,False,Settled,2023-06-05,242,376898.65,False,Resolved,1
CC-2022-0692,Dubai International Fin. Centre,JUD-10,2022-10-06,Medium,693017.71,1,False,False,Settled,2023-06-10,247,171445.6,False,Resolved,1
CC-2022-0441,High Court — KBD (TCC),JUD-05,2022-10-07,Medium,118902.22,2,False,False,Settled,2024-02-16,497,67093.49,False,Resolved,1
CC-2022-1254,US District Court — N.D. Cal.,JUD-08,2022-10-07,Medium,411590.91,3,True,False,Dismissed,2023-04-05,180,0.0,False,Resolved,1
CC-2022-0456,US District Court — S.D.N.Y.,JUD-07,2022-10-07,High,62468.05,3,True,False,Dismissed,2023-08-08,305,0.0,False,Resolved,1
CC-2022-0668,London Commercial Court,JUD-02,2022-10-08,Low,132074.88,2,True,False,Trial Judgment,2023-09-03,330,0.0,False,Resolved,1
CC-2022-0570,High Court — Chancery Division,JUD-03,2022-10-08,High,50885.48,3,False,False,Settled,2023-12-17,435,36261.95,False,Resolved,1
CC-2022-0613,Singapore International Comm.,JUD-09,2022-10-08,Medium,304137.42,4,False,False,Settled,2024-01-27,476,232444.68,False,Resolved,1
CC-2022-1182,High Court — KBD (TCC),JUD-05,2022-10-09,Medium,683250.45,5,True,False,Settled,2025-06-24,989,447165.37,False,Resolved,1
CC-2022-0654,London Commercial Court,JUD-02,2022-10-09,Low,501172.3,2,False,False,Settled,2024-11-09,762,297380.04,True,Resolved,1
CC-2022-0070,Singapore International Comm.,JUD-09,2022-10-09,Medium,113839.61,2,False,False,Settled,2023-08-22,317,34707.81,False,Resolved,1
CC-2022-0707,US District Court — N.D. Cal.,JUD-08,2022-10-09,Medium,619226.13,2,False,False,Settled,2024-03-06,514,136976.56,False,Resolved,1
CC-2022-0656,High Court — Chancery Division,JUD-04,2022-10-10,Low,1267066.22,1,True,True,Dismissed,2023-03-11,152,0.0,False,Resolved,1
CC-2022-0127,London Commercial Court,JUD-02,2022-10-10,Medium,532372.9,4,False,False,Settled,2024-03-23,530,368678.16,False,Resolved,1
CC-2022-0927,High Court — KBD (TCC),JUD-05,2022-10-10,Low,864722.86,0,True,True,Dismissed,2023-03-06,147,0.0,False,Resolved,1
CC-2022-0082,Dubai International Fin. Centre,JUD-10,2022-10-10,Low,115933.77,1,False,False,Settled,2023-06-26,259,38868.55,False,Resolved,1
CC-2022-0923,Singapore International Comm.,JUD-09,2022-10-11,Low,2058150.62,1,False,False,Settled,2023-03-05,145,1458093.34,False,Resolved,1
CC-2022-0044,High Court — Chancery Division,JUD-03,2022-10-12,Medium,129879.69,2,True,False,Dismissed,2023-11-03,387,0.0,False,Resolved,1
CC-2022-0261,High Court — Chancery Division,JUD-04,2022-10-12,Medium,1744326.49,2,False,False,Settled,2025-05-13,944,517589.78,False,Resolved,1
CC-2022-0808,London Commercial Court,JUD-02,2022-10-12,Medium,499965.74,2,False,False,Settled,2024-02-05,481,132630.89,False,Resolved,1
CC-2022-0698,High Court — Chancery Division,JUD-03,2022-10-13,High,387737.32,5,False,False,Settled,2024-05-29,594,57116.69,False,Resolved,1
CC-2022-0224,US District Court — S.D.N.Y.,JUD-06,2022-10-13,Low,190702.35,0,True,True,Dismissed,2023-02-26,136,0.0,False,Resolved,1
CC-2022-1240,London Commercial Court,JUD-01,2022-10-13,High,773333.31,3,True,True,Settled,2025-06-30,991,364174.78,False,Resolved,1
CC-2022-0559,London Commercial Court,JUD-01,2022-10-13,Medium,1033091.6,4,False,False,Settled,2024-04-27,562,271061.48,False,Resolved,1
CC-2022-0539,US District Court — S.D.N.Y.,JUD-06,2022-10-13,Medium,928584.75,2,False,False,Settled,2024-01-20,464,712582.04,False,Resolved,1
CC-2022-0788,London Commercial Court,JUD-01,2022-10-13,High,150046.57,2,False,False,Dismissed,2024-08-19,676,0.0,False,Resolved,1
CC-2022-1134,London Commercial Court,JUD-02,2022-10-14,High,296978.6,4,False,False,Settled,2026-02-12,1217,186443.22,False,Resolved,1
CC-2022-1130,US District Court — N.D. Cal.,JUD-08,2022-10-14,Medium,1089272.13,2,False,False,Settled,2024-01-04,447,76308.07,False,Resolved,1
CC-2022-0242,US District Court — S.D.N.Y.,JUD-07,2022-10-14,High,3933147.3,7,True,False,Settled,2025-07-12,1002,1588487.4,False,Resolved,1
CC-2022-0325,Dubai International Fin. Centre,JUD-10,2022-10-15,High,284810.75,6,True,True,Dismissed,2023-06-28,256,0.0,False,Resolved,1
CC-2022-0937,Singapore International Comm.,JUD-09,2022-10-15,High,578299.06,6,True,False,Settled,2025-07-07,996,118067.18,False,Resolved,1
CC-2022-0922,High Court — Chancery Division,JUD-04,2022-10-15,Medium,3143126.79,4,False,False,Settled,2025-06-26,985,504190.76,True,Resolved,1
CC-2022-1014,Dubai International Fin. Centre,JUD-10,2022-10-16,Low,53336.17,1,False,False,Settled,2023-05-07,203,12720.84,False,Resolved,1
CC-2022-1024,High Court — KBD (TCC),JUD-05,2022-10-16,Low,68940.93,0,False,False,Settled,2023-07-08,265,30468.42,False,Resolved,1
CC-2022-0991,High Court — KBD (TCC),JUD-05,2022-10-16,Medium,552859.47,0,False,False,Settled,2023-10-20,369,192744.78,False,Resolved,1
CC-2022-0231,High Court — KBD (TCC),JUD-05,2022-10-17,Low,704156.64,2,False,False,Settled,2024-01-29,469,162058.47,False,Resolved,1
CC-2022-0161,Singapore International Comm.,JUD-09,2022-10-17,High,401753.58,6,False,False,,,1352,,,Ongoing,0
CC-2022-0271,US District Court — N.D. Cal.,JUD-08,2022-10-17,Medium,854079.26,1,False,False,Settled,2023-11-29,408,291772.03,False,Resolved,1
CC-2022-0912,London Commercial Court,JUD-02,2022-10-17,Low,627492.15,0,False,False,Settled,2023-08-19,306,213941.53,False,Resolved,1
CC-2022-1171,US District Court — N.D. Cal.,JUD-08,2022-10-17,High,740476.89,6,True,False,Settled,2024-02-13,484,196218.91,False,Resolved,1
CC-2022-1239,High Court — Chancery Division,JUD-04,2022-10-18,High,99862.44,5,True,False,Settled,2025-06-21,977,67917.78,False,Resolved,1
CC-2022-0827,Singapore International Comm.,JUD-09,2022-10-18,Medium,401701.26,4,False,False,Dismissed,2023-09-07,324,0.0,False,Resolved,1
CC-2022-0100,US District Court — S.D.N.Y.,JUD-06,2022-10-18,Low,4547054.64,0,True,True,Dismissed,2023-03-23,156,0.0,False,Resolved,1
CC-2022-0710,High Court — Chancery Division,JUD-03,2022-10-18,High,294786.02,2,True,True,Dismissed,2023-12-16,424,0.0,False,Resolved,1
CC-2022-0603,Singapore International Comm.,JUD-09,2022-10-18,Medium,249993.34,4,False,False,Dismissed,2023-10-26,373,0.0,False,Resolved,1
CC-2022-0534,High Court — KBD (TCC),JUD-05,2022-10-19,Low,255226.29,3,False,False,Dismissed,2024-02-01,470,0.0,False,Resolved,1
CC-2022-0211,High Court — KBD (TCC),JUD-05,2022-10-19,Medium,564195.69,0,False,False,Settled,2024-03-26,524,96071.85,False,Resolved,1
CC-2022-0583,Singapore International Comm.,JUD-09,2022-10-19,High,6078263.88,3,False,False,Settled,2024-08-28,679,3602809.5,False,Resolved,1
CC-2022-0310,Singapore International Comm.,JUD-09,2022-10-19,Low,258208.8,1,False,False,Settled,2023-10-06,352,135971.09,False,Resolved,1
CC-2022-0306,London Commercial Court,JUD-01,2022-10-19,High,2072309.25,1,False,False,Settled,2024-04-26,555,142178.84,False,Resolved,1
CC-2022-0129,US District Court — S.D.N.Y.,JUD-06,2022-10-19,Low,266504.08,0,True,True,Settled,2023-02-18,122,180816.6,False,Resolved,1
CC-2022-1099,London Commercial Court,JUD-01,2022-10-19,Low,79246.09,0,False,False,Settled,2023-05-24,217,18948.76,False,Resolved,1
CC-2022-0104,US District Court — S.D.N.Y.,JUD-06,2022-10-20,Medium,901339.0,1,False,False,Settled,2024-01-15,452,174695.72,False,Resolved,1
CC-2022-0043,London Commercial Court,JUD-02,2022-10-20,High,292753.0,5,True,False,Settled,2025-05-28,951,74555.61,False,Resolved,1
CC-2022-0577,London Commercial Court,JUD-02,2022-10-20,Low,98541.02,0,False,False,Settled,2023-08-24,308,58153.23,False,Resolved,1
CC-2022-0558,US District Court — S.D.N.Y.,JUD-06,2022-10-21,Medium,52826.04,2,False,False,Dismissed,2023-05-31,222,0.0,False,Resolved,1
CC-2022-1091,London Commercial Court,JUD-01,2022-10-21,Medium,70376.47,1,False,False,Dismissed,2023-06-16,238,0.0,False,Resolved,1
CC-2022-1049,High Court — Chancery Division,JUD-04,2022-10-21,Medium,834413.88,7,False,False,Settled,2024-09-05,685,219660.58,False,Resolved,1
CC-2022-0775,High Court — KBD (TCC),JUD-05,2022-10-21,High,835461.22,4,False,False,Settled,2025-11-21,1127,157282.32,False,Resolved,1
CC-2022-0793,London Commercial Court,JUD-02,2022-10-21,Low,184564.9,0,False,False,Dismissed,2023-05-30,221,0.0,False,Resolved,1
CC-2022-0397,High Court — KBD (TCC),JUD-05,2022-10-22,Medium,2261809.42,0,False,False,Settled,2024-05-21,577,752231.91,False,Resolved,1
CC-2022-0571,High Court — Chancery Division,JUD-04,2022-10-22,High,1086932.47,8,False,False,Settled,2025-07-01,983,568584.99,False,Resolved,1
CC-2022-0326,High Court — Chancery Division,JUD-04,2022-10-22,Low,798298.92,1,False,False,Settled,2023-08-27,309,103579.49,False,Resolved,1
CC-2022-0744,US District Court — N.D. Cal.,JUD-08,2022-10-22,Low,136362.45,0,False,False,Settled,2023-07-08,259,53252.17,False,Resolved,1
CC-2022-1162,High Court — Chancery Division,JUD-03,2022-10-22,Medium,1259868.05,2,False,False,Settled,2024-06-24,611,683174.43,False,Resolved,1
CC-2022-1096,London Commercial Court,JUD-02,2022-10-22,High,1340848.66,8,True,False,,,1347,,,Ongoing,0
CC-2022-1011,High Court — Chancery Division,JUD-04,2022-10-23,Low,6991954.72,0,False,False,Settled,2023-11-01,374,2934237.9,False,Resolved,1
CC-2022-0088,High Court — Chancery Division,JUD-03,2022-10-23,Medium,1147650.41,3,False,False,Settled,2023-11-07,380,410477.73,False,Resolved,1
CC-2022-0404,US District Court — S.D.N.Y.,JUD-07,2022-10-23,High,296483.31,4,False,False,Dismissed,2024-01-15,449,0.0,False,Resolved,1
CC-2022-0143,US District Court — N.D. Cal.,JUD-08,2022-10-23,Medium,261829.56,0,False,False,Dismissed,2023-11-04,377,0.0,False,Resolved,1
CC-2022-0385,London Commercial Court,JUD-01,2022-10-23,High,217503.42,4,True,False,Dismissed,2024-02-03,468,0.0,False,Resolved,1
CC-2022-0272,High Court — Chancery Division,JUD-04,2022-10-23,Low,676672.34,2,True,True,Dismissed,2023-07-09,259,0.0,False,Resolved,1
CC-2022-1234,High Court — KBD (TCC),JUD-05,2022-10-23,Medium,2275143.13,3,False,False,,,1346,,,Ongoing,0
CC-2022-0079,US District Court — S.D.N.Y.,JUD-06,2022-10-23,Low,346157.78,0,True,False,Trial Judgment,2023-12-05,408,245253.72,False,Resolved,1
CC-2022-0318,High Court — KBD (TCC),JUD-05,2022-10-24,Medium,129593.36,3,False,False,Dismissed,2024-06-08,593,0.0,False,Resolved,1
CC-2022-0101,London Commercial Court,JUD-01,2022-10-24,High,56374.14,1,False,False,Dismissed,2023-09-27,338,0.0,False,Resolved,1
CC-2022-1060,US District Court — N.D. Cal.,JUD-08,2022-10-24,Medium,662722.74,3,True,True,Dismissed,2023-12-24,426,0.0,False,Resolved,1
CC-2022-0586,US District Court — S.D.N.Y.,JUD-06,2022-10-24,Medium,4290371.13,3,True,False,Settled,2024-07-21,636,1684718.12,False,Resolved,1
CC-2022-0516,US District Court — S.D.N.Y.,JUD-06,2022-10-24,High,325956.99,9,True,False,Settled,2026-01-01,1165,128153.79,True,Resolved,1
CC-2022-0528,US District Court — S.D.N.Y.,JUD-07,2022-10-25,High,232422.4,0,False,False,Dismissed,2024-05-04,557,0.0,False,Resolved,1
CC-2022-0556,US District Court — S.D.N.Y.,JUD-06,2022-10-26,Medium,2431437.94,7,True,False,Settled,2024-12-24,790,2088137.88,False,Resolved,1
CC-2022-0580,US District Court — S.D.N.Y.,JUD-07,2022-10-26,Medium,545299.32,2,True,False,Settled,2024-11-19,755,337584.79,False,Resolved,1
CC-2022-0719,Dubai International Fin. Centre,JUD-10,2022-10-26,Low,1943652.74,2,True,False,Settled,2023-10-10,349,77100.28,False,Resolved,1
CC-2022-0726,London Commercial Court,JUD-02,2022-10-26,Medium,188482.89,1,True,False,Dismissed,2023-10-08,347,0.0,False,Resolved,1
CC-2022-0769,US District Court — S.D.N.Y.,JUD-06,2022-10-26,Low,1394133.88,1,True,False,Trial Judgment,2024-04-13,535,1226246.7,False,Resolved,1
CC-2022-0701,US District Court — N.D. Cal.,JUD-08,2022-10-26,High,430682.64,3,False,False,Settled,2024-12-27,793,58593.91,False,Resolved,1
CC-2022-1018,London Commercial Court,JUD-01,2022-10-26,Low,345577.8,0,True,True,Dismissed,2023-03-13,138,0.0,False,Resolved,1
CC-2022-1226,High Court — Chancery Division,JUD-04,2022-10-26,Medium,96509.6,0,False,False,Settled,2024-01-29,460,19926.16,False,Resolved,1
CC-2022-0037,London Commercial Court,JUD-01,2022-10-26,Low,308328.88,2,True,True,Dismissed,2023-04-30,186,0.0,False,Resolved,1
CC-2022-0084,US District Court — S.D.N.Y.,JUD-07,2022-10-27,Low,172947.73,2,False,False,Settled,2023-06-03,219,79349.16,False,Resolved,1
CC-2022-0690,Singapore International Comm.,JUD-09,2022-10-27,Low,378558.81,3,True,True,Dismissed,2023-06-03,219,0.0,False,Resolved,1
CC-2022-0278,London Commercial Court,JUD-02,2022-10-27,Medium,294102.22,4,False,False,Dismissed,2023-12-17,416,0.0,False,Resolved,1
CC-2022-1265,High Court — KBD (TCC),JUD-05,2022-10-27,High,1365840.79,5,False,False,,,1342,,,Ongoing,0
CC-2022-0199,London Commercial Court,JUD-02,2022-10-28,Medium,738796.8,3,True,True,Settled,2023-10-08,345,325357.86,False,Resolved,1
CC-2022-0296,US District Court — S.D.N.Y.,JUD-06,2022-10-28,High,658754.89,6,False,False,Trial Judgment,2026-04-26,1276,552986.94,False,Resolved,1
CC-2022-0631,London Commercial Court,JUD-01,2022-10-28,High,385234.35,3,False,False,Settled,2023-12-31,429,160796.81,False,Resolved,1
CC-2022-0721,High Court — Chancery Division,JUD-04,2022-10-28,Medium,2052872.45,2,False,False,Settled,2024-08-31,673,1043092.38,False,Resolved,1
CC-2022-0928,London Commercial Court,JUD-01,2022-10-28,Low,456637.17,1,False,False,Settled,2023-07-21,266,125123.75,False,Resolved,1
CC-2022-0968,High Court — Chancery Division,JUD-04,2022-10-28,Medium,351848.22,3,True,False,Dismissed,2024-01-04,433,0.0,False,Resolved,1
CC-2022-0511,High Court — KBD (TCC),JUD-05,2022-10-28,Medium,832977.98,4,True,False,Settled,2024-01-02,431,215874.56,False,Resolved,1
CC-2022-0848,London Commercial Court,JUD-02,2022-10-28,Low,1065578.8,4,True,False,Settled,2023-12-10,408,184260.9,False,Resolved,1
CC-2022-0106,High Court — Chancery Division,JUD-04,2022-10-29,Medium,216712.08,3,False,False,Settled,2024-11-01,734,115160.18,False,Resolved,1
CC-2022-1256,London Commercial Court,JUD-02,2022-10-30,High,229772.03,5,False,False,Settled,2024-03-22,509,155467.37,False,Resolved,1
CC-2022-0461,High Court — KBD (TCC),JUD-05,2022-10-30,Medium,246404.79,2,True,False,Dismissed,2023-07-21,264,0.0,False,Resolved,1
CC-2022-0890,High Court — KBD (TCC),JUD-05,2022-10-30,Low,968125.97,1,True,True,Dismissed,2023-04-18,170,0.0,False,Resolved,1
CC-2022-0184,US District Court — N.D. Cal.,JUD-08,2022-10-30,Low,482717.17,1,False,False,Settled,2023-04-26,178,174809.3,False,Resolved,1
CC-2022-0667,US District Court — N.D. Cal.,JUD-08,2022-10-30,Medium,211867.66,2,True,True,Dismissed,2023-10-15,350,0.0,False,Resolved,1
CC-2022-1007,Dubai International Fin. Centre,JUD-10,2022-10-30,Low,4286289.65,1,True,False,Settled,2023-10-26,361,918831.39,False,Resolved,1
CC-2022-0225,London Commercial Court,JUD-02,2022-10-31,Medium,111780.11,0,False,False,Trial Judgment,2023-12-13,408,102021.68,False,Resolved,1
CC-2022-1132,High Court — KBD (TCC),JUD-05,2022-11-01,High,415551.5,3,True,False,Settled,2026-02-07,1194,26705.62,False,Resolved,1
CC-2022-1026,London Commercial Court,JUD-01,2022-11-01,High,142304.23,2,False,False,Dismissed,2024-04-15,531,0.0,False,Resolved,1
CC-2022-0835,High Court — Chancery Division,JUD-04,2022-11-01,Medium,3831614.7,1,False,False,Settled,2025-06-30,972,624749.63,False,Resolved,1
CC-2022-1221,US District Court — S.D.N.Y.,JUD-06,2022-11-01,Low,3158671.94,2,False,False,Settled,2024-02-02,458,809449.22,False,Resolved,1
CC-2022-0051,High Court — Chancery Division,JUD-04,2022-11-02,Low,2095051.2,1,False,False,Settled,2023-10-30,362,873615.57,False,Resolved,1
CC-2022-0071,High Court — KBD (TCC),JUD-05,2022-11-02,Medium,1778626.83,1,False,False,Dismissed,2024-05-07,552,0.0,False,Resolved,1
CC-2022-0947,High Court — KBD (TCC),JUD-05,2022-11-02,Medium,73623.68,1,False,False,Dismissed,2023-11-05,368,0.0,False,Resolved,1
CC-2022-1173,US District Court — N.D. Cal.,JUD-08,2022-11-02,Low,365353.51,1,False,False,Dismissed,2023-10-16,348,0.0,False,Resolved,1
CC-2022-0439,London Commercial Court,JUD-02,2022-11-02,High,723307.54,4,False,False,,,1336,,,Ongoing,0
CC-2022-0027,US District Court — N.D. Cal.,JUD-08,2022-11-03,Medium,1047270.47,1,False,False,Dismissed,2023-10-13,344,0.0,False,Resolved,1
CC-2022-0601,US District Court — S.D.N.Y.,JUD-07,2022-11-03,High,77044.7,6,True,False,Settled,2024-08-31,667,24600.21,False,Resolved,1
CC-2022-1139,Singapore International Comm.,JUD-09,2022-11-03,Low,470086.29,3,False,False,Dismissed,2023-09-02,303,0.0,False,Resolved,1
CC-2022-0239,High Court — Chancery Division,JUD-04,2022-11-04,Low,2224062.67,2,True,True,Dismissed,2023-03-29,145,0.0,False,Resolved,1
CC-2022-0176,High Court — Chancery Division,JUD-04,2022-11-04,Medium,1657333.66,1,False,False,Settled,2024-07-20,624,1164183.83,False,Resolved,1
CC-2022-0074,London Commercial Court,JUD-02,2022-11-05,Low,879032.24,2,False,False,Settled,2024-12-30,786,587267.65,True,Resolved,1
CC-2022-1184,High Court — KBD (TCC),JUD-05,2022-11-05,Low,2375136.88,1,False,False,Settled,2024-08-21,655,271914.27,False,Resolved,1
CC-2022-0287,London Commercial Court,JUD-02,2022-11-06,Medium,458308.9,1,False,False,Dismissed,2024-01-02,422,0.0,False,Resolved,1
CC-2022-0433,Singapore International Comm.,JUD-09,2022-11-06,Low,166892.29,2,True,True,Dismissed,2023-03-05,119,0.0,False,Resolved,1
CC-2022-0216,Dubai International Fin. Centre,JUD-10,2022-11-06,Medium,275384.85,2,False,False,Settled,2023-12-08,397,204920.83,False,Resolved,1
CC-2022-0269,London Commercial Court,JUD-01,2022-11-06,Medium,111985.22,2,False,False,Dismissed,2023-10-14,342,0.0,False,Resolved,1
CC-2022-0981,London Commercial Court,JUD-02,2022-11-06,Low,868476.73,0,True,False,Settled,2023-07-31,267,345731.39,False,Resolved,1
CC-2022-1178,US District Court — N.D. Cal.,JUD-08,2022-11-06,Medium,775158.78,2,False,False,Dismissed,2024-10-21,715,0.0,False,Resolved,1
CC-2022-0087,High Court — KBD (TCC),JUD-05,2022-11-08,Low,257604.85,2,True,False,Settled,2023-09-14,310,53217.13,False,Resolved,1
CC-2022-0135,High Court — Chancery Division,JUD-04,2022-11-08,High,402601.83,2,False,False,Settled,2025-04-05,879,235839.89,True,Resolved,1
CC-2022-0438,London Commercial Court,JUD-02,2022-11-08,High,2731586.84,2,False,False,Settled,2024-08-14,645,1376008.35,False,Resolved,1
CC-2022-0490,High Court — KBD (TCC),JUD-05,2022-11-08,Medium,120249.75,0,False,False,Settled,2023-11-15,372,29995.83,False,Resolved,1
CC-2022-0958,London Commercial Court,JUD-01,2022-11-08,Low,426699.16,0,True,False,Settled,2024-04-05,514,132614.36,False,Resolved,1
CC-2022-0885,Singapore International Comm.,JUD-09,2022-11-09,Medium,328482.29,0,True,False,Settled,2023-11-13,369,111885.3,False,Resolved,1
CC-2022-0608,US District Court — N.D. Cal.,JUD-08,2022-11-10,Low,454853.82,0,False,False,Settled,2023-08-17,280,194779.22,False,Resolved,1
CC-2022-0063,US District Court — N.D. Cal.,JUD-08,2022-11-10,Low,2200367.67,0,True,False,Settled,2023-09-10,304,287149.45,False,Resolved,1
CC-2022-0164,High Court — KBD (TCC),JUD-05,2022-11-10,Medium,1074968.15,3,False,False,Settled,2024-06-03,571,205345.55,False,Resolved,1
CC-2022-1260,US District Court — S.D.N.Y.,JUD-07,2022-11-10,Low,265598.27,1,True,True,Dismissed,2023-04-24,165,0.0,False,Resolved,1
CC-2022-0430,London Commercial Court,JUD-01,2022-11-11,High,155942.09,3,False,False,Dismissed,2023-10-26,349,0.0,False,Resolved,1
CC-2022-0492,London Commercial Court,JUD-01,2022-11-11,Medium,268862.85,1,True,True,Dismissed,2023-07-13,244,0.0,False,Resolved,1
CC-2022-1243,High Court — Chancery Division,JUD-03,2022-11-11,Low,608797.35,2,True,True,Settled,2023-07-20,251,118013.43,False,Resolved,1
CC-2022-1111,Dubai International Fin. Centre,JUD-10,2022-11-11,High,442461.67,4,False,False,Settled,2025-02-26,838,180181.04,False,Resolved,1
CC-2022-0814,US District Court — S.D.N.Y.,JUD-07,2022-11-11,High,1433960.14,6,False,False,,,1327,,,Ongoing,0
CC-2022-0498,Singapore International Comm.,JUD-09,2022-11-11,Medium,795572.66,2,False,False,Settled,2024-10-25,714,408625.23,False,Resolved,1
CC-2022-0180,High Court — Chancery Division,JUD-04,2022-11-11,Low,886595.22,2,True,False,Settled,2024-04-21,527,519572.27,False,Resolved,1
CC-2022-0096,US District Court — N.D. Cal.,JUD-08,2022-11-12,Medium,63645.87,0,False,False,Dismissed,2023-07-27,257,0.0,False,Resolved,1
CC-2022-0493,High Court — Chancery Division,JUD-04,2022-11-12,Medium,128173.69,0,False,False,Settled,2024-02-25,470,103724.31,False,Resolved,1
CC-2022-1002,High Court — KBD (TCC),JUD-05,2022-11-12,High,107295.43,3,True,True,Dismissed,2023-12-24,407,0.0,False,Resolved,1
CC-2022-0735,High Court — KBD (TCC),JUD-05,2022-11-12,Low,1010277.13,1,True,False,Settled,2024-01-28,442,318003.84,False,Resolved,1
CC-2022-0086,US District Court — S.D.N.Y.,JUD-06,2022-11-12,High,620720.27,3,False,False,Dismissed,2024-07-01,597,0.0,False,Resolved,1
CC-2022-0663,US District Court — N.D. Cal.,JUD-08,2022-11-12,Low,790323.48,1,True,False,Dismissed,2023-03-20,128,0.0,False,Resolved,1
CC-2022-0618,London Commercial Court,JUD-02,2022-11-13,Medium,1130183.82,0,True,False,Settled,2024-04-15,519,325920.91,False,Resolved,1
CC-2022-0190,US District Court — S.D.N.Y.,JUD-07,2022-11-13,Low,1618152.53,1,True,True,Dismissed,2023-04-09,147,0.0,False,Resolved,1
CC-2022-0882,US District Court — N.D. Cal.,JUD-08,2022-11-13,Low,970139.35,1,False,False,Dismissed,2023-09-11,302,0.0,False,Resolved,1
CC-2022-0753,US District Court — S.D.N.Y.,JUD-07,2022-11-13,High,736524.92,5,False,False,Trial Judgment,2026-01-30,1174,641948.78,False,Resolved,1
CC-2022-1090,London Commercial Court,JUD-01,2022-11-14,Medium,565059.63,5,True,False,Settled,2024-07-10,604,41231.3,False,Resolved,1
CC-2022-0382,High Court — Chancery Division,JUD-04,2022-11-14,High,278237.91,7,True,False,Settled,2025-02-26,835,72898.6,False,Resolved,1
CC-2022-1166,US District Court — S.D.N.Y.,JUD-07,2022-11-14,Medium,162465.44,2,False,False,Dismissed,2023-08-28,287,0.0,False,Resolved,1
CC-2022-0533,High Court — Chancery Division,JUD-03,2022-11-14,Medium,163995.65,2,False,False,Dismissed,2023-11-23,374,0.0,False,Resolved,1
CC-2022-0049,High Court — KBD (TCC),JUD-05,2022-11-14,High,244079.04,2,False,False,,,1324,,,Ongoing,0
CC-2022-0759,US District Court — N.D. Cal.,JUD-08,2022-11-15,Medium,412128.56,4,True,False,Settled,2024-05-15,547,140868.25,False,Resolved,1
CC-2022-0503,Singapore International Comm.,JUD-09,2022-11-15,High,374689.93,2,False,False,Settled,2024-11-13,729,93907.61,False,Resolved,1
CC-2022-0258,Dubai International Fin. Centre,JUD-10,2022-11-15,Low,5136033.4,2,True,False,Dismissed,2023-11-18,368,0.0,False,Resolved,1
CC-2022-0524,US District Court — N.D. Cal.,JUD-08,2022-11-16,Low,517986.23,0,False,False,Dismissed,2023-03-20,124,0.0,False,Resolved,1
CC-2022-0683,London Commercial Court,JUD-01,2022-11-16,High,586704.21,4,False,False,Settled,2024-05-04,535,174728.4,False,Resolved,1
CC-2022-0260,US District Court — S.D.N.Y.,JUD-07,2022-11-16,High,264817.38,2,True,False,Settled,2023-09-22,310,117075.5,False,Resolved,1
CC-2022-0046,London Commercial Court,JUD-02,2022-11-17,Medium,760053.34,3,False,False,Settled,2025-06-24,950,406049.28,False,Resolved,1
CC-2022-1149,High Court — Chancery Division,JUD-04,2022-11-17,High,2470094.73,3,True,False,Settled,2025-03-17,851,424884.51,False,Resolved,1
CC-2022-0940,Singapore International Comm.,JUD-09,2022-11-17,Medium,445219.99,3,False,False,Settled,2023-12-12,390,13138.47,False,Resolved,1
CC-2022-0733,High Court — Chancery Division,JUD-04,2022-11-18,Low,1007464.44,2,True,True,Dismissed,2023-10-20,336,0.0,False,Resolved,1
CC-2022-0207,High Court — Chancery Division,JUD-04,2022-11-19,High,322999.46,1,False,False,Settled,2024-11-14,726,113396.51,True,Resolved,1
CC-2022-0916,High Court — KBD (TCC),JUD-05,2022-11-20,Medium,170855.39,2,True,False,Settled,2024-05-21,548,34184.2,False,Resolved,1
CC-2022-0955,Dubai International Fin. Centre,JUD-10,2022-11-20,Medium,726604.65,2,False,False,Settled,2023-12-20,395,151998.82,False,Resolved,1
CC-2022-0042,US District Court — N.D. Cal.,JUD-08,2022-11-20,Medium,93248.45,1,False,False,Settled,2023-11-08,353,9931.92,False,Resolved,1
CC-2022-0401,London Commercial Court,JUD-01,2022-11-20,High,364034.19,2,True,True,Dismissed,2023-11-13,358,0.0,False,Resolved,1
CC-2022-0915,High Court — Chancery Division,JUD-03,2022-11-20,Low,913744.83,3,False,False,Settled,2023-12-03,378,386834.94,False,Resolved,1
CC-2022-0971,High Court — Chancery Division,JUD-04,2022-11-20,High,478356.03,5,False,False,Settled,2025-11-17,1093,266848.44,False,Resolved,1
CC-2022-0664,High Court — Chancery Division,JUD-03,2022-11-20,High,176186.08,2,False,False,Settled,2024-02-13,450,64055.41,False,Resolved,1
CC-2022-0579,London Commercial Court,JUD-02,2022-11-20,High,415079.89,5,False,False,Settled,2025-04-25,887,168066.07,True,Resolved,1
CC-2022-0584,US District Court — S.D.N.Y.,JUD-07,2022-11-21,Low,292134.31,2,True,False,Trial Judgment,2023-08-13,265,150265.98,False,Resolved,1
CC-2022-0738,London Commercial Court,JUD-02,2022-11-21,Medium,395303.07,3,False,False,Settled,2024-07-13,600,136973.28,False,Resolved,1
CC-2022-0370,London Commercial Court,JUD-02,2022-11-22,High,1112963.69,2,True,True,Dismissed,2024-04-24,519,0.0,False,Resolved,1
CC-2022-0377,High Court — KBD (TCC),JUD-05,2022-11-22,High,1391222.4,2,True,False,Dismissed,2024-06-25,581,0.0,False,Resolved,1
CC-2022-1097,High Court — Chancery Division,JUD-03,2022-11-22,Low,550102.18,1,True,False,Settled,2023-10-31,343,208182.1,False,Resolved,1
CC-2022-0187,High Court — Chancery Division,JUD-04,2022-11-22,Medium,4487106.25,1,False,False,Settled,2024-03-14,478,1938754.65,False,Resolved,1
CC-2022-0678,Singapore International Comm.,JUD-09,2022-11-22,Low,1028394.58,0,False,False,Settled,2023-12-24,397,312537.52,True,Resolved,1
CC-2022-1089,US District Court — N.D. Cal.,JUD-08,2022-11-22,Low,3623269.11,1,True,False,Dismissed,2023-04-13,142,0.0,False,Resolved,1
CC-2022-0142,Dubai International Fin. Centre,JUD-10,2022-11-22,Medium,200378.78,2,True,False,Settled,2023-09-21,303,68870.34,False,Resolved,1
CC-2022-1101,High Court — KBD (TCC),JUD-05,2022-11-23,Low,264380.15,0,False,False,Trial Judgment,2023-12-14,386,204783.84,False,Resolved,1
CC-2022-0418,London Commercial Court,JUD-01,2022-11-23,Medium,231200.56,4,False,False,Settled,2024-07-29,614,25653.89,True,Resolved,1
CC-2022-1054,US District Court — N.D. Cal.,JUD-08,2022-11-23,High,5042993.08,4,True,False,Settled,2024-10-15,692,2367304.86,False,Resolved,1
CC-2022-0458,London Commercial Court,JUD-02,2022-11-23,Low,293105.79,0,True,True,Dismissed,2023-04-12,140,0.0,False,Resolved,1
CC-2022-0766,High Court — KBD (TCC),JUD-05,2022-11-23,High,1029290.79,6,False,False,Settled,2026-02-24,1189,301964.28,False,Resolved,1
CC-2022-0495,High Court — KBD (TCC),JUD-05,2022-11-23,Low,122062.77,2,True,False,Dismissed,2023-08-22,272,0.0,False,Resolved,1
CC-2022-0192,Singapore International Comm.,JUD-09,2022-11-23,Low,90437.54,0,False,False,Settled,2023-06-28,217,26277.69,False,Resolved,1
CC-2022-0276,High Court — Chancery Division,JUD-03,2022-11-24,Low,128917.0,0,False,False,Dismissed,2023-06-03,191,0.0,False,Resolved,1
CC-2022-0124,Singapore International Comm.,JUD-09,2022-11-25,High,357407.57,4,True,False,Settled,2024-04-16,508,199808.18,False,Resolved,1
CC-2022-0470,London Commercial Court,JUD-01,2022-11-25,Medium,499830.4,2,False,False,Dismissed,2023-10-06,315,0.0,False,Resolved,1
CC-2022-0911,High Court — KBD (TCC),JUD-05,2022-11-26,Medium,1529627.56,3,False,False,Settled,2025-06-12,929,360394.43,False,Resolved,1
CC-2022-1263,Singapore International Comm.,JUD-09,2022-11-26,Low,95875.08,0,False,False,Dismissed,2023-03-16,110,0.0,False,Resolved,1
CC-2022-0983,High Court — Chancery Division,JUD-04,2022-11-26,Low,455721.57,1,False,False,Dismissed,2023-07-10,226,0.0,False,Resolved,1
CC-2022-0015,London Commercial Court,JUD-02,2022-11-27,Medium,736393.26,1,False,False,Settled,2024-08-20,632,186226.71,False,Resolved,1
CC-2022-0479,High Court — Chancery Division,JUD-04,2022-11-27,Low,341915.27,0,False,False,Settled,2023-10-22,329,199723.26,False,Resolved,1
CC-2022-1200,High Court — Chancery Division,JUD-03,2022-11-27,Low,1101434.31,2,False,False,Dismissed,2023-08-11,257,0.0,False,Resolved,1
CC-2022-0232,Singapore International Comm.,JUD-09,2022-11-27,Low,3277046.54,4,False,False,Settled,2024-05-01,521,2602307.91,False,Resolved,1
CC-2022-0144,High Court — KBD (TCC),JUD-05,2022-11-27,Low,173588.55,0,False,False,Settled,2023-07-04,219,94682.85,False,Resolved,1
CC-2022-0804,US District Court — N.D. Cal.,JUD-08,2022-11-28,Low,2722197.68,6,False,False,Settled,2023-11-03,340,1204493.66,False,Resolved,1
CC-2022-1267,High Court — KBD (TCC),JUD-05,2022-11-28,High,2419070.57,2,False,False,Settled,2024-07-28,608,1574719.84,False,Resolved,1
CC-2022-1262,London Commercial Court,JUD-02,2022-11-29,Low,246085.7,1,True,False,Dismissed,2023-05-29,181,0.0,False,Resolved,1
CC-2022-0483,US District Court — S.D.N.Y.,JUD-07,2022-11-29,Medium,171466.93,1,True,False,Settled,2023-10-22,327,42195.58,False,Resolved,1
CC-2022-0925,US District Court — S.D.N.Y.,JUD-07,2022-11-30,Low,3460633.19,1,True,False,Settled,2023-08-13,256,1136031.69,False,Resolved,1
CC-2022-0437,US District Court — S.D.N.Y.,JUD-06,2022-11-30,Low,2615304.13,0,True,False,Settled,2023-09-05,279,1314827.97,False,Resolved,1
CC-2022-0855,London Commercial Court,JUD-02,2022-11-30,Low,3248655.47,1,True,False,Settled,2024-04-29,516,1976740.53,False,Resolved,1
CC-2022-0345,London Commercial Court,JUD-01,2022-11-30,Low,1046796.5,0,False,False,Settled,2023-07-27,239,366316.54,False,Resolved,1
CC-2022-0075,Dubai International Fin. Centre,JUD-10,2022-11-30,Medium,3495038.5,2,False,False,Settled,2024-11-21,722,1524954.12,False,Resolved,1
CC-2022-0605,Singapore International Comm.,JUD-09,2022-11-30,Medium,306423.83,4,False,False,Dismissed,2024-04-25,512,0.0,False,Resolved,1
CC-2022-0515,London Commercial Court,JUD-02,2022-12-01,Low,461892.14,1,True,False,Settled,2023-12-24,388,103930.9,False,Resolved,1
CC-2022-0899,High Court — Chancery Division,JUD-03,2022-12-01,Low,306355.2,0,False,False,Settled,2023-07-10,221,162814.28,False,Resolved,1
CC-2022-0337,Dubai International Fin. Centre,JUD-10,2022-12-02,Medium,479748.72,3,True,False,Settled,2023-12-11,374,164489.4,False,Resolved,1
CC-2022-0564,US District Court — N.D. Cal.,JUD-08,2022-12-03,Medium,460519.09,2,True,True,Dismissed,2023-06-27,206,0.0,False,Resolved,1
CC-2022-0844,High Court — Chancery Division,JUD-04,2022-12-03,Medium,1474088.48,1,False,False,Settled,2024-06-03,548,932408.98,False,Resolved,1
CC-2022-0687,Dubai International Fin. Centre,JUD-10,2022-12-03,Medium,1137925.31,3,True,False,Settled,2024-01-13,406,122451.78,False,Resolved,1
CC-2022-0019,London Commercial Court,JUD-02,2022-12-03,Medium,557914.57,6,False,False,Settled,2023-09-18,289,397114.11,False,Resolved,1
CC-2022-1121,Dubai International Fin. Centre,JUD-10,2022-12-03,Medium,111794.04,2,False,False,Dismissed,2023-06-26,205,0.0,False,Resolved,1
CC-2022-0884,High Court — KBD (TCC),JUD-05,2022-12-03,Low,1362309.31,3,False,False,Settled,2023-08-18,258,1046985.69,False,Resolved,1
CC-2022-0025,London Commercial Court,JUD-01,2022-12-03,Medium,464515.91,2,False,False,Settled,2024-02-25,449,137766.8,False,Resolved,1
CC-2022-0064,US District Court — S.D.N.Y.,JUD-06,2022-12-04,Medium,751459.13,1,False,False,Settled,2023-10-05,305,170553.5,False,Resolved,1
CC-2022-1213,US District Court — N.D. Cal.,JUD-08,2022-12-04,Low,219382.51,0,True,True,Dismissed,2023-02-04,62,0.0,False,Resolved,1
CC-2022-1065,High Court — Chancery Division,JUD-03,2022-12-04,Medium,591058.3,1,True,False,Dismissed,2023-07-28,236,0.0,False,Resolved,1
CC-2022-0614,London Commercial Court,JUD-01,2022-12-04,Low,77277.6,1,False,False,Dismissed,2023-12-06,367,0.0,False,Resolved,1
CC-2022-0502,High Court — KBD (TCC),JUD-05,2022-12-05,Low,585868.76,0,True,False,Settled,2023-08-06,244,157429.2,False,Resolved,1
CC-2022-0767,US District Court — N.D. Cal.,JUD-08,2022-12-05,Low,824609.47,0,False,False,Settled,2023-09-25,294,21798.76,False,Resolved,1
CC-2022-1188,US District Court — S.D.N.Y.,JUD-07,2022-12-06,Medium,420806.6,1,True,False,Trial Judgment,2024-10-02,666,124239.67,False,Resolved,1
CC-2022-1043,High Court — Chancery Division,JUD-03,2022-12-06,Low,643998.17,1,True,False,Settled,2024-01-09,399,288206.06,False,Resolved,1
CC-2022-0240,High Court — Chancery Division,JUD-04,2022-12-07,High,823832.36,2,False,False,Settled,2024-09-30,663,325994.63,False,Resolved,1
CC-2022-0008,London Commercial Court,JUD-01,2022-12-07,Medium,4826135.56,5,True,True,Dismissed,2025-01-17,772,0.0,False,Resolved,1
CC-2022-0592,US District Court — N.D. Cal.,JUD-08,2022-12-07,Medium,398460.59,1,False,False,Settled,2023-10-01,298,144061.16,False,Resolved,1
CC-2022-0617,London Commercial Court,JUD-01,2022-12-07,Medium,692034.62,2,True,True,Dismissed,2023-06-18,193,0.0,False,Resolved,1
CC-2022-0428,Singapore International Comm.,JUD-09,2022-12-08,Medium,436707.18,0,False,False,Dismissed,2023-10-02,298,0.0,False,Resolved,1
CC-2022-0639,London Commercial Court,JUD-02,2022-12-08,Low,346264.74,0,True,True,Dismissed,2024-01-25,413,0.0,False,Resolved,1
CC-2022-0763,US District Court — N.D. Cal.,JUD-08,2022-12-08,Medium,1831906.81,2,True,False,Settled,2024-06-09,549,236816.23,False,Resolved,1
CC-2022-0526,London Commercial Court,JUD-02,2022-12-09,Medium,771589.36,5,False,False,Settled,2024-08-25,625,67899.28,False,Resolved,1
CC-2022-0863,US District Court — S.D.N.Y.,JUD-07,2022-12-09,Low,380104.28,1,False,False,Dismissed,2023-05-19,161,0.0,False,Resolved,1
CC-2022-0994,High Court — KBD (TCC),JUD-05,2022-12-10,Medium,209891.07,2,True,False,Settled,2023-12-24,379,89032.04,False,Resolved,1
CC-2022-0676,Singapore International Comm.,JUD-09,2022-12-10,High,355778.59,3,False,False,Dismissed,2024-06-06,544,0.0,False,Resolved,1
CC-2022-0764,Singapore International Comm.,JUD-09,2022-12-10,Low,552625.24,0,False,False,Settled,2023-09-25,289,233242.07,False,Resolved,1
CC-2022-0992,High Court — Chancery Division,JUD-04,2022-12-10,Low,1026011.73,2,True,True,Settled,2024-01-18,404,444366.54,False,Resolved,1
CC-2022-0440,London Commercial Court,JUD-01,2022-12-10,High,428555.48,2,False,False,Settled,2025-01-20,772,46285.03,False,Resolved,1
CC-2022-0468,High Court — Chancery Division,JUD-03,2022-12-11,Medium,456291.2,1,True,False,Settled,2025-09-10,1004,180697.3,True,Resolved,1
CC-2022-0742,Dubai International Fin. Centre,JUD-10,2022-12-11,Low,2203649.58,1,False,False,Settled,2024-02-06,422,239323.0,False,Resolved,1
CC-2022-0251,US District Court — N.D. Cal.,JUD-08,2022-12-11,High,604543.2,4,False,False,Settled,2025-07-06,938,217360.13,False,Resolved,1
CC-2022-1190,High Court — KBD (TCC),JUD-05,2022-12-11,Medium,126297.38,1,True,False,Settled,2024-12-06,726,57678.82,False,Resolved,1
CC-2022-0445,US District Court — N.D. Cal.,JUD-08,2022-12-11,Medium,2430627.57,2,True,True,Settled,2023-10-15,308,225027.58,False,Resolved,1
CC-2022-0892,US District Court — S.D.N.Y.,JUD-07,2022-12-11,Low,110484.77,1,True,True,Dismissed,2023-03-29,108,0.0,False,Resolved,1
CC-2022-1205,US District Court — S.D.N.Y.,JUD-06,2022-12-11,High,580199.13,5,True,True,Dismissed,2024-01-22,407,0.0,False,Resolved,1
CC-2022-0706,High Court — Chancery Division,JUD-04,2022-12-12,Low,398226.19,1,False,False,Settled,2024-02-04,419,158764.31,False,Resolved,1
CC-2022-1102,High Court — KBD (TCC),JUD-05,2022-12-12,Low,1324264.44,2,False,False,Settled,2024-01-04,388,334817.64,False,Resolved,1
CC-2022-0873,Dubai International Fin. Centre,JUD-10,2022-12-12,High,225080.44,5,False,False,Settled,2024-03-13,457,117388.8,True,Resolved,1
CC-2022-0052,US District Court — N.D. Cal.,JUD-08,2022-12-12,Low,2274835.19,1,False,False,Settled,2024-05-17,522,420585.48,True,Resolved,1
CC-2022-0610,US District Court — N.D. Cal.,JUD-08,2022-12-12,Low,1211743.28,3,True,True,Settled,2023-07-07,207,401254.28,False,Resolved,1
CC-2022-0053,London Commercial Court,JUD-02,2022-12-12,Low,2235973.95,4,True,False,Settled,2023-07-21,221,760122.84,False,Resolved,1
CC-2022-1170,High Court — Chancery Division,JUD-03,2022-12-13,Medium,1168854.61,4,False,False,Trial Judgment,2025-04-12,851,409070.35,False,Resolved,1
CC-2022-0165,High Court — KBD (TCC),JUD-05,2022-12-13,Medium,477373.87,3,False,False,Settled,2024-09-24,651,289923.64,False,Resolved,1
CC-2022-0645,Singapore International Comm.,JUD-09,2022-12-13,Low,763087.18,0,False,False,Settled,2023-04-09,117,188562.37,False,Resolved,1
CC-2022-0295,US District Court — N.D. Cal.,JUD-08,2022-12-14,Medium,485598.48,2,False,False,Settled,2024-05-22,525,211910.84,False,Resolved,1
CC-2022-0432,London Commercial Court,JUD-01,2022-12-15,High,217657.82,3,True,False,Settled,2025-04-05,842,54463.64,False,Resolved,1
CC-2022-0602,High Court — Chancery Division,JUD-04,2022-12-15,Medium,2264431.25,2,True,True,Dismissed,2023-11-20,340,0.0,False,Resolved,1
CC-2022-1268,London Commercial Court,JUD-02,2022-12-15,Medium,85837.66,2,True,False,Settled,2024-07-11,574,35464.32,False,Resolved,1
CC-2022-0068,High Court — Chancery Division,JUD-04,2022-12-16,High,1311817.2,5,True,False,,,1292,,,Ongoing,0
CC-2022-0186,US District Court — S.D.N.Y.,JUD-07,2022-12-16,Low,846689.24,0,False,False,Settled,2023-06-22,188,85819.54,False,Resolved,1
CC-2022-0737,Singapore International Comm.,JUD-09,2022-12-17,Medium,412051.07,2,False,False,Dismissed,2023-10-31,318,0.0,False,Resolved,1
CC-2022-0920,London Commercial Court,JUD-02,2022-12-17,High,416276.77,6,False,False,Settled,2024-08-31,623,32658.21,False,Resolved,1
CC-2022-0217,High Court — KBD (TCC),JUD-05,2022-12-17,Low,689303.76,1,False,False,Trial Judgment,2024-04-24,494,284970.8,False,Resolved,1
CC-2022-0517,London Commercial Court,JUD-02,2022-12-17,High,2607948.04,2,True,False,Settled,2026-06-21,1282,869027.25,False,Resolved,1
CC-2022-0964,London Commercial Court,JUD-01,2022-12-18,Low,439073.79,2,True,True,Dismissed,2023-10-20,306,0.0,False,Resolved,1
CC-2022-0169,US District Court — S.D.N.Y.,JUD-07,2022-12-18,Medium,307814.96,2,True,False,Settled,2024-09-12,634,63139.87,False,Resolved,1
CC-2022-0236,High Court — Chancery Division,JUD-03,2022-12-18,Medium,1146833.39,0,True,True,Dismissed,2023-09-01,257,0.0,False,Resolved,1
CC-2022-0691,US District Court — N.D. Cal.,JUD-08,2022-12-19,Medium,694035.18,5,True,False,Dismissed,2023-12-17,363,0.0,False,Resolved,1
CC-2022-0031,High Court — Chancery Division,JUD-03,2022-12-20,Low,1502697.19,2,False,False,Settled,2024-05-12,509,341494.57,False,Resolved,1
CC-2022-0118,Singapore International Comm.,JUD-09,2022-12-20,High,435539.47,6,False,False,Settled,2024-08-07,596,148230.53,False,Resolved,1
CC-2022-0506,London Commercial Court,JUD-02,2022-12-21,Low,359589.7,1,False,False,Dismissed,2023-10-04,287,0.0,False,Resolved,1
CC-2022-0714,London Commercial Court,JUD-01,2022-12-21,Low,652476.75,0,False,False,Dismissed,2023-07-23,214,0.0,False,Resolved,1
CC-2022-0612,London Commercial Court,JUD-01,2022-12-21,Medium,778156.57,3,False,False,Settled,2025-02-07,779,214671.32,False,Resolved,1
CC-2022-0652,High Court — KBD (TCC),JUD-05,2022-12-22,Medium,347654.59,0,False,False,Settled,2024-06-17,543,134941.69,False,Resolved,1
CC-2022-1153,High Court — Chancery Division,JUD-03,2022-12-22,Low,1095526.05,2,False,False,Settled,2024-01-26,400,452131.37,False,Resolved,1
CC-2022-0803,US District Court — N.D. Cal.,JUD-08,2022-12-22,Medium,2093208.13,2,False,False,Trial Judgment,2025-06-19,910,587483.49,False,Resolved,1
CC-2022-0791,London Commercial Court,JUD-01,2022-12-22,Medium,358556.29,2,True,True,Dismissed,2023-11-02,315,0.0,False,Resolved,1
CC-2022-0685,US District Court — S.D.N.Y.,JUD-07,2022-12-22,High,249636.65,3,False,False,Dismissed,2024-06-11,537,0.0,False,Resolved,1
CC-2022-0996,High Court — KBD (TCC),JUD-05,2022-12-23,Low,2264523.61,1,True,False,Settled,2024-04-02,466,156084.9,False,Resolved,1
CC-2022-0626,High Court — KBD (TCC),JUD-05,2022-12-23,Low,484262.7,0,False,False,Settled,2024-06-02,527,283813.84,False,Resolved,1
CC-2022-0776,Singapore International Comm.,JUD-09,2022-12-24,High,1584256.72,1,False,False,Settled,2025-01-12,750,428547.06,False,Resolved,1
CC-2022-1135,High Court — Chancery Division,JUD-04,2022-12-24,High,427531.99,7,True,False,Settled,2024-12-02,709,216255.35,False,Resolved,1
CC-2022-0547,London Commercial Court,JUD-02,2022-12-24,High,997808.43,7,False,False,,,1284,,,Ongoing,0
CC-2022-1222,High Court — KBD (TCC),JUD-05,2022-12-24,Low,1499798.21,0,False,False,Settled,2024-05-18,511,627024.07,False,Resolved,1
CC-2022-1029,London Commercial Court,JUD-02,2022-12-25,Medium,261135.63,4,False,False,Dismissed,2023-10-08,287,0.0,False,Resolved,1
CC-2022-0229,High Court — KBD (TCC),JUD-05,2022-12-26,High,577442.82,7,True,False,,,1282,,,Ongoing,0
CC-2022-0375,High Court — Chancery Division,JUD-04,2022-12-26,Low,1131621.76,1,False,False,Settled,2023-09-17,265,122903.23,False,Resolved,1
CC-2022-0218,High Court — KBD (TCC),JUD-05,2022-12-26,Medium,758765.21,3,False,False,Settled,2024-06-13,535,482281.32,True,Resolved,1
CC-2022-0684,London Commercial Court,JUD-02,2022-12-26,Low,1031338.48,2,False,False,Settled,2024-02-27,428,539034.63,False,Resolved,1
CC-2022-0172,London Commercial Court,JUD-01,2022-12-27,Low,167314.87,1,True,False,Settled,2023-12-30,368,87285.35,False,Resolved,1
CC-2022-0904,US District Court — N.D. Cal.,JUD-08,2022-12-28,High,783601.14,4,False,False,Settled,2024-07-15,565,370011.05,False,Resolved,1
CC-2022-0489,High Court — Chancery Division,JUD-04,2022-12-28,Medium,349919.53,3,True,False,Settled,2024-08-16,597,157104.8,False,Resolved,1
CC-2022-0509,US District Court — S.D.N.Y.,JUD-06,2022-12-28,Medium,831338.43,3,True,False,Dismissed,2023-12-20,357,0.0,False,Resolved,1
CC-2022-0973,US District Court — S.D.N.Y.,JUD-06,2022-12-29,Low,85936.14,0,False,False,Settled,2023-08-02,216,70143.99,False,Resolved,1
CC-2022-0842,London Commercial Court,JUD-01,2022-12-29,High,800947.13,1,True,False,Settled,2024-05-15,503,194708.1,False,Resolved,1
CC-2022-1193,London Commercial Court,JUD-02,2022-12-30,Low,223290.27,0,True,False,Dismissed,2023-05-09,130,0.0,False,Resolved,1
CC-2022-0607,High Court — Chancery Division,JUD-03,2022-12-30,Low,1568770.26,0,False,False,Settled,2024-03-12,438,315460.13,False,Resolved,1
CC-2022-0356,High Court — Chancery Division,JUD-03,2022-12-30,High,972377.7,2,True,False,,,1278,,,Ongoing,0
CC-2022-0901,High Court — Chancery Division,JUD-03,2022-12-30,Low,704026.83,1,True,False,Settled,2023-07-31,213,169464.07,False,Resolved,1
CC-2022-0646,Singapore International Comm.,JUD-09,2022-12-30,Medium,160048.08,0,False,False,Dismissed,2023-10-12,286,0.0,False,Resolved,1
CC-2022-0543,High Court — KBD (TCC),JUD-05,2022-12-31,Low,5001206.94,4,True,False,Settled,2025-11-05,1040,2163600.79,False,Resolved,1
CC-2022-1191,Singapore International Comm.,JUD-09,2022-12-31,Medium,463686.9,3,False,False,Settled,2023-12-25,359,28950.26,False,Resolved,1
CC-2023-0268,London Commercial Court,JUD-01,2023-01-01,Low,923564.7,1,False,False,Settled,2023-09-26,268,376903.86,False,Resolved,1
CC-2023-0250,US District Court — N.D. Cal.,JUD-08,2023-01-01,Low,417055.6,1,False,False,Dismissed,2023-12-06,339,0.0,False,Resolved,1
CC-2023-1120,Singapore International Comm.,JUD-09,2023-01-01,Medium,1936107.8,3,False,False,Settled,2024-04-08,463,613353.52,False,Resolved,1
CC-2023-0451,High Court — Chancery Division,JUD-03,2023-01-02,Medium,782991.93,4,False,False,Settled,2025-04-11,830,177370.57,False,Resolved,1
CC-2023-0623,High Court — KBD (TCC),JUD-05,2023-01-03,High,2985716.12,7,True,False,Settled,2026-03-07,1159,605905.62,False,Resolved,1
CC-2023-0184,London Commercial Court,JUD-01,2023-01-03,Low,2401127.21,3,True,False,Settled,2024-02-02,395,2019563.33,False,Resolved,1
CC-2023-0244,London Commercial Court,JUD-01,2023-01-05,Medium,271135.34,3,False,False,Dismissed,2024-05-27,508,0.0,False,Resolved,1
CC-2023-1093,High Court — Chancery Division,JUD-03,2023-01-05,High,772936.84,8,True,False,,,1272,,,Ongoing,0
CC-2023-0972,High Court — Chancery Division,JUD-04,2023-01-06,Low,175356.42,0,True,True,Dismissed,2023-09-18,255,0.0,False,Resolved,1
CC-2023-0103,Dubai International Fin. Centre,JUD-10,2023-01-06,High,520945.44,4,True,False,Settled,2026-01-07,1097,279407.2,False,Resolved,1
CC-2023-0605,Dubai International Fin. Centre,JUD-10,2023-01-06,Low,434153.68,1,False,False,Dismissed,2023-06-19,164,0.0,False,Resolved,1
CC-2023-1132,US District Court — N.D. Cal.,JUD-08,2023-01-06,Medium,356606.0,1,True,False,Settled,2024-04-01,451,162252.14,False,Resolved,1
CC-2023-0983,London Commercial Court,JUD-02,2023-01-06,Low,1120213.19,1,False,False,Settled,2024-05-15,495,422620.61,False,Resolved,1
CC-2023-0445,London Commercial Court,JUD-02,2023-01-07,Medium,803462.45,1,False,False,Settled,2024-04-20,469,725634.61,False,Resolved,1
CC-2023-1053,London Commercial Court,JUD-01,2023-01-07,Low,700522.2,1,False,False,Settled,2023-11-29,326,140421.76,False,Resolved,1
CC-2023-0895,US District Court — N.D. Cal.,JUD-08,2023-01-08,Low,1918873.02,0,True,False,Settled,2024-03-30,447,394007.65,False,Resolved,1
CC-2023-0343,US District Court — S.D.N.Y.,JUD-06,2023-01-08,Low,529735.45,0,False,False,Settled,2023-08-24,228,153260.93,False,Resolved,1
CC-2023-0265,US District Court — N.D. Cal.,JUD-08,2023-01-09,Low,195185.74,1,False,False,Settled,2023-08-12,215,97155.66,False,Resolved,1
CC-2023-0204,London Commercial Court,JUD-01,2023-01-09,Medium,718434.74,2,True,False,Settled,2023-12-14,339,282149.37,False,Resolved,1
CC-2023-0531,London Commercial Court,JUD-02,2023-01-10,Medium,135756.97,1,False,False,Dismissed,2023-08-30,232,0.0,False,Resolved,1
CC-2023-0001,Dubai International Fin. Centre,JUD-10,2023-01-10,Low,223298.13,1,True,False,Dismissed,2023-10-10,273,0.0,False,Resolved,1
CC-2023-0358,London Commercial Court,JUD-02,2023-01-10,High,245970.49,4,False,False,Trial Judgment,2025-10-09,1003,142234.89,False,Resolved,1
CC-2023-0036,High Court — Chancery Division,JUD-04,2023-01-11,High,2680067.7,3,False,False,Dismissed,2024-10-26,654,0.0,False,Resolved,1
CC-2023-0832,US District Court — S.D.N.Y.,JUD-07,2023-01-11,Low,7125014.4,2,False,False,Settled,2024-05-23,498,3122468.42,False,Resolved,1
CC-2023-0881,High Court — Chancery Division,JUD-03,2023-01-11,Medium,593354.94,1,True,True,Settled,2024-03-09,423,197271.96,False,Resolved,1
CC-2023-0255,London Commercial Court,JUD-02,2023-01-11,Medium,168200.22,4,False,False,Settled,2024-11-12,671,21683.27,False,Resolved,1
CC-2023-1125,High Court — Chancery Division,JUD-04,2023-01-11,Medium,2069542.87,3,True,True,Dismissed,2024-06-02,508,0.0,False,Resolved,1
CC-2023-0504,London Commercial Court,JUD-01,2023-01-12,Medium,195969.11,2,False,False,Trial Judgment,2024-07-20,555,0.0,False,Resolved,1
CC-2023-0494,High Court — KBD (TCC),JUD-05,2023-01-12,Low,764739.42,1,False,False,Settled,2023-10-10,271,295387.08,False,Resolved,1
CC-2023-0712,High Court — KBD (TCC),JUD-05,2023-01-13,Low,174782.54,1,False,False,Settled,2024-04-06,449,125506.12,False,Resolved,1
CC-2023-0732,London Commercial Court,JUD-02,2023-01-13,High,192033.42,4,True,False,Settled,2024-02-17,400,104892.06,False,Resolved,1
CC-2023-1011,Dubai International Fin. Centre,JUD-10,2023-01-13,Medium,255513.53,3,False,False,Dismissed,2023-09-14,244,0.0,False,Resolved,1
CC-2023-1016,US District Court — S.D.N.Y.,JUD-06,2023-01-13,Low,186638.99,1,False,False,Trial Judgment,2023-12-07,328,0.0,False,Resolved,1
CC-2023-0608,London Commercial Court,JUD-01,2023-01-13,Low,1547636.35,3,True,False,Settled,2023-08-22,221,265233.42,False,Resolved,1
CC-2023-0199,London Commercial Court,JUD-02,2023-01-13,Medium,364276.48,4,True,False,Settled,2024-11-16,673,118376.18,False,Resolved,1
CC-2023-1049,Singapore International Comm.,JUD-09,2023-01-14,Medium,982452.36,4,False,False,Settled,2023-12-12,332,64997.6,False,Resolved,1
CC-2023-0777,London Commercial Court,JUD-01,2023-01-14,High,410521.44,2,False,False,Settled,2024-05-30,502,156918.67,False,Resolved,1
CC-2023-0359,High Court — KBD (TCC),JUD-05,2023-01-14,Medium,699760.73,4,False,False,Settled,2024-11-15,671,122717.63,False,Resolved,1
CC-2023-0921,High Court — KBD (TCC),JUD-05,2023-01-15,Medium,350193.29,3,True,False,Settled,2024-12-18,703,79598.38,False,Resolved,1
CC-2023-0842,US District Court — S.D.N.Y.,JUD-06,2023-01-15,High,2397474.23,2,True,True,Dismissed,2024-01-21,371,0.0,False,Resolved,1
CC-2023-0896,Dubai International Fin. Centre,JUD-10,2023-01-16,Low,377643.91,1,False,False,Settled,2023-06-28,163,137555.72,False,Resolved,1
CC-2023-0442,Singapore International Comm.,JUD-09,2023-01-16,Low,888614.34,2,False,False,Settled,2023-11-10,298,737391.4,False,Resolved,1
CC-2023-1057,Singapore International Comm.,JUD-09,2023-01-16,Medium,1738393.76,3,True,False,Settled,2024-10-21,644,445480.41,True,Resolved,1
CC-2023-0753,London Commercial Court,JUD-01,2023-01-16,Low,126438.59,1,False,False,Settled,2024-01-24,373,24942.31,False,Resolved,1
CC-2023-0239,US District Court — N.D. Cal.,JUD-08,2023-01-16,Medium,256377.54,1,False,False,Settled,2024-05-02,472,24742.04,False,Resolved,1
CC-2023-0467,London Commercial Court,JUD-02,2023-01-16,Medium,519168.36,4,False,False,Settled,2024-03-03,412,266009.12,False,Resolved,1
CC-2023-0648,High Court — Chancery Division,JUD-03,2023-01-17,High,253067.11,5,False,False,Settled,2026-03-17,1155,69723.15,True,Resolved,1
CC-2023-0304,London Commercial Court,JUD-01,2023-01-17,Low,1252081.4,0,True,True,Dismissed,2023-06-02,136,0.0,False,Resolved,1
CC-2023-0964,London Commercial Court,JUD-02,2023-01-17,Medium,1493593.04,4,False,False,Settled,2024-07-24,554,804700.19,False,Resolved,1
CC-2023-1002,High Court — Chancery Division,JUD-04,2023-01-18,Medium,578866.46,1,False,False,Dismissed,2024-01-09,356,0.0,False,Resolved,1
CC-2023-1144,High Court — Chancery Division,JUD-04,2023-01-19,High,202714.26,6,False,False,,,1258,,,Ongoing,0
CC-2023-1129,London Commercial Court,JUD-01,2023-01-19,Low,1269066.79,3,True,True,Dismissed,2023-08-22,215,0.0,False,Resolved,1
CC-2023-0718,US District Court — S.D.N.Y.,JUD-06,2023-01-19,Medium,1224750.91,3,False,False,Dismissed,2024-05-29,496,0.0,False,Resolved,1
CC-2023-0062,Singapore International Comm.,JUD-09,2023-01-19,High,1098929.88,4,True,False,Settled,2024-12-04,685,590783.29,False,Resolved,1
CC-2023-0986,US District Court — S.D.N.Y.,JUD-07,2023-01-19,High,1129961.49,3,False,False,Settled,2026-06-17,1245,124774.52,False,Resolved,1
CC-2023-0430,US District Court — N.D. Cal.,JUD-08,2023-01-19,Low,940973.7,0,False,False,Settled,2023-10-22,276,100993.49,False,Resolved,1
CC-2023-1006,High Court — KBD (TCC),JUD-05,2023-01-20,Medium,663945.37,2,True,False,Settled,2024-08-03,561,282350.03,False,Resolved,1
CC-2023-0051,Dubai International Fin. Centre,JUD-10,2023-01-20,High,126651.26,8,True,True,Dismissed,2023-12-26,340,0.0,False,Resolved,1
CC-2023-0112,London Commercial Court,JUD-01,2023-01-20,Medium,523037.62,4,True,False,Settled,2025-01-28,739,258167.15,False,Resolved,1
CC-2023-1126,High Court — KBD (TCC),JUD-05,2023-01-21,High,1300389.45,3,False,False,Settled,2025-12-31,1075,518377.81,False,Resolved,1
CC-2023-0957,London Commercial Court,JUD-02,2023-01-21,Low,1944601.95,1,False,False,Settled,2024-03-26,430,854887.3,False,Resolved,1
CC-2023-0979,Singapore International Comm.,JUD-09,2023-01-21,High,2163113.19,4,True,False,Dismissed,2024-03-08,412,0.0,False,Resolved,1
CC-2023-0723,High Court — KBD (TCC),JUD-05,2023-01-22,Medium,392149.18,3,False,False,Settled,2024-02-04,378,120317.51,False,Resolved,1
CC-2023-0027,High Court — KBD (TCC),JUD-05,2023-01-22,Low,1732620.18,0,False,False,Dismissed,2024-04-18,452,0.0,False,Resolved,1
CC-2023-0877,US District Court — N.D. Cal.,JUD-08,2023-01-22,Medium,1802807.61,3,False,False,Settled,2024-07-02,527,582457.89,False,Resolved,1
CC-2023-1086,High Court — KBD (TCC),JUD-05,2023-01-22,Low,1231669.9,0,True,False,Settled,2024-12-05,683,714020.39,False,Resolved,1
CC-2023-0670,London Commercial Court,JUD-02,2023-01-23,Medium,207101.19,0,False,False,Dismissed,2023-08-08,197,0.0,False,Resolved,1
CC-2023-0649,US District Court — S.D.N.Y.,JUD-06,2023-01-23,Medium,198300.49,2,False,False,Settled,2023-10-29,279,42068.33,False,Resolved,1
CC-2023-0021,Dubai International Fin. Centre,JUD-10,2023-01-23,High,3635976.15,6,True,False,Settled,2024-11-30,677,1582687.04,False,Resolved,1
CC-2023-0925,Dubai International Fin. Centre,JUD-10,2023-01-23,Medium,498460.59,2,False,False,Settled,2024-04-05,438,210676.94,False,Resolved,1
CC-2023-0653,High Court — KBD (TCC),JUD-05,2023-01-23,Medium,863707.5,4,False,False,Settled,2024-05-19,482,538918.45,False,Resolved,1
CC-2023-0671,US District Court — N.D. Cal.,JUD-08,2023-01-23,High,137917.76,2,True,False,Settled,2026-05-13,1206,26869.69,True,Resolved,1
CC-2023-0970,High Court — Chancery Division,JUD-04,2023-01-24,Low,790455.83,4,True,True,Settled,2024-02-17,389,46442.02,False,Resolved,1
CC-2023-0485,London Commercial Court,JUD-02,2023-01-24,Medium,147287.22,0,False,False,Dismissed,2024-03-28,429,0.0,False,Resolved,1
CC-2023-1008,High Court — Chancery Division,JUD-03,2023-01-24,Medium,3268576.74,6,True,False,,,1253,,,Ongoing,0
CC-2023-1064,London Commercial Court,JUD-01,2023-01-24,Medium,1002570.88,2,False,False,Settled,2024-03-22,423,699894.64,False,Resolved,1
CC-2023-0635,London Commercial Court,JUD-01,2023-01-25,Low,300074.37,2,True,True,Dismissed,2023-05-22,117,0.0,False,Resolved,1
CC-2023-0695,London Commercial Court,JUD-01,2023-01-25,Low,632387.66,0,True,True,Dismissed,2023-08-16,203,0.0,False,Resolved,1
CC-2023-0176,London Commercial Court,JUD-01,2023-01-25,Low,380629.28,2,False,False,Dismissed,2023-10-23,271,0.0,False,Resolved,1
CC-2023-0168,US District Court — N.D. Cal.,JUD-08,2023-01-25,Low,455308.89,1,True,False,Dismissed,2023-07-16,172,0.0,False,Resolved,1
CC-2023-0717,High Court — Chancery Division,JUD-03,2023-01-26,Low,162768.81,1,True,False,Settled,2023-10-22,269,27835.28,False,Resolved,1
CC-2023-0879,London Commercial Court,JUD-01,2023-01-26,High,3025902.85,5,False,False,Dismissed,2025-02-05,741,0.0,False,Resolved,1
CC-2023-0177,High Court — Chancery Division,JUD-04,2023-01-27,Medium,73739.3,2,False,False,Settled,2024-10-03,615,39632.63,False,Resolved,1
CC-2023-1023,US District Court — S.D.N.Y.,JUD-06,2023-01-27,Medium,169939.96,2,False,False,Trial Judgment,2024-06-17,507,64111.14,False,Resolved,1
CC-2023-0580,London Commercial Court,JUD-01,2023-01-27,Medium,788316.3,3,True,True,Dismissed,2023-11-03,280,0.0,False,Resolved,1
CC-2023-0426,US District Court — N.D. Cal.,JUD-08,2023-01-28,Medium,54946.22,2,False,False,Dismissed,2024-01-04,341,0.0,False,Resolved,1
CC-2023-0216,High Court — Chancery Division,JUD-04,2023-01-28,Medium,458596.36,3,True,True,Dismissed,2023-10-20,265,0.0,False,Resolved,1
CC-2023-0532,US District Court — N.D. Cal.,JUD-08,2023-01-28,Medium,514810.42,1,True,True,Dismissed,2023-11-20,296,0.0,False,Resolved,1
CC-2023-0646,High Court — KBD (TCC),JUD-05,2023-01-28,Medium,656530.09,5,True,False,Dismissed,2025-04-26,819,0.0,False,Resolved,1
CC-2023-1159,US District Court — S.D.N.Y.,JUD-06,2023-01-28,Low,1294041.38,1,True,False,Settled,2024-03-28,425,359937.19,False,Resolved,1
CC-2023-0109,US District Court — S.D.N.Y.,JUD-06,2023-01-28,Medium,278374.67,0,True,True,Dismissed,2023-10-10,255,0.0,False,Resolved,1
CC-2023-0634,Singapore International Comm.,JUD-09,2023-01-29,Low,639844.02,4,True,True,Dismissed,2023-06-09,131,0.0,False,Resolved,1
CC-2023-0907,US District Court — N.D. Cal.,JUD-08,2023-01-29,Low,358498.29,0,True,False,Settled,2023-09-03,217,67581.81,False,Resolved,1
CC-2023-0694,London Commercial Court,JUD-01,2023-01-29,Low,379522.17,0,False,False,Settled,2024-01-30,366,75043.46,True,Resolved,1
CC-2023-0644,US District Court — N.D. Cal.,JUD-08,2023-01-29,Low,618529.46,1,True,False,Settled,2023-09-23,237,152083.23,False,Resolved,1
CC-2023-0301,London Commercial Court,JUD-02,2023-01-30,Low,435400.42,1,True,False,Settled,2023-09-28,241,165687.6,False,Resolved,1
CC-2023-1092,London Commercial Court,JUD-02,2023-01-30,Medium,171225.96,2,False,False,Trial Judgment,2024-03-16,411,0.0,False,Resolved,1
CC-2023-0834,High Court — Chancery Division,JUD-03,2023-01-30,Medium,294560.16,4,False,False,Settled,2023-08-23,205,92089.63,False,Resolved,1
CC-2023-0690,US District Court — S.D.N.Y.,JUD-07,2023-01-30,Medium,4546349.25,3,True,False,Settled,2024-05-07,463,538503.36,False,Resolved,1
CC-2023-0714,London Commercial Court,JUD-01,2023-01-30,Medium,186960.51,1,False,False,Settled,2023-12-15,319,77204.38,False,Resolved,1
CC-2023-0775,US District Court — S.D.N.Y.,JUD-06,2023-01-31,Medium,1433676.42,3,False,False,Settled,2023-11-08,281,779985.45,False,Resolved,1
CC-2023-0942,Singapore International Comm.,JUD-09,2023-01-31,Low,129244.11,0,True,True,Dismissed,2023-05-22,111,0.0,False,Resolved,1
CC-2023-0019,US District Court — S.D.N.Y.,JUD-06,2023-02-01,Medium,1049964.28,2,False,False,Settled,2024-01-02,335,77104.25,False,Resolved,1
CC-2023-1174,Singapore International Comm.,JUD-09,2023-02-01,Medium,196712.52,2,False,False,Dismissed,2023-11-11,283,0.0,False,Resolved,1
CC-2023-0663,US District Court — N.D. Cal.,JUD-08,2023-02-01,Medium,658812.39,1,True,True,Dismissed,2023-11-27,299,0.0,False,Resolved,1
CC-2023-0362,US District Court — S.D.N.Y.,JUD-07,2023-02-01,Low,95703.29,0,False,False,Settled,2023-11-18,290,15532.74,True,Resolved,1
CC-2023-0992,US District Court — N.D. Cal.,JUD-08,2023-02-02,Low,1676439.29,1,True,True,Dismissed,2023-10-27,267,0.0,False,Resolved,1
CC-2023-0298,Dubai International Fin. Centre,JUD-10,2023-02-03,Medium,1196737.5,1,True,False,Settled,2024-02-19,381,225791.47,True,Resolved,1
CC-2023-0939,US District Court — N.D. Cal.,JUD-08,2023-02-03,Medium,740360.63,3,False,False,Settled,2024-04-13,435,232385.47,True,Resolved,1
CC-2023-0567,High Court — KBD (TCC),JUD-05,2023-02-04,High,343449.19,2,False,False,Settled,2026-06-19,1231,179206.59,False,Resolved,1
CC-2023-1109,High Court — Chancery Division,JUD-04,2023-02-05,High,317694.62,1,True,True,Dismissed,2023-12-26,324,0.0,False,Resolved,1
CC-2023-0058,London Commercial Court,JUD-01,2023-02-05,Medium,1281530.04,4,False,False,Settled,2024-09-06,579,732651.21,False,Resolved,1
CC-2023-0010,London Commercial Court,JUD-02,2023-02-05,Low,458245.78,1,True,False,Settled,2023-10-18,255,187875.52,False,Resolved,1
CC-2023-0588,London Commercial Court,JUD-02,2023-02-05,Medium,285312.9,2,True,False,Dismissed,2024-05-08,458,0.0,False,Resolved,1
CC-2023-0382,Singapore International Comm.,JUD-09,2023-02-06,Low,263878.26,2,False,False,Settled,2023-10-27,263,45171.94,False,Resolved,1
CC-2023-0880,Singapore International Comm.,JUD-09,2023-02-07,Medium,424443.32,2,False,False,Settled,2023-09-03,208,180784.97,False,Resolved,1
CC-2023-0705,High Court — Chancery Division,JUD-04,2023-02-07,Medium,648929.08,4,True,True,Dismissed,2024-10-22,623,0.0,False,Resolved,1
CC-2023-0562,London Commercial Court,JUD-01,2023-02-07,Medium,428565.94,6,True,False,Settled,2024-06-11,490,28039.62,False,Resolved,1
CC-2023-1033,Singapore International Comm.,JUD-09,2023-02-07,High,75935.3,4,True,False,Trial Judgment,2026-02-21,1110,0.0,False,Resolved,1
CC-2023-0041,Dubai International Fin. Centre,JUD-10,2023-02-07,Low,417176.13,0,False,False,Settled,2023-09-25,230,380893.66,False,Resolved,1
CC-2023-0340,Dubai International Fin. Centre,JUD-10,2023-02-08,Medium,1807003.44,4,True,False,Dismissed,2023-12-26,321,0.0,False,Resolved,1
CC-2023-0639,London Commercial Court,JUD-01,2023-02-08,Low,647694.83,0,False,False,Settled,2024-02-09,366,338145.97,False,Resolved,1
CC-2023-0402,London Commercial Court,JUD-01,2023-02-08,Low,850250.58,1,False,False,Settled,2024-06-08,486,397568.96,False,Resolved,1
CC-2023-0262,High Court — Chancery Division,JUD-03,2023-02-08,Low,503247.3,2,True,True,Dismissed,2023-09-27,231,0.0,False,Resolved,1
CC-2023-0035,High Court — KBD (TCC),JUD-05,2023-02-08,Low,916881.12,2,True,False,Settled,2024-04-24,441,106713.58,False,Resolved,1
CC-2023-1017,London Commercial Court,JUD-01,2023-02-08,Medium,213330.57,1,True,False,Settled,2024-05-08,455,69983.04,False,Resolved,1
CC-2023-0272,London Commercial Court,JUD-02,2023-02-09,High,404794.28,0,False,False,Settled,2024-06-20,497,16324.02,False,Resolved,1
CC-2023-0352,Singapore International Comm.,JUD-09,2023-02-09,Low,663389.89,1,True,True,Dismissed,2023-06-07,118,0.0,False,Resolved,1
CC-2023-1173,High Court — Chancery Division,JUD-03,2023-02-09,Medium,1415939.23,4,False,False,Settled,2024-04-09,425,449339.66,False,Resolved,1
CC-2023-0688,High Court — KBD (TCC),JUD-05,2023-02-10,Low,196652.72,2,False,False,Dismissed,2023-09-14,216,0.0,False,Resolved,1
CC-2023-0486,London Commercial Court,JUD-02,2023-02-10,High,3709572.0,5,True,False,Settled,2026-05-20,1195,1790327.28,False,Resolved,1
CC-2023-0857,Singapore International Comm.,JUD-09,2023-02-10,Low,276547.83,0,False,False,Settled,2023-12-26,319,58047.47,False,Resolved,1
CC-2023-0657,Dubai International Fin. Centre,JUD-10,2023-02-10,Low,1642529.76,5,False,False,Settled,2024-01-08,332,1242384.93,False,Resolved,1
CC-2023-0142,Dubai International Fin. Centre,JUD-10,2023-02-10,Low,887097.98,1,True,True,Settled,2023-08-27,198,15053.2,False,Resolved,1
CC-2023-0211,High Court — KBD (TCC),JUD-05,2023-02-11,Medium,836867.58,0,False,False,Settled,2024-10-05,602,434467.22,False,Resolved,1
CC-2023-0396,London Commercial Court,JUD-01,2023-02-11,Low,396838.98,2,True,False,Dismissed,2023-08-04,174,0.0,False,Resolved,1
CC-2023-0477,London Commercial Court,JUD-02,2023-02-12,High,448465.47,1,True,False,Settled,2024-07-19,523,62782.01,False,Resolved,1
CC-2023-1012,High Court — Chancery Division,JUD-04,2023-02-12,Low,436577.57,5,False,False,Trial Judgment,2026-06-16,1220,160539.84,False,Resolved,1
CC-2023-0544,US District Court — S.D.N.Y.,JUD-06,2023-02-12,Low,1169236.99,0,True,True,Dismissed,2023-07-18,156,0.0,False,Resolved,1
CC-2023-0005,High Court — Chancery Division,JUD-03,2023-02-14,Medium,343770.89,3,False,False,Settled,2024-09-15,579,44571.17,False,Resolved,1
CC-2023-0968,London Commercial Court,JUD-02,2023-02-14,Low,2805421.41,3,True,False,Settled,2024-09-18,582,1042223.18,False,Resolved,1
CC-2023-0210,US District Court — S.D.N.Y.,JUD-07,2023-02-14,Medium,183390.71,1,False,False,Settled,2024-03-12,392,47762.22,False,Resolved,1
CC-2023-1030,US District Court — N.D. Cal.,JUD-08,2023-02-14,High,337545.99,6,False,False,,,1232,,,Ongoing,0
CC-2023-0066,Dubai International Fin. Centre,JUD-10,2023-02-15,Medium,290291.39,1,False,False,Settled,2024-09-07,570,103140.95,True,Resolved,1
CC-2023-1130,US District Court — S.D.N.Y.,JUD-07,2023-02-15,Medium,557619.75,3,False,False,Settled,2023-12-21,309,16455.94,False,Resolved,1
CC-2023-0783,High Court — Chancery Division,JUD-04,2023-02-16,Medium,61470.43,2,True,False,Settled,2024-12-03,656,20702.19,False,Resolved,1
CC-2023-0573,London Commercial Court,JUD-01,2023-02-16,High,841113.76,6,False,False,,,1230,,,Ongoing,0
CC-2023-0568,High Court — Chancery Division,JUD-04,2023-02-16,Medium,314402.78,2,False,False,Settled,2024-09-01,563,196125.45,True,Resolved,1
CC-2023-0909,High Court — Chancery Division,JUD-03,2023-02-16,Low,2365755.85,2,True,True,Dismissed,2023-11-24,281,0.0,False,Resolved,1
CC-2023-0772,London Commercial Court,JUD-01,2023-02-16,Medium,2814082.47,4,False,False,,,1230,,,Ongoing,0
CC-2023-0510,High Court — Chancery Division,JUD-03,2023-02-16,Medium,1834560.58,2,False,False,Settled,2025-01-28,712,1043229.54,False,Resolved,1
CC-2023-0835,US District Court — N.D. Cal.,JUD-08,2023-02-17,Low,1500648.89,1,True,False,Settled,2023-11-16,272,568944.36,False,Resolved,1
CC-2023-0357,US District Court — S.D.N.Y.,JUD-07,2023-02-18,Low,318644.25,1,False,False,Trial Judgment,2023-11-19,274,0.0,False,Resolved,1
CC-2023-0079,US District Court — S.D.N.Y.,JUD-06,2023-02-19,Medium,66100.08,2,True,True,Dismissed,2023-06-06,107,0.0,False,Resolved,1
CC-2023-0700,London Commercial Court,JUD-02,2023-02-19,Medium,2531145.59,1,False,False,Settled,2024-11-02,622,1213652.45,False,Resolved,1
CC-2023-0129,London Commercial Court,JUD-02,2023-02-19,Low,1359976.83,2,True,False,Dismissed,2023-12-30,314,0.0,False,Resolved,1
CC-2023-0993,Singapore International Comm.,JUD-09,2023-02-20,High,1194623.89,5,True,False,Settled,2025-05-25,825,273200.85,False,Resolved,1
CC-2023-0314,High Court — KBD (TCC),JUD-05,2023-02-20,High,1487950.93,3,True,False,,,1226,,,Ongoing,0
CC-2023-1054,High Court — KBD (TCC),JUD-05,2023-02-20,High,601478.63,5,True,False,Settled,2025-07-26,887,66089.85,False,Resolved,1
CC-2023-0818,Dubai International Fin. Centre,JUD-10,2023-02-20,Low,587671.45,1,True,False,Dismissed,2024-02-07,352,0.0,False,Resolved,1
CC-2023-0826,Singapore International Comm.,JUD-09,2023-02-21,Medium,1807487.19,3,False,False,Dismissed,2024-05-08,442,0.0,False,Resolved,1
CC-2023-0698,London Commercial Court,JUD-02,2023-02-22,Medium,5016321.36,2,True,False,Dismissed,2024-04-20,423,0.0,False,Resolved,1
CC-2023-0223,Dubai International Fin. Centre,JUD-10,2023-02-22,Low,95278.83,1,False,False,Dismissed,2023-08-15,174,0.0,False,Resolved,1
CC-2023-0172,London Commercial Court,JUD-01,2023-02-22,High,1112609.99,4,False,False,Dismissed,2024-12-23,670,0.0,False,Resolved,1
CC-2023-0971,Singapore International Comm.,JUD-09,2023-02-23,Medium,97248.48,1,False,False,Dismissed,2023-11-05,255,0.0,False,Resolved,1
CC-2023-0070,High Court — Chancery Division,JUD-04,2023-02-23,Low,449270.02,1,True,False,Settled,2024-04-30,432,125307.68,False,Resolved,1
CC-2023-0662,London Commercial Court,JUD-02,2023-02-24,Low,280255.27,0,False,False,Settled,2023-08-12,169,118092.0,False,Resolved,1
CC-2023-1104,Dubai International Fin. Centre,JUD-10,2023-02-24,Medium,4220783.26,2,True,False,Settled,2025-06-03,830,1634431.02,False,Resolved,1
CC-2023-0318,London Commercial Court,JUD-02,2023-02-25,High,1785291.29,6,True,False,,,1221,,,Ongoing,0
CC-2023-0484,London Commercial Court,JUD-02,2023-02-25,High,2405373.63,3,True,False,Settled,2025-08-25,912,768033.12,False,Resolved,1
CC-2023-1131,High Court — KBD (TCC),JUD-05,2023-02-25,Medium,1503667.18,2,True,False,Dismissed,2024-08-22,544,0.0,False,Resolved,1
CC-2023-0665,London Commercial Court,JUD-01,2023-02-26,Medium,610966.17,1,False,False,Settled,2025-06-09,834,257831.71,False,Resolved,1
CC-2023-1162,High Court — KBD (TCC),JUD-05,2023-02-26,Medium,805192.15,1,True,False,Settled,2023-12-02,279,338644.62,False,Resolved,1
CC-2023-0342,Dubai International Fin. Centre,JUD-10,2023-02-26,Low,98510.13,0,True,False,Trial Judgment,2024-01-11,319,0.0,False,Resolved,1
CC-2023-1182,US District Court — S.D.N.Y.,JUD-07,2023-02-26,Low,149566.14,0,False,False,Dismissed,2023-08-27,182,0.0,False,Resolved,1
CC-2023-0974,US District Court — N.D. Cal.,JUD-08,2023-02-26,Medium,812231.0,3,False,False,Settled,2024-02-26,365,152725.13,False,Resolved,1
CC-2023-0354,London Commercial Court,JUD-02,2023-02-27,Low,277998.11,0,False,False,Settled,2023-09-05,190,34633.54,False,Resolved,1
CC-2023-0829,London Commercial Court,JUD-01,2023-02-27,High,512726.12,5,False,False,Settled,2024-09-06,557,156650.37,False,Resolved,1
CC-2023-0136,London Commercial Court,JUD-01,2023-02-27,High,362780.36,8,True,False,Settled,2026-04-08,1136,169163.8,False,Resolved,1
CC-2023-0632,Singapore International Comm.,JUD-09,2023-02-27,Medium,353013.41,2,True,False,Settled,2023-12-28,304,201055.36,False,Resolved,1
CC-2023-0427,Singapore International Comm.,JUD-09,2023-02-27,High,151105.55,4,False,False,Settled,2024-12-07,649,43869.68,False,Resolved,1
CC-2023-0162,US District Court — S.D.N.Y.,JUD-06,2023-02-28,Low,294986.84,2,False,False,Settled,2024-02-22,359,111216.86,True,Resolved,1
CC-2023-0699,High Court — KBD (TCC),JUD-05,2023-02-28,Low,1017265.7,1,False,False,Settled,2024-04-06,403,203150.94,True,Resolved,1
CC-2023-0515,Dubai International Fin. Centre,JUD-10,2023-03-01,Medium,119965.49,2,False,False,Settled,2025-05-08,799,68578.11,False,Resolved,1
CC-2023-0134,High Court — Chancery Division,JUD-04,2023-03-01,Low,253174.12,1,True,True,Dismissed,2023-07-31,152,0.0,False,Resolved,1
CC-2023-1020,London Commercial Court,JUD-02,2023-03-01,Low,2527102.9,4,True,False,Trial Judgment,2025-08-27,910,2324921.32,False,Resolved,1
CC-2023-0516,US District Court — N.D. Cal.,JUD-08,2023-03-02,Medium,408248.55,2,False,False,Dismissed,2024-12-14,653,0.0,False,Resolved,1
CC-2023-0254,London Commercial Court,JUD-02,2023-03-02,Low,605770.45,1,False,False,Settled,2023-08-20,171,211725.75,False,Resolved,1
CC-2023-0403,High Court — Chancery Division,JUD-04,2023-03-02,High,330792.72,4,False,False,Dismissed,2024-04-18,413,0.0,False,Resolved,1
CC-2023-0787,High Court — Chancery Division,JUD-04,2023-03-02,Low,291652.83,0,True,False,Trial Judgment,2024-08-14,531,233055.18,False,Resolved,1
CC-2023-0597,US District Court — S.D.N.Y.,JUD-06,2023-03-02,Medium,1213770.27,4,True,False,Settled,2025-03-16,745,702629.25,False,Resolved,1
CC-2023-0303,Dubai International Fin. Centre,JUD-10,2023-03-04,Medium,1215766.51,3,True,False,Dismissed,2024-03-18,380,0.0,False,Resolved,1
CC-2023-1045,High Court — KBD (TCC),JUD-05,2023-03-04,Low,436800.77,4,False,False,Dismissed,2024-05-09,432,0.0,False,Resolved,1
CC-2023-0324,US District Court — N.D. Cal.,JUD-08,2023-03-05,Low,174605.31,1,True,False,Settled,2024-05-13,435,18470.22,False,Resolved,1
CC-2023-1112,Dubai International Fin. Centre,JUD-10,2023-03-05,Medium,1215379.38,4,True,False,Dismissed,2024-03-17,378,0.0,False,Resolved,1
CC-2023-0655,High Court — Chancery Division,JUD-03,2023-03-05,Medium,638815.61,1,False,False,Settled,2024-11-05,611,102207.04,False,Resolved,1
CC-2023-0727,London Commercial Court,JUD-02,2023-03-05,Low,64029.93,0,False,False,Settled,2023-11-04,244,36811.22,False,Resolved,1
CC-2023-0651,Dubai International Fin. Centre,JUD-10,2023-03-05,Low,346796.66,0,False,False,Dismissed,2023-09-26,205,0.0,False,Resolved,1
CC-2023-0459,High Court — KBD (TCC),JUD-05,2023-03-06,Medium,1377577.72,3,False,False,Settled,2024-05-17,438,174796.31,False,Resolved,1
CC-2023-0283,High Court — KBD (TCC),JUD-05,2023-03-07,High,296838.07,2,False,False,Settled,2025-01-23,688,86119.56,False,Resolved,1
CC-2023-0960,London Commercial Court,JUD-01,2023-03-07,Low,387206.42,0,False,False,Settled,2023-11-24,262,35631.76,False,Resolved,1
CC-2023-0873,US District Court — S.D.N.Y.,JUD-06,2023-03-07,High,419776.68,8,False,False,,,1211,,,Ongoing,0
CC-2023-0337,US District Court — S.D.N.Y.,JUD-07,2023-03-08,Low,224188.05,1,True,True,Dismissed,2023-05-29,82,0.0,False,Resolved,1
CC-2023-0611,Singapore International Comm.,JUD-09,2023-03-08,High,881453.21,4,False,False,Settled,2025-02-15,710,402647.83,False,Resolved,1
CC-2023-0461,London Commercial Court,JUD-01,2023-03-08,Low,131355.8,0,False,False,Settled,2024-08-18,529,21467.1,False,Resolved,1
CC-2023-1223,High Court — KBD (TCC),JUD-05,2023-03-08,Medium,58990.69,0,True,False,Settled,2024-10-26,598,19292.76,False,Resolved,1
CC-2023-0876,High Court — Chancery Division,JUD-03,2023-03-08,Medium,332074.04,5,False,False,Settled,2024-02-14,343,156671.47,False,Resolved,1
CC-2023-0246,High Court — KBD (TCC),JUD-05,2023-03-09,Low,735610.02,2,False,False,Settled,2024-06-17,466,159552.11,False,Resolved,1
CC-2023-0650,London Commercial Court,JUD-02,2023-03-09,Low,1491914.83,0,False,False,Settled,2025-03-07,729,155984.4,False,Resolved,1
CC-2023-0999,US District Court — N.D. Cal.,JUD-08,2023-03-10,High,989733.02,4,False,False,Settled,2025-10-24,959,157180.46,False,Resolved,1
CC-2023-0890,London Commercial Court,JUD-02,2023-03-10,Low,146870.75,0,True,False,Settled,2023-08-23,166,15487.52,False,Resolved,1
CC-2023-1197,US District Court — S.D.N.Y.,JUD-07,2023-03-10,Medium,842198.23,1,False,False,Settled,2024-11-09,610,270412.48,True,Resolved,1
CC-2023-1009,High Court — KBD (TCC),JUD-05,2023-03-10,High,254761.18,5,False,False,Settled,2025-10-22,957,126415.07,False,Resolved,1
CC-2023-0900,London Commercial Court,JUD-01,2023-03-10,Medium,982710.66,3,True,False,Settled,2024-03-28,384,478375.75,False,Resolved,1
CC-2023-0102,Singapore International Comm.,JUD-09,2023-03-10,Low,558462.42,1,False,False,Settled,2023-10-27,231,345829.88,False,Resolved,1
CC-2023-0595,US District Court — S.D.N.Y.,JUD-07,2023-03-10,Medium,1874065.49,1,True,True,Dismissed,2023-11-30,265,0.0,False,Resolved,1
CC-2023-1050,London Commercial Court,JUD-01,2023-03-11,Medium,209926.08,5,False,False,Settled,2024-09-24,563,125603.0,False,Resolved,1
CC-2023-0463,US District Court — N.D. Cal.,JUD-08,2023-03-11,Medium,232170.63,1,False,False,Settled,2024-10-25,594,53094.61,False,Resolved,1
CC-2023-1127,London Commercial Court,JUD-01,2023-03-11,Low,592759.28,1,True,True,Settled,2023-07-02,113,212555.64,False,Resolved,1
CC-2023-0042,London Commercial Court,JUD-01,2023-03-11,Low,707760.11,1,True,False,Settled,2024-02-10,336,142521.3,False,Resolved,1
CC-2023-0906,US District Court — S.D.N.Y.,JUD-06,2023-03-12,Medium,131183.4,0,False,False,Settled,2023-09-19,191,65071.32,False,Resolved,1
CC-2023-0625,High Court — Chancery Division,JUD-04,2023-03-12,Low,2822996.52,2,True,False,Settled,2024-03-19,373,1069212.41,False,Resolved,1
CC-2023-0546,High Court — Chancery Division,JUD-03,2023-03-12,Low,837979.13,1,True,False,Settled,2024-05-17,432,442013.98,False,Resolved,1
CC-2023-0465,US District Court — S.D.N.Y.,JUD-06,2023-03-12,Low,1009491.61,2,False,False,Settled,2023-12-02,265,509688.54,False,Resolved,1
CC-2023-0590,London Commercial Court,JUD-01,2023-03-12,Medium,1106866.4,3,True,False,Settled,2024-08-23,530,160099.4,False,Resolved,1
CC-2023-0861,London Commercial Court,JUD-02,2023-03-13,Medium,283400.77,1,True,False,Dismissed,2023-12-27,289,0.0,False,Resolved,1
CC-2023-0985,High Court — Chancery Division,JUD-03,2023-03-13,High,746816.66,5,False,False,Settled,2025-02-11,701,83483.89,False,Resolved,1
CC-2023-0810,London Commercial Court,JUD-01,2023-03-13,Low,373249.18,0,False,False,Dismissed,2023-09-05,176,0.0,False,Resolved,1
CC-2023-1043,US District Court — S.D.N.Y.,JUD-06,2023-03-13,Medium,949537.98,2,False,False,Settled,2024-01-04,297,753771.96,False,Resolved,1
CC-2023-0905,High Court — Chancery Division,JUD-03,2023-03-13,Low,846469.56,1,True,False,Settled,2023-12-28,290,332469.17,False,Resolved,1
CC-2023-0326,US District Court — S.D.N.Y.,JUD-07,2023-03-14,Medium,1059714.04,0,False,False,Settled,2024-03-12,364,44975.03,False,Resolved,1
CC-2023-0209,High Court — Chancery Division,JUD-03,2023-03-14,Medium,92061.48,0,False,False,Trial Judgment,2024-07-13,487,87093.15,False,Resolved,1
CC-2023-0143,High Court — KBD (TCC),JUD-05,2023-03-14,High,102676.64,2,False,False,Settled,2026-01-04,1027,29509.63,False,Resolved,1
CC-2023-0940,US District Court — S.D.N.Y.,JUD-06,2023-03-14,Medium,491514.79,4,True,False,Settled,2024-06-08,452,95375.76,False,Resolved,1
CC-2023-0770,Singapore International Comm.,JUD-09,2023-03-14,Medium,593487.45,1,True,False,Settled,2023-12-26,287,301130.86,False,Resolved,1
CC-2023-0913,High Court — Chancery Division,JUD-04,2023-03-15,High,631463.15,2,False,False,Settled,2024-03-18,369,304674.69,False,Resolved,1
CC-2023-0766,Singapore International Comm.,JUD-09,2023-03-15,Medium,677466.58,3,False,False,Settled,2024-11-07,603,328338.32,False,Resolved,1
CC-2023-0231,London Commercial Court,JUD-01,2023-03-15,High,207462.86,3,False,False,,,1203,,,Ongoing,0
CC-2023-1122,High Court — Chancery Division,JUD-04,2023-03-16,Medium,612024.27,0,False,False,Dismissed,2024-01-31,321,0.0,False,Resolved,1
CC-2023-0722,High Court — Chancery Division,JUD-04,2023-03-16,Medium,1359348.58,1,True,False,Settled,2023-12-14,273,986460.28,False,Resolved,1
CC-2023-0762,Singapore International Comm.,JUD-09,2023-03-16,Low,1079446.95,0,False,False,Settled,2024-01-20,310,291926.5,False,Resolved,1
CC-2023-0955,High Court — KBD (TCC),JUD-05,2023-03-16,Medium,399691.99,6,False,False,,,1202,,,Ongoing,0
CC-2023-0870,US District Court — S.D.N.Y.,JUD-07,2023-03-16,Low,278425.26,0,False,False,Settled,2023-11-20,249,91744.37,False,Resolved,1
CC-2023-0253,High Court — Chancery Division,JUD-04,2023-03-16,Medium,1823886.62,2,False,False,Settled,2025-01-03,659,260056.59,False,Resolved,1
CC-2023-0918,US District Court — N.D. Cal.,JUD-08,2023-03-17,Low,259656.94,0,True,False,Settled,2023-09-13,180,123443.9,False,Resolved,1
CC-2023-0596,High Court — KBD (TCC),JUD-05,2023-03-17,Medium,125223.49,3,True,False,Settled,2025-05-28,803,52964.59,True,Resolved,1
CC-2023-0444,High Court — KBD (TCC),JUD-05,2023-03-17,Medium,493532.86,3,True,False,Settled,2024-04-30,410,194055.11,False,Resolved,1
CC-2023-0140,London Commercial Court,JUD-01,2023-03-17,Low,165046.32,1,False,False,Settled,2023-11-09,237,78814.73,False,Resolved,1
CC-2023-0429,London Commercial Court,JUD-02,2023-03-17,High,227288.42,3,True,False,Settled,2025-03-25,739,93748.5,False,Resolved,1
CC-2023-0014,London Commercial Court,JUD-02,2023-03-17,Medium,1570653.39,4,False,False,Settled,2025-01-19,674,470819.38,False,Resolved,1
CC-2023-0073,US District Court — S.D.N.Y.,JUD-06,2023-03-17,Low,601286.1,1,True,False,Settled,2023-11-16,244,263469.59,False,Resolved,1
CC-2023-0092,High Court — KBD (TCC),JUD-05,2023-03-17,Medium,705373.56,4,True,False,Settled,2024-12-03,627,106143.92,False,Resolved,1
CC-2023-0954,High Court — Chancery Division,JUD-04,2023-03-17,Medium,334293.56,2,False,False,Dismissed,2025-11-14,973,0.0,False,Resolved,1
CC-2023-0015,US District Court — N.D. Cal.,JUD-08,2023-03-17,Medium,1493310.76,1,False,False,Settled,2024-04-03,383,217939.71,False,Resolved,1
CC-2023-0115,London Commercial Court,JUD-02,2023-03-18,Low,83811.02,1,False,False,Settled,2023-07-28,132,24060.36,False,Resolved,1
CC-2023-0439,London Commercial Court,JUD-01,2023-03-18,Low,905475.24,1,False,False,Settled,2023-12-06,263,449394.48,False,Resolved,1
CC-2023-1058,London Commercial Court,JUD-02,2023-03-18,Low,638142.61,0,False,False,Settled,2024-03-02,350,379145.63,False,Resolved,1
CC-2023-1014,US District Court — N.D. Cal.,JUD-08,2023-03-18,Medium,258041.91,1,True,True,Dismissed,2023-12-12,269,0.0,False,Resolved,1
CC-2023-0040,US District Court — N.D. Cal.,JUD-08,2023-03-18,High,379489.75,7,False,False,Settled,2024-11-23,616,143150.78,False,Resolved,1
CC-2023-0529,Dubai International Fin. Centre,JUD-10,2023-03-18,Low,3581774.76,1,True,True,Dismissed,2023-06-20,94,0.0,False,Resolved,1
CC-2023-1074,US District Court — S.D.N.Y.,JUD-06,2023-03-18,Medium,2405511.32,3,True,False,Settled,2025-02-25,710,520123.67,False,Resolved,1
CC-2023-0565,High Court — Chancery Division,JUD-04,2023-03-18,Low,511056.93,1,False,False,Settled,2023-12-14,271,378203.44,False,Resolved,1
CC-2023-0827,London Commercial Court,JUD-01,2023-03-19,Low,284221.36,0,False,False,Settled,2023-08-26,160,95831.87,False,Resolved,1
CC-2023-0681,High Court — Chancery Division,JUD-03,2023-03-21,High,95526.44,5,False,False,Settled,2024-12-02,622,27738.29,False,Resolved,1
CC-2023-0749,Singapore International Comm.,JUD-09,2023-03-21,Medium,773157.92,3,True,False,Settled,2024-11-03,593,191518.16,False,Resolved,1
CC-2023-0776,High Court — Chancery Division,JUD-04,2023-03-21,Low,482628.0,0,False,False,Settled,2024-07-30,497,69252.03,False,Resolved,1
CC-2023-1145,London Commercial Court,JUD-01,2023-03-21,High,83772.88,1,False,False,Dismissed,2024-04-20,396,0.0,False,Resolved,1
CC-2023-1071,US District Court — S.D.N.Y.,JUD-06,2023-03-21,Medium,2417671.42,4,True,True,Dismissed,2024-02-02,318,0.0,False,Resolved,1
CC-2023-0349,Dubai International Fin. Centre,JUD-10,2023-03-21,Medium,172031.78,2,False,False,Dismissed,2023-07-28,129,0.0,False,Resolved,1
CC-2023-0315,US District Court — S.D.N.Y.,JUD-06,2023-03-22,Medium,727930.02,5,False,False,Settled,2023-12-07,260,393963.25,True,Resolved,1
CC-2023-0110,London Commercial Court,JUD-01,2023-03-22,Low,741870.32,1,True,True,Dismissed,2023-10-21,213,0.0,False,Resolved,1
CC-2023-0018,High Court — Chancery Division,JUD-03,2023-03-23,Low,798550.22,3,False,False,Settled,2024-06-11,446,261024.12,False,Resolved,1
CC-2023-0020,High Court — Chancery Division,JUD-04,2023-03-23,Low,211361.74,2,True,True,Dismissed,2023-11-21,243,0.0,False,Resolved,1
CC-2023-1051,Dubai International Fin. Centre,JUD-10,2023-03-23,Low,4125474.08,2,False,False,Settled,2023-09-28,189,3370573.47,False,Resolved,1
CC-2023-1087,London Commercial Court,JUD-02,2023-03-23,Low,3618303.93,2,True,False,Settled,2025-01-02,651,1228867.39,False,Resolved,1
CC-2023-0811,High Court — KBD (TCC),JUD-05,2023-03-24,Low,497941.0,2,True,True,Dismissed,2023-08-26,155,0.0,False,Resolved,1
CC-2023-0319,Dubai International Fin. Centre,JUD-10,2023-03-25,Low,869542.65,2,False,False,Trial Judgment,2024-10-22,577,669507.41,False,Resolved,1
CC-2023-0113,High Court — Chancery Division,JUD-04,2023-03-25,Low,591060.74,1,True,True,Dismissed,2023-12-12,262,0.0,False,Resolved,1
CC-2023-0440,US District Court — S.D.N.Y.,JUD-06,2023-03-25,Low,1766614.09,1,True,False,Settled,2024-03-15,356,1062546.81,False,Resolved,1
CC-2023-0989,US District Court — S.D.N.Y.,JUD-07,2023-03-26,Medium,176768.41,4,False,False,Dismissed,2024-07-15,477,0.0,False,Resolved,1
CC-2023-0591,London Commercial Court,JUD-02,2023-03-26,High,342529.27,0,False,False,Settled,2024-10-30,584,65987.08,False,Resolved,1
CC-2023-0123,High Court — Chancery Division,JUD-04,2023-03-26,Medium,586422.38,2,True,False,Settled,2024-03-23,363,217286.03,False,Resolved,1
CC-2023-0454,High Court — Chancery Division,JUD-04,2023-03-26,Low,2403516.68,2,True,False,Settled,2024-09-14,538,918843.57,False,Resolved,1
CC-2023-0840,US District Court — S.D.N.Y.,JUD-06,2023-03-27,High,538942.09,6,True,False,Settled,2025-05-14,779,162417.02,False,Resolved,1
CC-2023-1139,US District Court — N.D. Cal.,JUD-08,2023-03-27,Medium,4350747.35,3,False,False,Settled,2025-06-14,810,1849413.76,False,Resolved,1
CC-2023-0609,High Court — KBD (TCC),JUD-05,2023-03-27,Medium,111637.46,1,True,False,Settled,2024-07-16,477,25153.87,False,Resolved,1
CC-2023-0744,London Commercial Court,JUD-02,2023-03-28,Medium,1699007.41,2,True,False,Settled,2024-01-11,289,627355.77,False,Resolved,1
CC-2023-0514,US District Court — N.D. Cal.,JUD-08,2023-03-28,Medium,437955.63,2,False,False,Settled,2024-01-11,289,89434.42,False,Resolved,1
CC-2023-0137,Singapore International Comm.,JUD-09,2023-03-29,Low,1047378.4,4,True,False,Settled,2024-03-13,350,481081.59,False,Resolved,1
CC-2023-0121,Singapore International Comm.,JUD-09,2023-03-29,Low,275762.45,2,False,False,Dismissed,2023-10-29,214,0.0,False,Resolved,1
CC-2023-0871,Dubai International Fin. Centre,JUD-10,2023-03-29,Medium,690658.72,3,True,True,Dismissed,2024-03-04,341,0.0,False,Resolved,1
CC-2023-0481,London Commercial Court,JUD-02,2023-03-30,Medium,4731427.06,0,False,False,Settled,2024-03-09,345,537427.27,False,Resolved,1
CC-2023-0874,London Commercial Court,JUD-01,2023-03-31,Low,1766269.68,1,True,True,Dismissed,2023-10-29,212,0.0,False,Resolved,1
CC-2023-0938,High Court — Chancery Division,JUD-04,2023-04-01,High,302960.07,1,False,False,,,1186,,,Ongoing,0
CC-2023-0388,London Commercial Court,JUD-01,2023-04-01,High,279004.25,5,True,False,Settled,2025-11-28,972,72986.71,False,Resolved,1
CC-2023-0697,Dubai International Fin. Centre,JUD-10,2023-04-01,High,294788.37,6,True,False,Settled,2025-03-30,729,129344.51,False,Resolved,1
CC-2023-1111,Dubai International Fin. Centre,JUD-10,2023-04-02,Low,659744.67,1,False,False,Settled,2024-10-10,557,227540.29,True,Resolved,1
CC-2023-0917,Dubai International Fin. Centre,JUD-10,2023-04-02,High,1050899.86,5,False,False,,,1185,,,Ongoing,0
CC-2023-1224,US District Court — S.D.N.Y.,JUD-07,2023-04-02,Low,294195.53,0,False,False,Settled,2024-09-07,524,73893.14,True,Resolved,1
CC-2023-1095,US District Court — S.D.N.Y.,JUD-07,2023-04-02,High,1337493.82,1,False,False,,,1185,,,Ongoing,0
CC-2023-0860,Dubai International Fin. Centre,JUD-10,2023-04-03,Medium,190084.01,3,False,False,Trial Judgment,2024-11-03,580,143121.58,False,Resolved,1
CC-2023-0374,London Commercial Court,JUD-02,2023-04-03,Medium,158880.85,1,False,False,Dismissed,2024-05-15,408,0.0,False,Resolved,1
CC-2023-0557,Singapore International Comm.,JUD-09,2023-04-03,Low,229352.05,1,False,False,Dismissed,2023-07-19,107,0.0,False,Resolved,1
CC-2023-0379,High Court — Chancery Division,JUD-04,2023-04-03,Low,292553.84,0,False,False,Settled,2024-03-16,348,134564.67,True,Resolved,1
CC-2023-0417,Dubai International Fin. Centre,JUD-10,2023-04-03,Medium,925896.13,1,False,False,Dismissed,2023-11-14,225,0.0,False,Resolved,1
CC-2023-1156,London Commercial Court,JUD-01,2023-04-03,Low,390984.42,1,False,False,Settled,2023-11-11,222,121170.82,False,Resolved,1
CC-2023-0696,Dubai International Fin. Centre,JUD-10,2023-04-03,Medium,524855.86,2,False,False,Settled,2023-09-28,178,37479.4,False,Resolved,1
CC-2023-0617,London Commercial Court,JUD-02,2023-04-04,High,450796.76,3,True,False,Settled,2025-10-25,935,137682.01,False,Resolved,1
CC-2023-0448,London Commercial Court,JUD-01,2023-04-04,Medium,144548.07,3,False,False,Dismissed,2024-07-19,472,0.0,False,Resolved,1
CC-2023-1059,Dubai International Fin. Centre,JUD-10,2023-04-04,High,1454820.3,4,False,False,Settled,2024-12-26,632,51203.86,False,Resolved,1
CC-2023-0559,US District Court — S.D.N.Y.,JUD-06,2023-04-04,Medium,397787.76,3,False,False,Settled,2024-05-22,414,179862.03,False,Resolved,1
CC-2023-0678,Singapore International Comm.,JUD-09,2023-04-04,High,283292.76,5,False,False,Dismissed,2025-05-30,787,0.0,False,Resolved,1
CC-2023-1204,US District Court — N.D. Cal.,JUD-08,2023-04-04,Low,109838.96,0,False,False,Settled,2023-08-16,134,42595.22,False,Resolved,1
CC-2023-0197,High Court — Chancery Division,JUD-04,2023-04-05,Medium,360332.19,1,True,True,Dismissed,2024-04-01,362,0.0,False,Resolved,1
CC-2023-1134,London Commercial Court,JUD-01,2023-04-05,Low,269649.99,0,False,False,Settled,2023-12-29,268,164147.8,True,Resolved,1
CC-2023-1123,High Court — Chancery Division,JUD-04,2023-04-06,High,3572753.7,3,True,False,,,1181,,,Ongoing,0
CC-2023-1067,US District Court — N.D. Cal.,JUD-08,2023-04-06,Medium,442191.98,1,False,False,Settled,2024-11-23,597,49662.71,False,Resolved,1
CC-2023-1082,US District Court — S.D.N.Y.,JUD-06,2023-04-06,Medium,1085740.83,0,False,False,Settled,2024-05-16,406,228351.87,False,Resolved,1
CC-2023-0593,US District Court — S.D.N.Y.,JUD-07,2023-04-07,Medium,95714.5,0,True,True,Dismissed,2023-11-13,220,0.0,False,Resolved,1
CC-2023-1135,London Commercial Court,JUD-01,2023-04-08,Low,390231.2,1,False,False,Dismissed,2023-07-12,95,0.0,False,Resolved,1
CC-2023-1161,US District Court — S.D.N.Y.,JUD-07,2023-04-08,Medium,834756.34,1,True,True,Dismissed,2024-02-09,307,0.0,False,Resolved,1
CC-2023-0285,London Commercial Court,JUD-01,2023-04-09,Medium,234213.41,0,True,True,Dismissed,2023-10-31,205,0.0,False,Resolved,1
CC-2023-1013,US District Court — S.D.N.Y.,JUD-06,2023-04-09,Medium,933125.05,5,True,False,Settled,2024-09-18,528,255498.91,False,Resolved,1
CC-2023-0271,London Commercial Court,JUD-01,2023-04-09,High,2422477.36,5,False,False,,,1178,,,Ongoing,0
CC-2023-0886,High Court — KBD (TCC),JUD-05,2023-04-09,Low,528547.9,2,True,False,Settled,2024-09-14,524,85120.24,False,Resolved,1
CC-2023-1118,High Court — KBD (TCC),JUD-05,2023-04-09,Low,601836.29,1,False,False,Settled,2024-05-08,395,174636.98,False,Resolved,1
CC-2023-0165,US District Court — S.D.N.Y.,JUD-06,2023-04-10,Low,1309908.44,0,False,False,Settled,2023-11-19,223,527331.23,False,Resolved,1
CC-2023-0901,London Commercial Court,JUD-02,2023-04-11,Low,694935.28,0,False,False,Settled,2024-03-23,347,369186.15,False,Resolved,1
CC-2023-0855,Singapore International Comm.,JUD-09,2023-04-11,Medium,358305.32,3,True,False,Settled,2024-05-08,393,114362.65,False,Resolved,1
CC-2023-0682,London Commercial Court,JUD-02,2023-04-11,Medium,424072.09,4,False,False,Dismissed,2024-02-01,296,0.0,False,Resolved,1
CC-2023-0281,Singapore International Comm.,JUD-09,2023-04-11,Low,1370618.06,3,True,False,Settled,2024-03-08,332,451086.9,False,Resolved,1
CC-2023-0187,High Court — Chancery Division,JUD-04,2023-04-12,Medium,533533.57,2,False,False,Settled,2024-07-08,453,351258.75,False,Resolved,1
CC-2023-0056,London Commercial Court,JUD-01,2023-04-12,High,944843.63,5,False,False,Settled,2026-03-24,1077,105139.48,False,Resolved,1
CC-2023-0615,Dubai International Fin. Centre,JUD-10,2023-04-12,High,113844.89,1,True,False,Trial Judgment,2024-07-05,450,86520.33,False,Resolved,1
CC-2023-0528,High Court — Chancery Division,JUD-03,2023-04-13,High,798499.81,7,False,False,Settled,2026-01-20,1013,301109.98,False,Resolved,1
CC-2023-0413,High Court — KBD (TCC),JUD-05,2023-04-13,Low,2296133.97,2,False,False,Settled,2024-09-29,535,813294.45,True,Resolved,1
CC-2023-0075,London Commercial Court,JUD-01,2023-04-13,Medium,1013642.26,0,True,True,Dismissed,2023-11-07,208,0.0,False,Resolved,1
CC-2023-0965,US District Court — S.D.N.Y.,JUD-06,2023-04-15,High,91409.13,0,False,False,Settled,2024-06-02,414,39787.72,False,Resolved,1
CC-2023-0248,US District Court — N.D. Cal.,JUD-08,2023-04-15,Medium,176476.42,5,False,False,Settled,2025-04-07,723,50009.54,False,Resolved,1
CC-2023-0730,Dubai International Fin. Centre,JUD-10,2023-04-16,Low,293171.1,0,False,False,Dismissed,2023-10-13,180,0.0,False,Resolved,1
CC-2023-0684,London Commercial Court,JUD-02,2023-04-16,Medium,1507319.96,2,False,False,Settled,2024-05-19,399,887543.68,False,Resolved,1
CC-2023-0891,US District Court — S.D.N.Y.,JUD-06,2023-04-16,Low,267288.7,0,False,False,Dismissed,2023-08-22,128,0.0,False,Resolved,1
CC-2023-0275,Singapore International Comm.,JUD-09,2023-04-17,Low,789114.35,1,True,False,Settled,2024-01-07,265,57209.81,False,Resolved,1
CC-2023-0156,London Commercial Court,JUD-02,2023-04-17,Medium,114430.84,2,True,False,Settled,2024-07-12,452,50298.31,False,Resolved,1
CC-2023-0447,US District Court — S.D.N.Y.,JUD-06,2023-04-17,Medium,67790.58,2,True,False,Settled,2023-12-03,230,28779.63,False,Resolved,1
CC-2023-0049,High Court — Chancery Division,JUD-03,2023-04-17,Medium,57383.53,3,False,False,Settled,2024-07-22,462,14497.06,False,Resolved,1
CC-2023-0709,Singapore International Comm.,JUD-09,2023-04-17,Medium,934803.83,1,False,False,Dismissed,2024-02-03,292,0.0,False,Resolved,1
CC-2023-0517,Singapore International Comm.,JUD-09,2023-04-17,Low,264114.6,1,False,False,Settled,2024-01-17,275,96269.99,False,Resolved,1
CC-2023-0302,London Commercial Court,JUD-02,2023-04-18,Medium,530707.4,3,True,False,Settled,2024-02-13,301,180284.95,False,Resolved,1
CC-2023-0553,London Commercial Court,JUD-02,2023-04-18,Low,636623.39,0,False,False,Dismissed,2023-10-03,168,0.0,False,Resolved,1
CC-2023-0707,US District Court — N.D. Cal.,JUD-08,2023-04-18,Medium,4297364.39,4,True,True,Dismissed,2024-02-01,289,0.0,False,Resolved,1
CC-2023-1079,London Commercial Court,JUD-01,2023-04-18,Medium,1184157.92,5,True,False,Settled,2024-08-14,484,375363.76,False,Resolved,1
CC-2023-0935,Dubai International Fin. Centre,JUD-10,2023-04-18,High,1755958.67,5,True,False,Dismissed,2025-03-18,700,0.0,False,Resolved,1
CC-2023-0572,London Commercial Court,JUD-02,2023-04-19,Medium,1010988.7,4,True,False,Settled,2025-03-20,701,485648.1,False,Resolved,1
CC-2023-1037,US District Court — N.D. Cal.,JUD-08,2023-04-19,Low,172288.51,0,True,True,Dismissed,2023-07-12,84,0.0,False,Resolved,1
CC-2023-0094,US District Court — S.D.N.Y.,JUD-06,2023-04-19,Low,172643.29,0,True,False,Settled,2023-09-11,145,68535.11,False,Resolved,1
CC-2023-0384,London Commercial Court,JUD-02,2023-04-19,Medium,401087.51,1,False,False,Trial Judgment,2024-07-21,459,331927.64,False,Resolved,1
CC-2023-1175,US District Court — N.D. Cal.,JUD-08,2023-04-20,High,395542.26,4,True,False,Settled,2026-05-01,1107,228563.53,False,Resolved,1
CC-2023-1080,Singapore International Comm.,JUD-09,2023-04-20,Medium,490134.03,1,True,False,Settled,2024-06-08,415,128138.04,False,Resolved,1
CC-2023-0576,High Court — KBD (TCC),JUD-05,2023-04-20,Medium,217094.4,4,False,False,Dismissed,2024-09-14,513,0.0,False,Resolved,1
CC-2023-1203,High Court — Chancery Division,JUD-04,2023-04-20,Medium,2833300.61,3,True,True,Dismissed,2024-12-12,602,0.0,False,Resolved,1
CC-2023-0394,High Court — Chancery Division,JUD-04,2023-04-20,Medium,355099.43,1,False,False,Settled,2025-02-08,660,133790.82,False,Resolved,1
CC-2023-0469,US District Court — S.D.N.Y.,JUD-06,2023-04-20,Medium,1148662.03,5,False,False,Dismissed,2024-09-01,500,0.0,False,Resolved,1
CC-2023-0214,US District Court — N.D. Cal.,JUD-08,2023-04-21,Medium,193110.64,3,True,False,Settled,2024-10-14,542,21859.41,False,Resolved,1
CC-2023-0502,High Court — Chancery Division,JUD-03,2023-04-21,High,5667689.57,4,True,False,,,1166,,,Ongoing,0
CC-2023-0294,US District Court — N.D. Cal.,JUD-08,2023-04-21,Medium,268939.94,2,True,True,Dismissed,2023-11-19,212,0.0,False,Resolved,1
CC-2023-0584,London Commercial Court,JUD-01,2023-04-21,Medium,698091.16,2,True,False,Settled,2024-05-18,393,130137.31,False,Resolved,1
CC-2023-1218,US District Court — S.D.N.Y.,JUD-07,2023-04-21,Low,2279322.33,0,True,False,Settled,2024-01-08,262,613734.91,False,Resolved,1
CC-2023-1078,Singapore International Comm.,JUD-09,2023-04-21,Low,1785905.87,1,False,False,Settled,2023-12-18,241,999882.14,False,Resolved,1
CC-2023-0069,High Court — Chancery Division,JUD-04,2023-04-21,Medium,1143164.88,3,True,False,Settled,2025-01-17,637,200110.18,False,Resolved,1
CC-2023-0170,London Commercial Court,JUD-01,2023-04-21,Medium,1278677.44,2,False,False,Settled,2024-12-27,616,437760.07,True,Resolved,1
CC-2023-1010,US District Court — S.D.N.Y.,JUD-07,2023-04-21,Medium,62177.23,1,True,False,Settled,2023-11-03,196,13191.16,False,Resolved,1
CC-2023-0631,High Court — Chancery Division,JUD-04,2023-04-22,Medium,420756.24,3,False,False,Settled,2025-06-21,791,251128.2,True,Resolved,1
CC-2023-0956,Dubai International Fin. Centre,JUD-10,2023-04-23,Low,746712.91,2,True,False,Settled,2023-11-09,200,276955.41,False,Resolved,1
CC-2023-0183,US District Court — S.D.N.Y.,JUD-06,2023-04-23,High,620074.61,3,False,False,,,1164,,,Ongoing,0
CC-2023-0752,Dubai International Fin. Centre,JUD-10,2023-04-23,Low,342023.09,0,False,False,Trial Judgment,2024-06-04,408,233831.27,False,Resolved,1
CC-2023-1210,US District Court — S.D.N.Y.,JUD-07,2023-04-23,Low,254865.99,0,True,False,Settled,2024-03-19,331,209235.36,False,Resolved,1
CC-2023-0507,London Commercial Court,JUD-02,2023-04-24,High,392480.94,5,True,False,Settled,2026-05-07,1109,65122.31,False,Resolved,1
CC-2023-0998,High Court — Chancery Division,JUD-04,2023-04-24,Low,333913.68,0,True,True,Dismissed,2023-11-10,200,0.0,False,Resolved,1
CC-2023-0328,High Court — Chancery Division,JUD-03,2023-04-24,Low,3171052.62,0,False,False,Settled,2024-06-16,419,1465698.37,False,Resolved,1
CC-2023-0364,High Court — KBD (TCC),JUD-05,2023-04-24,Medium,731048.99,6,False,False,Settled,2025-04-18,725,426227.81,False,Resolved,1
CC-2023-0321,London Commercial Court,JUD-02,2023-04-24,High,2844346.6,1,True,False,Settled,2025-03-22,698,324994.24,False,Resolved,1
CC-2023-0564,London Commercial Court,JUD-02,2023-04-25,Medium,2037972.15,5,True,False,Settled,2024-11-20,575,726572.01,False,Resolved,1
CC-2023-0341,Singapore International Comm.,JUD-09,2023-04-25,Medium,147942.33,2,False,False,Settled,2023-12-05,224,53360.07,False,Resolved,1
CC-2023-0548,London Commercial Court,JUD-02,2023-04-27,Low,311758.14,0,True,False,Trial Judgment,2024-02-25,304,255029.44,False,Resolved,1
CC-2023-0518,High Court — Chancery Division,JUD-03,2023-04-27,Medium,815103.54,3,False,False,Settled,2024-10-30,552,382890.93,False,Resolved,1
CC-2023-0637,High Court — Chancery Division,JUD-04,2023-04-28,Medium,5574442.9,4,True,False,Dismissed,2025-02-03,647,0.0,False,Resolved,1
CC-2023-0924,US District Court — S.D.N.Y.,JUD-07,2023-04-29,Medium,545808.35,4,False,False,Dismissed,2024-05-18,385,0.0,False,Resolved,1
CC-2023-1048,London Commercial Court,JUD-01,2023-04-29,Medium,3049448.64,3,True,True,Dismissed,2024-04-19,356,0.0,False,Resolved,1
CC-2023-0953,London Commercial Court,JUD-01,2023-04-29,High,1896477.12,2,False,False,Settled,2026-01-19,996,1029612.61,False,Resolved,1
CC-2023-1076,London Commercial Court,JUD-01,2023-04-29,Medium,882503.01,6,False,False,Settled,2024-08-18,477,662381.24,False,Resolved,1
CC-2023-1025,London Commercial Court,JUD-02,2023-04-29,Low,151841.62,0,False,False,Settled,2024-09-05,495,124444.07,False,Resolved,1
CC-2023-0131,High Court — Chancery Division,JUD-04,2023-04-30,Medium,885969.0,4,False,False,Dismissed,2024-08-26,484,0.0,False,Resolved,1
CC-2023-1083,London Commercial Court,JUD-02,2023-04-30,High,933292.74,4,True,False,Settled,2025-01-25,636,538797.09,False,Resolved,1
CC-2023-1084,London Commercial Court,JUD-01,2023-04-30,Low,957175.3,0,False,False,Settled,2024-02-13,289,105437.34,True,Resolved,1
CC-2023-0458,High Court — KBD (TCC),JUD-05,2023-04-30,Medium,1463382.77,5,True,False,Settled,2026-05-27,1123,634070.01,False,Resolved,1
CC-2023-0366,Singapore International Comm.,JUD-09,2023-04-30,Medium,1098773.69,1,True,False,Settled,2024-11-21,571,625225.08,False,Resolved,1
CC-2023-1198,High Court — KBD (TCC),JUD-05,2023-04-30,Medium,311698.98,1,False,False,Settled,2024-09-24,513,123913.2,False,Resolved,1
CC-2023-0247,Dubai International Fin. Centre,JUD-10,2023-05-01,Low,186427.98,1,True,False,Dismissed,2023-11-04,187,0.0,False,Resolved,1
CC-2023-0347,US District Court — S.D.N.Y.,JUD-06,2023-05-01,Low,323834.43,0,True,False,Settled,2024-02-07,282,102070.49,False,Resolved,1
CC-2023-0344,High Court — Chancery Division,JUD-03,2023-05-01,High,607475.51,5,True,True,Settled,2025-01-07,617,44476.79,True,Resolved,1
CC-2023-0734,US District Court — N.D. Cal.,JUD-08,2023-05-01,Low,680957.29,2,False,False,Settled,2024-05-29,394,354810.0,False,Resolved,1
CC-2023-0892,US District Court — N.D. Cal.,JUD-08,2023-05-01,Low,1062066.36,0,True,True,Dismissed,2023-09-19,141,0.0,False,Resolved,1
CC-2023-0859,High Court — KBD (TCC),JUD-05,2023-05-02,Low,304452.38,2,False,False,Settled,2023-12-20,232,114127.95,False,Resolved,1
CC-2023-1073,High Court — KBD (TCC),JUD-05,2023-05-02,High,620616.13,4,False,False,Settled,2025-10-26,908,28916.42,False,Resolved,1
CC-2023-0053,London Commercial Court,JUD-01,2023-05-02,High,457981.8,3,False,False,Settled,2024-10-09,526,226962.56,False,Resolved,1
CC-2023-1189,US District Court — S.D.N.Y.,JUD-07,2023-05-03,High,615450.27,2,False,False,Settled,2024-08-16,471,418892.93,False,Resolved,1
CC-2023-1066,High Court — KBD (TCC),JUD-05,2023-05-03,Low,569132.56,0,True,False,Settled,2023-12-14,225,222722.26,False,Resolved,1
CC-2023-0872,US District Court — S.D.N.Y.,JUD-06,2023-05-03,High,811733.29,2,True,False,Settled,2026-06-07,1131,53819.64,False,Resolved,1
CC-2023-1032,High Court — Chancery Division,JUD-04,2023-05-04,High,383472.41,3,False,False,Settled,2025-11-07,918,66982.47,False,Resolved,1
CC-2023-0050,US District Court — S.D.N.Y.,JUD-07,2023-05-04,Medium,156999.95,6,True,False,Settled,2024-12-09,585,110527.51,False,Resolved,1
CC-2023-1151,London Commercial Court,JUD-02,2023-05-04,Low,3815665.49,1,True,False,Trial Judgment,2024-06-21,414,0.0,False,Resolved,1
CC-2023-0089,Dubai International Fin. Centre,JUD-10,2023-05-04,Medium,1325327.5,3,False,False,Dismissed,2024-02-06,278,0.0,False,Resolved,1
CC-2023-0878,Singapore International Comm.,JUD-09,2023-05-04,Low,190905.68,0,True,False,Dismissed,2024-01-15,256,0.0,False,Resolved,1
CC-2023-0844,US District Court — S.D.N.Y.,JUD-06,2023-05-04,Low,194308.29,0,False,False,Dismissed,2023-09-06,125,0.0,False,Resolved,1
CC-2023-0030,US District Court — N.D. Cal.,JUD-08,2023-05-04,Low,223354.34,2,True,False,Settled,2024-07-08,431,83160.43,False,Resolved,1
CC-2023-0063,London Commercial Court,JUD-02,2023-05-04,Low,574441.28,1,False,False,Dismissed,2023-11-13,193,0.0,False,Resolved,1
CC-2023-0598,US District Court — S.D.N.Y.,JUD-06,2023-05-04,Medium,71936.95,4,False,False,Dismissed,2023-11-20,200,0.0,False,Resolved,1
CC-2023-0569,US District Court — S.D.N.Y.,JUD-06,2023-05-05,Low,975278.57,0,False,False,Settled,2023-09-19,137,391824.75,False,Resolved,1
CC-2023-0642,Singapore International Comm.,JUD-09,2023-05-06,Medium,85863.81,3,False,False,Dismissed,2024-05-28,388,0.0,False,Resolved,1
CC-2023-1115,High Court — Chancery Division,JUD-03,2023-05-07,Low,199581.5,1,False,False,Settled,2024-01-12,250,38058.04,False,Resolved,1
CC-2023-0068,US District Court — S.D.N.Y.,JUD-06,2023-05-08,Low,863554.39,0,True,False,Settled,2023-12-19,225,159708.0,False,Resolved,1
CC-2023-0800,High Court — Chancery Division,JUD-04,2023-05-08,Medium,521360.75,1,False,False,Dismissed,2024-10-04,515,0.0,False,Resolved,1
CC-2023-0207,US District Court — S.D.N.Y.,JUD-07,2023-05-10,High,136384.31,4,True,False,Settled,2025-07-18,800,79558.32,False,Resolved,1
CC-2023-0086,High Court — Chancery Division,JUD-04,2023-05-11,Medium,849642.78,3,True,False,Trial Judgment,2025-09-01,844,478429.39,False,Resolved,1
CC-2023-0280,Singapore International Comm.,JUD-09,2023-05-11,High,208098.36,3,False,False,Dismissed,2024-11-06,545,0.0,False,Resolved,1
CC-2023-0883,High Court — Chancery Division,JUD-03,2023-05-11,Low,211723.72,1,False,False,Dismissed,2023-12-21,224,0.0,False,Resolved,1
CC-2023-0867,London Commercial Court,JUD-02,2023-05-11,High,2098140.57,6,True,False,,,1146,,,Ongoing,0
CC-2023-0201,High Court — Chancery Division,JUD-03,2023-05-11,Low,275817.35,0,False,False,Settled,2024-03-17,311,10477.23,False,Resolved,1
CC-2023-0908,Dubai International Fin. Centre,JUD-10,2023-05-11,Medium,55695.8,1,False,False,Dismissed,2024-02-15,280,0.0,False,Resolved,1
CC-2023-0376,London Commercial Court,JUD-02,2023-05-11,Low,182872.92,0,False,False,Dismissed,2023-10-18,160,0.0,False,Resolved,1
CC-2023-0404,London Commercial Court,JUD-02,2023-05-11,Low,157527.07,1,False,False,Settled,2024-07-10,426,24196.42,True,Resolved,1
CC-2023-0622,Singapore International Comm.,JUD-09,2023-05-12,Medium,562422.37,6,False,False,Settled,2025-02-14,644,92243.29,False,Resolved,1
CC-2023-0534,High Court — KBD (TCC),JUD-05,2023-05-12,Low,523901.02,1,False,False,Settled,2025-04-07,696,111768.18,True,Resolved,1
CC-2023-1000,US District Court — N.D. Cal.,JUD-08,2023-05-12,Low,87922.3,0,True,False,Dismissed,2024-01-12,245,0.0,False,Resolved,1
CC-2023-0473,US District Court — N.D. Cal.,JUD-08,2023-05-13,Low,498256.69,5,False,False,Settled,2025-04-17,705,194780.17,False,Resolved,1
CC-2023-0400,High Court — Chancery Division,JUD-03,2023-05-13,High,238638.14,5,True,True,Dismissed,2024-01-06,238,0.0,False,Resolved,1
CC-2023-0085,US District Court — N.D. Cal.,JUD-08,2023-05-13,Low,177966.26,1,False,False,Trial Judgment,2024-08-27,472,140873.55,False,Resolved,1
CC-2023-0284,High Court — KBD (TCC),JUD-05,2023-05-13,Low,1406371.84,1,True,False,Settled,2025-03-22,679,1068231.0,False,Resolved,1
CC-2023-0160,High Court — Chancery Division,JUD-04,2023-05-13,High,784085.86,5,True,True,Dismissed,2024-10-25,531,0.0,False,Resolved,1
CC-2023-0799,High Court — KBD (TCC),JUD-05,2023-05-14,Medium,538820.34,0,True,False,Settled,2025-05-05,722,299092.57,False,Resolved,1
CC-2023-0060,London Commercial Court,JUD-02,2023-05-14,Low,1451023.55,0,True,False,Settled,2024-03-29,320,369854.62,False,Resolved,1
CC-2023-0237,High Court — KBD (TCC),JUD-05,2023-05-14,Medium,1034440.85,1,False,False,Settled,2024-12-10,576,542320.85,False,Resolved,1
CC-2023-1146,High Court — Chancery Division,JUD-03,2023-05-15,Low,594218.62,1,True,False,Settled,2024-03-14,304,285766.69,False,Resolved,1
CC-2023-0107,High Court — Chancery Division,JUD-04,2023-05-15,Low,348883.86,0,False,False,Dismissed,2023-11-09,178,0.0,False,Resolved,1
CC-2023-0150,London Commercial Court,JUD-01,2023-05-15,Low,414800.53,1,False,False,Settled,2024-01-29,259,176304.81,False,Resolved,1
CC-2023-0638,High Court — Chancery Division,JUD-04,2023-05-16,Low,283338.59,2,False,False,Dismissed,2024-03-05,294,0.0,False,Resolved,1
CC-2023-0215,London Commercial Court,JUD-02,2023-05-16,Low,174714.68,0,False,False,Dismissed,2023-09-21,128,0.0,False,Resolved,1
CC-2023-1212,High Court — Chancery Division,JUD-04,2023-05-16,Low,139530.97,0,False,False,Settled,2023-12-31,229,36599.63,False,Resolved,1
CC-2023-0322,London Commercial Court,JUD-01,2023-05-16,Medium,405670.3,0,False,False,Dismissed,2024-07-04,415,0.0,False,Resolved,1
CC-2023-0203,US District Court — N.D. Cal.,JUD-08,2023-05-16,Low,110705.43,2,False,False,Settled,2023-12-18,216,2723.89,False,Resolved,1
CC-2023-0656,Singapore International Comm.,JUD-09,2023-05-17,Low,2621530.71,1,True,True,Dismissed,2023-08-30,105,0.0,False,Resolved,1
CC-2023-0620,Dubai International Fin. Centre,JUD-10,2023-05-17,High,587073.08,9,True,False,Settled,2025-02-17,642,224917.7,False,Resolved,1
CC-2023-0158,US District Court — N.D. Cal.,JUD-08,2023-05-17,Medium,483336.08,3,False,False,Settled,2024-07-08,418,57328.31,False,Resolved,1
CC-2023-0360,High Court — KBD (TCC),JUD-05,2023-05-17,Medium,4047228.53,0,False,False,Settled,2025-04-25,709,935786.19,False,Resolved,1
CC-2023-0928,High Court — Chancery Division,JUD-04,2023-05-17,Medium,55806.74,3,False,False,Dismissed,2024-01-09,237,0.0,False,Resolved,1
CC-2023-0373,US District Court — N.D. Cal.,JUD-08,2023-05-17,Medium,1634499.54,1,False,False,Settled,2024-03-14,302,464334.52,False,Resolved,1
CC-2023-0946,US District Court — S.D.N.Y.,JUD-06,2023-05-17,Medium,939466.15,1,True,False,Trial Judgment,2025-03-06,659,0.0,False,Resolved,1
CC-2023-1040,High Court — KBD (TCC),JUD-05,2023-05-17,High,772407.73,5,False,False,,,1140,,,Ongoing,0
CC-2023-0619,High Court — KBD (TCC),JUD-05,2023-05-18,Low,720790.2,1,True,False,Trial Judgment,2024-09-30,501,0.0,False,Resolved,1
CC-2023-0483,High Court — KBD (TCC),JUD-05,2023-05-18,Medium,1286253.95,1,True,True,Settled,2024-05-23,371,348135.87,False,Resolved,1
CC-2023-0587,High Court — Chancery Division,JUD-04,2023-05-18,Medium,524508.64,3,False,False,Settled,2024-05-15,363,38816.24,False,Resolved,1
CC-2023-0277,High Court — KBD (TCC),JUD-05,2023-05-19,Medium,196722.23,1,False,False,Settled,2024-07-22,430,36932.83,False,Resolved,1
CC-2023-1186,US District Court — S.D.N.Y.,JUD-07,2023-05-19,Medium,444052.82,3,True,False,Settled,2024-01-08,234,135202.11,False,Resolved,1
CC-2023-0152,US District Court — N.D. Cal.,JUD-08,2023-05-20,Medium,221772.85,2,False,False,Settled,2024-05-31,377,169393.68,False,Resolved,1
CC-2023-0604,High Court — Chancery Division,JUD-03,2023-05-20,Medium,51950.36,0,False,False,Settled,2024-08-02,440,23735.67,False,Resolved,1
CC-2023-0071,US District Court — S.D.N.Y.,JUD-06,2023-05-20,Low,772412.05,0,False,False,Settled,2023-11-27,191,502267.16,False,Resolved,1
CC-2023-0808,High Court — KBD (TCC),JUD-05,2023-05-20,Low,1929107.55,2,True,False,Dismissed,2024-03-07,292,0.0,False,Resolved,1
CC-2023-0769,US District Court — N.D. Cal.,JUD-08,2023-05-21,Medium,394349.43,1,False,False,Dismissed,2023-12-12,205,0.0,False,Resolved,1
CC-2023-0589,London Commercial Court,JUD-01,2023-05-21,High,914442.6,9,True,False,,,1136,,,Ongoing,0
CC-2023-0863,High Court — Chancery Division,JUD-04,2023-05-21,Medium,739687.75,2,True,False,Settled,2024-11-20,549,178871.5,False,Resolved,1
CC-2023-1085,London Commercial Court,JUD-02,2023-05-22,Medium,1069658.25,0,False,False,Settled,2024-12-06,564,447222.3,True,Resolved,1
CC-2023-0141,London Commercial Court,JUD-01,2023-05-22,Low,124033.39,1,False,False,Dismissed,2023-12-26,218,0.0,False,Resolved,1
CC-2023-0791,London Commercial Court,JUD-01,2023-05-22,Medium,374409.83,2,True,True,Dismissed,2024-01-11,234,0.0,False,Resolved,1
CC-2023-0706,High Court — Chancery Division,JUD-03,2023-05-22,Medium,308047.34,2,False,False,Settled,2024-05-30,374,136103.27,False,Resolved,1
CC-2023-0981,High Court — Chancery Division,JUD-04,2023-05-23,Low,556244.5,2,False,False,Settled,2025-04-28,706,395084.52,False,Resolved,1
CC-2023-0922,US District Court — S.D.N.Y.,JUD-07,2023-05-23,Low,1899199.52,1,True,False,Settled,2024-02-15,268,340884.09,False,Resolved,1
CC-2023-0033,Dubai International Fin. Centre,JUD-10,2023-05-23,Low,898531.08,2,True,False,Settled,2024-03-01,283,495943.29,False,Resolved,1
CC-2023-0181,London Commercial Court,JUD-01,2023-05-23,Low,275133.29,0,False,False,Settled,2024-01-27,249,165943.79,False,Resolved,1
CC-2023-0501,US District Court — S.D.N.Y.,JUD-07,2023-05-23,High,408960.08,4,False,False,Settled,2024-09-05,471,59204.86,False,Resolved,1
CC-2023-0951,London Commercial Court,JUD-01,2023-05-24,Medium,817323.33,1,False,False,Settled,2025-06-20,758,80544.27,False,Resolved,1
CC-2023-0711,Singapore International Comm.,JUD-09,2023-05-24,Medium,798286.83,1,False,False,Settled,2024-05-06,348,132464.34,False,Resolved,1
CC-2023-1077,London Commercial Court,JUD-02,2023-05-24,Medium,391042.98,3,False,False,Dismissed,2024-08-11,445,0.0,False,Resolved,1
CC-2023-0802,US District Court — N.D. Cal.,JUD-08,2023-05-25,Low,1168045.42,1,True,True,Dismissed,2023-12-28,217,0.0,False,Resolved,1
CC-2023-0219,High Court — Chancery Division,JUD-03,2023-05-25,Medium,603078.43,4,False,False,Settled,2024-09-27,491,264722.1,False,Resolved,1
CC-2023-0273,London Commercial Court,JUD-01,2023-05-26,High,53251.92,6,False,False,Dismissed,2025-01-13,598,0.0,False,Resolved,1
CC-2023-1179,London Commercial Court,JUD-01,2023-05-26,High,189462.19,4,False,False,Settled,2025-09-02,830,115196.27,False,Resolved,1
CC-2023-0760,London Commercial Court,JUD-01,2023-05-26,Low,1027836.43,0,False,False,Settled,2024-05-23,363,682805.08,False,Resolved,1
CC-2023-0976,High Court — KBD (TCC),JUD-05,2023-05-26,Low,314447.99,0,False,False,Settled,2024-04-02,312,62886.9,False,Resolved,1
CC-2023-0543,High Court — Chancery Division,JUD-03,2023-05-26,High,624021.92,3,False,False,Dismissed,2024-11-16,540,0.0,False,Resolved,1
CC-2023-0084,Singapore International Comm.,JUD-09,2023-05-26,Medium,342670.09,2,True,False,Settled,2024-03-01,280,292378.97,True,Resolved,1
CC-2023-0978,High Court — Chancery Division,JUD-03,2023-05-27,High,688707.93,6,True,False,Settled,2025-11-17,905,177220.65,False,Resolved,1
CC-2023-0118,US District Court — S.D.N.Y.,JUD-06,2023-05-27,Medium,278485.89,0,False,False,Dismissed,2023-10-27,153,0.0,False,Resolved,1
CC-2023-0692,High Court — Chancery Division,JUD-03,2023-05-27,Medium,614317.63,4,False,False,Settled,2024-08-17,448,39035.87,False,Resolved,1
CC-2023-0155,US District Court — S.D.N.Y.,JUD-07,2023-05-27,Low,111118.66,0,True,False,Dismissed,2024-03-05,283,0.0,False,Resolved,1
CC-2023-0778,US District Court — S.D.N.Y.,JUD-06,2023-05-27,Medium,469065.59,1,False,False,Dismissed,2023-12-12,199,0.0,False,Resolved,1
CC-2023-0535,London Commercial Court,JUD-02,2023-05-27,Low,295019.27,0,False,False,Dismissed,2023-11-14,171,0.0,False,Resolved,1
CC-2023-0788,US District Court — N.D. Cal.,JUD-08,2023-05-28,Medium,1555691.05,3,False,False,Dismissed,2024-02-15,263,0.0,False,Resolved,1
CC-2023-0847,US District Court — N.D. Cal.,JUD-08,2023-05-28,Low,277500.02,1,False,False,Settled,2024-04-04,312,140771.26,False,Resolved,1
CC-2023-0414,US District Court — N.D. Cal.,JUD-08,2023-05-28,Low,683740.22,0,True,False,Settled,2024-04-03,311,68960.04,False,Resolved,1
CC-2023-0763,London Commercial Court,JUD-02,2023-05-28,Medium,317273.27,3,False,False,Settled,2024-08-19,449,130345.4,False,Resolved,1
CC-2023-0217,London Commercial Court,JUD-01,2023-05-28,Medium,317705.34,1,False,False,Trial Judgment,2024-12-24,576,0.0,False,Resolved,1
CC-2023-1172,US District Court — S.D.N.Y.,JUD-07,2023-05-28,Low,437580.07,0,False,False,Trial Judgment,2024-05-23,361,0.0,False,Resolved,1
CC-2023-1155,US District Court — S.D.N.Y.,JUD-06,2023-05-29,Medium,309468.22,5,False,False,Dismissed,2024-02-17,264,0.0,False,Resolved,1
CC-2023-0192,London Commercial Court,JUD-02,2023-05-29,High,1205094.36,6,True,False,Settled,2025-07-08,771,918000.78,False,Resolved,1
CC-2023-0120,Singapore International Comm.,JUD-09,2023-05-29,Medium,824055.37,2,False,False,Settled,2024-02-11,258,331612.12,False,Resolved,1
CC-2023-1116,High Court — KBD (TCC),JUD-05,2023-05-29,High,146679.53,6,False,False,Settled,2024-11-12,533,66823.1,False,Resolved,1
CC-2023-0306,High Court — Chancery Division,JUD-04,2023-05-30,Low,1540110.75,3,False,False,Settled,2024-04-05,311,1187177.99,False,Resolved,1
CC-2023-1150,US District Court — N.D. Cal.,JUD-08,2023-05-30,Medium,3616750.39,2,False,False,Settled,2024-10-28,517,2587671.08,False,Resolved,1
CC-2023-0708,Dubai International Fin. Centre,JUD-10,2023-05-30,Medium,394504.4,4,True,False,Settled,2024-08-09,437,60552.58,False,Resolved,1
CC-2023-0380,High Court — Chancery Division,JUD-04,2023-05-30,High,4114100.26,3,False,False,,,1127,,,Ongoing,0
CC-2023-1178,High Court — KBD (TCC),JUD-05,2023-05-30,Medium,1332845.21,1,False,False,Settled,2025-06-22,754,383240.68,False,Resolved,1
CC-2023-0537,London Commercial Court,JUD-02,2023-05-30,High,129005.47,7,True,False,Settled,2024-04-29,335,52219.49,False,Resolved,1
CC-2023-0397,US District Court — N.D. Cal.,JUD-08,2023-05-31,Medium,59367.7,0,False,False,Settled,2024-11-13,532,29299.59,False,Resolved,1
CC-2023-1136,London Commercial Court,JUD-01,2023-05-31,Low,458971.2,2,False,False,Settled,2024-11-11,530,184102.69,True,Resolved,1
CC-2023-0482,High Court — Chancery Division,JUD-04,2023-05-31,High,1513989.33,1,False,False,Settled,2025-01-13,593,821153.44,False,Resolved,1
CC-2023-0578,London Commercial Court,JUD-01,2023-05-31,Medium,2210224.06,3,True,False,Settled,2026-01-12,957,711340.29,False,Resolved,1
CC-2023-0428,High Court — KBD (TCC),JUD-05,2023-05-31,High,394375.88,3,True,False,Settled,2025-08-14,806,170760.82,False,Resolved,1
CC-2023-0453,London Commercial Court,JUD-02,2023-06-01,High,186548.32,3,True,False,Settled,2025-01-25,604,138141.29,False,Resolved,1
CC-2023-0022,US District Court — N.D. Cal.,JUD-08,2023-06-01,High,1593817.31,5,True,False,,,1125,,,Ongoing,0
CC-2023-0831,Singapore International Comm.,JUD-09,2023-06-01,Medium,501768.63,3,False,False,Settled,2025-11-30,913,90605.34,False,Resolved,1
CC-2023-0261,High Court — KBD (TCC),JUD-05,2023-06-01,Low,136330.55,1,False,False,Settled,2023-12-05,187,41752.48,False,Resolved,1
CC-2023-1090,Singapore International Comm.,JUD-09,2023-06-02,High,648707.92,6,False,False,Settled,2025-02-27,636,150429.18,False,Resolved,1
CC-2023-0836,US District Court — N.D. Cal.,JUD-08,2023-06-02,Low,348339.59,1,False,False,Settled,2024-03-08,280,224101.73,True,Resolved,1
CC-2023-0579,Singapore International Comm.,JUD-09,2023-06-03,Medium,476672.38,4,False,False,Dismissed,2024-03-20,291,0.0,False,Resolved,1
CC-2023-0441,London Commercial Court,JUD-01,2023-06-03,Medium,2478714.94,1,True,False,Settled,2025-03-31,667,1047450.61,False,Resolved,1
CC-2023-0741,High Court — KBD (TCC),JUD-05,2023-06-03,Low,248060.93,0,False,False,Settled,2024-01-07,218,47631.74,False,Resolved,1
CC-2023-0852,High Court — KBD (TCC),JUD-05,2023-06-03,Low,426201.03,3,False,False,Settled,2024-06-27,390,88419.56,False,Resolved,1
CC-2023-0728,High Court — Chancery Division,JUD-03,2023-06-04,Low,301887.45,1,False,False,Settled,2024-10-18,502,191587.21,False,Resolved,1
CC-2023-1166,High Court — Chancery Division,JUD-03,2023-06-04,Low,196329.82,2,False,False,Settled,2024-06-04,366,60968.41,False,Resolved,1
CC-2023-0786,US District Court — N.D. Cal.,JUD-08,2023-06-05,Low,164395.66,1,True,False,Dismissed,2024-01-12,221,0.0,False,Resolved,1
CC-2023-0383,US District Court — N.D. Cal.,JUD-08,2023-06-05,Medium,2825531.23,1,True,False,Settled,2024-06-16,377,662108.19,False,Resolved,1
CC-2023-0452,Dubai International Fin. Centre,JUD-10,2023-06-05,Low,769179.85,0,False,False,Settled,2024-07-17,408,7823.33,False,Resolved,1
CC-2023-0997,US District Court — S.D.N.Y.,JUD-06,2023-06-06,Low,221950.79,0,False,False,Dismissed,2023-10-23,139,0.0,False,Resolved,1
CC-2023-0029,High Court — KBD (TCC),JUD-05,2023-06-07,Low,617080.55,3,True,False,Settled,2024-10-26,507,426173.99,False,Resolved,1
CC-2023-0815,London Commercial Court,JUD-01,2023-06-07,Medium,229879.09,3,True,False,Settled,2024-11-25,537,66317.15,False,Resolved,1
CC-2023-0290,Dubai International Fin. Centre,JUD-10,2023-06-08,Low,870640.91,1,False,False,Dismissed,2024-04-23,320,0.0,False,Resolved,1
CC-2023-0659,London Commercial Court,JUD-01,2023-06-09,High,213713.4,3,False,False,Settled,2024-06-21,378,104060.42,False,Resolved,1
CC-2023-0227,High Court — Chancery Division,JUD-04,2023-06-09,Medium,1555266.7,0,True,True,Dismissed,2024-08-17,435,0.0,False,Resolved,1
CC-2023-1021,London Commercial Court,JUD-01,2023-06-09,Medium,1446893.11,3,True,False,Settled,2025-07-08,760,631829.96,False,Resolved,1
CC-2023-1168,London Commercial Court,JUD-01,2023-06-09,Low,778378.54,0,True,True,Dismissed,2023-11-13,157,0.0,False,Resolved,1
CC-2023-1217,London Commercial Court,JUD-01,2023-06-10,Low,492573.0,1,True,False,Settled,2024-05-22,347,266499.48,False,Resolved,1
CC-2023-0415,US District Court — S.D.N.Y.,JUD-06,2023-06-10,Low,552432.91,1,False,False,Settled,2024-05-12,337,263035.88,False,Resolved,1
CC-2023-0202,Singapore International Comm.,JUD-09,2023-06-11,Low,2655257.73,1,True,True,Dismissed,2023-11-28,170,0.0,False,Resolved,1
CC-2023-0489,High Court — Chancery Division,JUD-04,2023-06-11,High,592857.96,6,True,False,,,1115,,,Ongoing,0
CC-2023-1215,High Court — Chancery Division,JUD-03,2023-06-11,Low,569836.7,1,True,False,Dismissed,2024-07-19,404,0.0,False,Resolved,1
CC-2023-1102,London Commercial Court,JUD-02,2023-06-11,High,251733.63,3,True,False,Dismissed,2024-05-30,354,0.0,False,Resolved,1
CC-2023-0932,High Court — Chancery Division,JUD-03,2023-06-12,Medium,2348309.4,2,True,False,Settled,2025-02-07,606,1009781.28,False,Resolved,1
CC-2023-0850,Dubai International Fin. Centre,JUD-10,2023-06-12,High,277661.32,1,False,False,Dismissed,2024-03-14,276,0.0,False,Resolved,1
CC-2023-0866,Dubai International Fin. Centre,JUD-10,2023-06-12,High,806197.3,4,False,False,Settled,2025-03-15,642,41099.23,False,Resolved,1
CC-2023-0130,London Commercial Court,JUD-02,2023-06-12,High,259673.92,3,True,False,Settled,2025-08-19,799,51489.38,False,Resolved,1
CC-2023-1160,Dubai International Fin. Centre,JUD-10,2023-06-13,Medium,392167.32,3,True,True,Dismissed,2024-04-25,317,0.0,False,Resolved,1
CC-2023-1142,Dubai International Fin. Centre,JUD-10,2023-06-13,Medium,70220.65,1,False,False,Settled,2024-02-26,258,40216.49,False,Resolved,1
CC-2023-0153,Singapore International Comm.,JUD-09,2023-06-13,Medium,653079.45,4,False,False,Settled,2024-09-02,447,285539.68,False,Resolved,1
CC-2023-0424,London Commercial Court,JUD-01,2023-06-14,Low,200246.84,0,False,False,Settled,2023-12-25,194,69819.75,True,Resolved,1
CC-2023-0378,High Court — Chancery Division,JUD-04,2023-06-14,High,970638.0,5,False,False,Settled,2026-01-26,957,221900.51,False,Resolved,1
CC-2023-1147,High Court — Chancery Division,JUD-04,2023-06-14,High,460362.44,2,False,False,Settled,2025-03-18,643,259842.08,False,Resolved,1
CC-2023-0675,Dubai International Fin. Centre,JUD-10,2023-06-14,High,833417.08,5,True,False,,,1112,,,Ongoing,0
CC-2023-0256,US District Court — S.D.N.Y.,JUD-06,2023-06-14,Medium,664637.3,1,True,False,Settled,2024-12-06,541,120651.53,True,Resolved,1
CC-2023-0032,London Commercial Court,JUD-02,2023-06-15,Medium,233581.5,0,False,False,Settled,2024-07-17,398,93907.21,False,Resolved,1
CC-2023-0008,US District Court — S.D.N.Y.,JUD-06,2023-06-15,Low,1435010.34,2,True,False,Settled,2023-12-30,198,565156.87,False,Resolved,1
CC-2023-0703,High Court — Chancery Division,JUD-04,2023-06-16,High,246065.77,5,True,False,Dismissed,2025-05-19,703,0.0,False,Resolved,1
CC-2023-0796,London Commercial Court,JUD-01,2023-06-16,Low,87363.76,0,False,False,Settled,2023-12-23,190,35238.33,False,Resolved,1
CC-2023-0104,Singapore International Comm.,JUD-09,2023-06-17,Medium,2870419.65,0,False,False,Dismissed,2024-08-30,440,0.0,False,Resolved,1
CC-2023-1193,High Court — Chancery Division,JUD-03,2023-06-18,Medium,166863.49,5,True,True,Settled,2024-07-16,394,54068.51,False,Resolved,1
CC-2023-0296,London Commercial Court,JUD-01,2023-06-18,High,95561.66,5,True,False,Dismissed,2025-01-16,578,0.0,False,Resolved,1
CC-2023-0191,US District Court — S.D.N.Y.,JUD-07,2023-06-19,Medium,116590.93,0,False,False,Settled,2024-03-23,278,68144.91,False,Resolved,1
CC-2023-0554,Dubai International Fin. Centre,JUD-10,2023-06-19,Low,512117.37,1,False,False,Dismissed,2023-12-26,190,0.0,False,Resolved,1
CC-2023-0450,High Court — Chancery Division,JUD-03,2023-06-19,Low,396872.6,0,False,False,Settled,2024-01-26,221,76347.87,False,Resolved,1
CC-2023-0065,Dubai International Fin. Centre,JUD-10,2023-06-20,Low,272018.36,0,True,False,Settled,2024-02-19,244,134503.84,False,Resolved,1
CC-2023-0524,High Court — Chancery Division,JUD-04,2023-06-20,High,184564.33,4,False,False,,,1106,,,Ongoing,0
CC-2023-0758,London Commercial Court,JUD-02,2023-06-21,Medium,1240419.65,5,True,False,Dismissed,2024-09-07,444,0.0,False,Resolved,1
CC-2023-0419,Dubai International Fin. Centre,JUD-10,2023-06-21,Low,145264.69,1,False,False,Dismissed,2023-10-09,110,0.0,False,Resolved,1
CC-2023-0082,US District Court — N.D. Cal.,JUD-08,2023-06-21,High,319732.93,6,True,False,Dismissed,2025-04-13,662,0.0,False,Resolved,1
CC-2023-1196,High Court — KBD (TCC),JUD-05,2023-06-21,Low,513947.86,1,False,False,Settled,2024-05-31,345,248337.97,False,Resolved,1
CC-2023-0185,Singapore International Comm.,JUD-09,2023-06-22,Low,143731.58,0,True,False,Settled,2024-01-26,218,26789.19,False,Resolved,1
CC-2023-1004,US District Court — S.D.N.Y.,JUD-06,2023-06-22,High,968737.39,3,False,False,Settled,2025-09-08,809,131128.08,False,Resolved,1
CC-2023-0996,US District Court — S.D.N.Y.,JUD-06,2023-06-23,High,162972.03,4,False,False,Settled,2024-11-20,516,42722.41,False,Resolved,1
CC-2023-0995,High Court — Chancery Division,JUD-03,2023-06-23,Medium,574945.38,3,False,False,Settled,2024-08-04,408,115902.6,False,Resolved,1
CC-2023-0919,High Court — KBD (TCC),JUD-05,2023-06-23,Low,329197.0,1,True,False,Dismissed,2024-03-15,266,0.0,False,Resolved,1
CC-2023-0182,US District Court — S.D.N.Y.,JUD-07,2023-06-23,Low,167891.12,2,True,True,Dismissed,2023-10-22,121,0.0,False,Resolved,1
CC-2023-0729,US District Court — S.D.N.Y.,JUD-07,2023-06-24,Low,386913.4,1,True,True,Dismissed,2023-12-28,187,0.0,False,Resolved,1
CC-2023-1119,US District Court — S.D.N.Y.,JUD-07,2023-06-24,Low,722782.98,2,False,False,Dismissed,2023-12-16,175,0.0,False,Resolved,1
CC-2023-1088,US District Court — N.D. Cal.,JUD-08,2023-06-25,High,1757872.1,5,False,False,Settled,2025-09-22,820,436771.4,False,Resolved,1
CC-2023-0963,US District Court — S.D.N.Y.,JUD-06,2023-06-25,Low,799366.19,0,False,False,Settled,2024-02-05,225,206410.79,False,Resolved,1
CC-2023-1140,US District Court — N.D. Cal.,JUD-08,2023-06-26,Medium,2023244.15,4,False,False,Settled,2025-02-25,610,887216.67,False,Resolved,1
CC-2023-0654,High Court — KBD (TCC),JUD-05,2023-06-26,Low,526013.35,1,True,False,Dismissed,2024-04-16,295,0.0,False,Resolved,1
CC-2023-0076,US District Court — S.D.N.Y.,JUD-07,2023-06-26,Medium,519056.53,7,True,False,Settled,2024-10-13,475,131591.19,False,Resolved,1
CC-2023-0139,London Commercial Court,JUD-02,2023-06-26,High,423580.94,3,False,False,,,1100,,,Ongoing,0
CC-2023-1031,London Commercial Court,JUD-02,2023-06-27,Medium,352212.61,3,False,False,Settled,2024-09-15,446,120236.99,False,Resolved,1
CC-2023-1101,High Court — Chancery Division,JUD-04,2023-06-27,High,122489.94,3,False,False,Settled,2025-12-17,904,72904.49,False,Resolved,1
CC-2023-0108,London Commercial Court,JUD-01,2023-06-27,Medium,710651.48,1,False,False,Settled,2024-12-12,534,188874.06,False,Resolved,1
CC-2023-0229,High Court — KBD (TCC),JUD-05,2023-06-27,Medium,1014982.79,3,False,False,Settled,2026-04-17,1025,897393.85,False,Resolved,1
CC-2023-1152,London Commercial Court,JUD-01,2023-06-28,Medium,320806.08,4,False,False,,,1098,,,Ongoing,0
CC-2023-0487,High Court — KBD (TCC),JUD-05,2023-06-29,Medium,1228658.07,2,True,False,Dismissed,2024-08-24,422,0.0,False,Resolved,1
CC-2023-0405,Dubai International Fin. Centre,JUD-10,2023-06-29,High,790747.24,6,True,False,Settled,2025-07-19,751,211724.1,False,Resolved,1
CC-2023-0661,High Court — KBD (TCC),JUD-05,2023-06-30,Medium,4737061.74,4,False,False,,,1096,,,Ongoing,0
CC-2023-1219,London Commercial Court,JUD-01,2023-07-01,Low,855332.89,1,True,False,Settled,2024-05-20,324,185081.85,False,Resolved,1
CC-2023-0837,High Court — Chancery Division,JUD-04,2023-07-02,Medium,1277953.42,3,True,False,Settled,2025-01-01,549,518534.0,False,Resolved,1
CC-2023-1100,US District Court — N.D. Cal.,JUD-08,2023-07-02,Low,367033.94,1,True,True,Dismissed,2023-11-18,139,0.0,False,Resolved,1
CC-2023-0457,Singapore International Comm.,JUD-09,2023-07-02,Low,719339.24,2,True,False,Dismissed,2024-04-16,289,0.0,False,Resolved,1
CC-2023-1026,Dubai International Fin. Centre,JUD-10,2023-07-02,Medium,141675.42,2,True,True,Dismissed,2023-12-29,180,0.0,False,Resolved,1
CC-2023-1113,US District Court — S.D.N.Y.,JUD-07,2023-07-02,Low,587075.22,2,False,False,Settled,2024-05-09,312,224267.25,False,Resolved,1
CC-2023-0804,Dubai International Fin. Centre,JUD-10,2023-07-03,Low,723249.9,0,True,False,Settled,2024-04-19,291,119919.96,False,Resolved,1
CC-2023-0809,US District Court — N.D. Cal.,JUD-08,2023-07-03,Medium,881566.02,0,True,False,Settled,2024-03-28,269,375368.5,False,Resolved,1
CC-2023-0512,Singapore International Comm.,JUD-09,2023-07-03,High,5367556.93,9,True,False,,,1093,,,Ongoing,0
CC-2023-0293,US District Court — S.D.N.Y.,JUD-07,2023-07-03,Low,2386725.71,0,True,False,Settled,2024-10-01,456,719254.28,True,Resolved,1
CC-2023-0456,Singapore International Comm.,JUD-09,2023-07-04,Low,2436742.07,0,True,False,Dismissed,2024-02-18,229,0.0,False,Resolved,1
CC-2023-0232,Dubai International Fin. Centre,JUD-10,2023-07-04,High,284650.35,2,False,False,Dismissed,2025-03-31,636,0.0,False,Resolved,1
CC-2023-1019,US District Court — N.D. Cal.,JUD-08,2023-07-04,Low,638008.11,1,False,False,Settled,2024-02-16,227,219047.67,False,Resolved,1
CC-2023-1153,High Court — KBD (TCC),JUD-05,2023-07-04,Low,280855.44,2,False,False,Dismissed,2024-01-14,194,0.0,False,Resolved,1
CC-2023-0412,London Commercial Court,JUD-02,2023-07-05,Medium,462239.66,3,True,True,Dismissed,2024-04-19,289,0.0,False,Resolved,1
CC-2023-0148,US District Court — N.D. Cal.,JUD-08,2023-07-05,Medium,575193.14,6,True,True,Dismissed,2024-07-05,366,0.0,False,Resolved,1
CC-2023-0260,High Court — KBD (TCC),JUD-05,2023-07-05,Low,222894.6,1,True,True,Dismissed,2024-05-14,314,0.0,False,Resolved,1
CC-2023-0257,High Court — Chancery Division,JUD-04,2023-07-05,Medium,414106.79,1,False,False,Settled,2025-04-17,652,133141.05,False,Resolved,1
CC-2023-0525,Singapore International Comm.,JUD-09,2023-07-05,Medium,272752.72,4,True,False,Dismissed,2024-09-25,448,0.0,False,Resolved,1
CC-2023-0194,London Commercial Court,JUD-01,2023-07-05,Medium,2262489.01,4,False,False,Dismissed,2025-08-13,770,0.0,False,Resolved,1
CC-2023-0724,London Commercial Court,JUD-01,2023-07-05,High,899582.46,3,True,False,Dismissed,2025-07-31,757,0.0,False,Resolved,1
CC-2023-0233,Dubai International Fin. Centre,JUD-10,2023-07-06,Low,3383595.22,4,True,False,Settled,2024-05-07,306,1480045.79,False,Resolved,1
CC-2023-0764,London Commercial Court,JUD-02,2023-07-06,Medium,2066101.36,3,True,False,Settled,2024-08-29,420,1301598.95,False,Resolved,1
CC-2023-1072,High Court — Chancery Division,JUD-03,2023-07-06,Low,1144488.3,0,True,False,Settled,2024-01-20,198,793549.1,False,Resolved,1
CC-2023-0128,London Commercial Court,JUD-02,2023-07-06,Low,410141.97,0,False,False,Settled,2024-03-29,267,93350.8,False,Resolved,1
CC-2023-0856,London Commercial Court,JUD-02,2023-07-06,Medium,326266.14,6,False,False,Settled,2024-11-07,490,96238.45,False,Resolved,1
CC-2023-1114,Dubai International Fin. Centre,JUD-10,2023-07-06,Low,122499.63,0,False,False,Dismissed,2023-11-14,131,0.0,False,Resolved,1
CC-2023-0080,High Court — KBD (TCC),JUD-05,2023-07-06,High,1965715.53,1,False,False,Settled,2026-06-01,1061,1524704.66,False,Resolved,1
CC-2023-0915,London Commercial Court,JUD-02,2023-07-08,High,1834294.36,5,False,False,,,1088,,,Ongoing,0
CC-2023-0740,High Court — KBD (TCC),JUD-05,2023-07-09,Low,2728373.87,0,False,False,Dismissed,2024-05-21,317,0.0,False,Resolved,1
CC-2023-0497,High Court — Chancery Division,JUD-04,2023-07-09,Low,678575.82,0,False,False,Settled,2025-01-14,555,100130.3,True,Resolved,1
CC-2023-0488,US District Court — N.D. Cal.,JUD-08,2023-07-09,High,163475.46,3,False,False,Settled,2025-07-15,737,93800.76,False,Resolved,1
CC-2023-1167,High Court — KBD (TCC),JUD-05,2023-07-09,High,218966.81,3,False,False,,,1087,,,Ongoing,0
CC-2023-0422,High Court — Chancery Division,JUD-03,2023-07-10,Medium,164492.23,1,True,False,Dismissed,2024-08-07,394,0.0,False,Resolved,1
CC-2023-0101,London Commercial Court,JUD-01,2023-07-10,Low,756000.37,1,True,False,Settled,2024-07-23,379,106673.78,False,Resolved,1
CC-2023-0288,High Court — KBD (TCC),JUD-05,2023-07-10,High,553487.92,0,False,False,Settled,2025-10-18,831,141221.04,False,Resolved,1
CC-2023-0904,US District Court — N.D. Cal.,JUD-08,2023-07-10,Medium,934561.76,1,False,False,Settled,2024-09-15,433,64692.53,False,Resolved,1
CC-2023-0002,US District Court — N.D. Cal.,JUD-08,2023-07-11,Medium,1654279.89,8,True,False,Settled,2025-02-07,577,190192.58,False,Resolved,1
CC-2023-0561,Dubai International Fin. Centre,JUD-10,2023-07-11,Medium,254402.46,3,True,False,Settled,2025-01-26,565,114401.68,True,Resolved,1
CC-2023-0059,London Commercial Court,JUD-02,2023-07-11,Medium,374638.45,3,True,False,Settled,2025-05-23,682,136441.69,False,Resolved,1
CC-2023-0348,London Commercial Court,JUD-02,2023-07-11,Low,1512422.41,0,True,False,Dismissed,2023-12-23,165,0.0,False,Resolved,1
CC-2023-0078,US District Court — S.D.N.Y.,JUD-07,2023-07-12,Medium,2764361.51,2,True,False,,,1084,,,Ongoing,0
CC-2023-0189,London Commercial Court,JUD-02,2023-07-12,High,589934.18,6,False,False,Settled,2025-07-14,733,239949.22,False,Resolved,1
CC-2023-0794,US District Court — S.D.N.Y.,JUD-06,2023-07-12,Low,828374.8,1,False,False,Trial Judgment,2024-04-27,290,399475.77,False,Resolved,1
CC-2023-0449,US District Court — S.D.N.Y.,JUD-07,2023-07-12,Low,138284.48,1,True,True,Dismissed,2023-12-15,156,0.0,False,Resolved,1
CC-2023-0626,Singapore International Comm.,JUD-09,2023-07-12,Low,2686601.48,2,True,False,Settled,2024-05-21,314,1094415.85,False,Resolved,1
CC-2023-0004,London Commercial Court,JUD-02,2023-07-12,Medium,1657433.87,6,True,False,Settled,2024-10-01,447,359610.4,False,Resolved,1
CC-2023-1065,High Court — Chancery Division,JUD-04,2023-07-12,Low,412788.2,0,False,False,Settled,2024-08-19,404,211483.16,False,Resolved,1
CC-2023-0320,US District Court — S.D.N.Y.,JUD-07,2023-07-12,Low,3341415.52,7,True,False,Settled,2024-11-10,487,1243957.51,False,Resolved,1
CC-2023-1194,US District Court — S.D.N.Y.,JUD-06,2023-07-12,Low,418667.23,1,False,False,Settled,2024-04-07,270,203919.91,False,Resolved,1
CC-2023-0602,High Court — Chancery Division,JUD-04,2023-07-13,Low,866768.61,1,True,False,Settled,2024-10-29,474,191944.71,False,Resolved,1
CC-2023-0355,High Court — KBD (TCC),JUD-05,2023-07-13,High,1329929.44,1,False,False,Settled,2026-05-06,1028,432581.46,False,Resolved,1
CC-2023-0287,London Commercial Court,JUD-02,2023-07-13,Low,1891290.41,2,False,False,Settled,2024-03-25,256,229220.78,False,Resolved,1
CC-2023-0771,High Court — Chancery Division,JUD-04,2023-07-14,Medium,134769.51,1,False,False,Dismissed,2024-10-07,451,0.0,False,Resolved,1
CC-2023-0613,US District Court — S.D.N.Y.,JUD-07,2023-07-14,High,1835873.51,3,False,False,Dismissed,2024-12-25,530,0.0,False,Resolved,1
CC-2023-0054,US District Court — N.D. Cal.,JUD-08,2023-07-14,Medium,550459.95,1,True,True,Dismissed,2024-03-01,231,0.0,False,Resolved,1
CC-2023-0205,London Commercial Court,JUD-02,2023-07-14,Medium,2734539.53,3,True,False,Settled,2024-08-26,409,1353482.76,False,Resolved,1
CC-2023-0037,London Commercial Court,JUD-02,2023-07-15,Medium,8570354.08,6,True,False,Settled,2025-09-12,790,4990884.67,False,Resolved,1
CC-2023-1099,Dubai International Fin. Centre,JUD-10,2023-07-15,High,1185070.84,3,False,False,Settled,2026-06-13,1064,343463.51,False,Resolved,1
CC-2023-0858,High Court — Chancery Division,JUD-04,2023-07-15,Low,113592.43,1,True,True,Dismissed,2024-03-05,234,0.0,False,Resolved,1
CC-2023-0332,London Commercial Court,JUD-01,2023-07-16,High,735716.86,1,False,False,Settled,2024-06-02,322,310202.46,False,Resolved,1
CC-2023-0538,Dubai International Fin. Centre,JUD-10,2023-07-16,High,237743.2,5,False,False,Settled,2025-04-18,642,100221.89,False,Resolved,1
CC-2023-0225,High Court — KBD (TCC),JUD-05,2023-07-16,Low,948869.0,0,True,True,Dismissed,2024-03-31,259,0.0,False,Resolved,1
CC-2023-0851,High Court — KBD (TCC),JUD-05,2023-07-17,Low,1599354.32,1,False,False,Settled,2024-04-06,264,303395.21,False,Resolved,1
CC-2023-0806,High Court — Chancery Division,JUD-04,2023-07-17,Medium,239821.06,3,True,False,Settled,2025-02-22,586,54807.69,True,Resolved,1
CC-2023-0825,US District Court — S.D.N.Y.,JUD-07,2023-07-17,Medium,3889049.85,2,True,False,Settled,2024-08-09,389,2441803.11,False,Resolved,1
CC-2023-0943,High Court — Chancery Division,JUD-03,2023-07-18,Medium,559221.47,1,True,False,Settled,2025-09-24,799,90307.45,True,Resolved,1
CC-2023-0367,US District Court — S.D.N.Y.,JUD-07,2023-07-18,Low,614126.8,2,True,False,Settled,2024-07-13,361,61178.85,False,Resolved,1
CC-2023-1091,High Court — KBD (TCC),JUD-05,2023-07-18,High,1083069.35,5,True,False,Settled,2026-03-24,980,581086.09,False,Resolved,1
CC-2023-0743,Singapore International Comm.,JUD-09,2023-07-18,High,55365.03,2,False,False,Dismissed,2024-05-06,293,0.0,False,Resolved,1
CC-2023-1024,High Court — Chancery Division,JUD-03,2023-07-19,Low,534065.82,1,False,False,Settled,2024-06-28,345,501369.31,False,Resolved,1
CC-2023-0309,Dubai International Fin. Centre,JUD-10,2023-07-20,Low,7488779.57,1,False,False,Settled,2024-05-01,286,2468832.83,False,Resolved,1
CC-2023-0676,Dubai International Fin. Centre,JUD-10,2023-07-20,Low,1030312.66,2,True,False,Settled,2024-12-13,512,373028.41,False,Resolved,1
CC-2023-1154,US District Court — S.D.N.Y.,JUD-06,2023-07-20,Medium,1307537.35,2,False,False,Dismissed,2024-10-18,456,0.0,False,Resolved,1
CC-2023-0393,US District Court — S.D.N.Y.,JUD-06,2023-07-21,Medium,716978.9,2,True,False,Settled,2024-09-01,408,64712.45,False,Resolved,1
CC-2023-0093,Singapore International Comm.,JUD-09,2023-07-21,Low,1463963.25,1,True,True,Dismissed,2024-02-28,222,0.0,False,Resolved,1
CC-2023-0755,High Court — Chancery Division,JUD-04,2023-07-22,Medium,202559.08,3,True,False,Settled,2026-06-11,1055,100020.77,False,Resolved,1
CC-2023-1184,London Commercial Court,JUD-02,2023-07-22,Low,272197.0,3,False,False,Settled,2024-01-09,171,55561.25,False,Resolved,1
CC-2023-0333,London Commercial Court,JUD-01,2023-07-22,Medium,2172027.23,0,False,False,Settled,2025-07-24,733,740703.99,False,Resolved,1
CC-2023-0436,High Court — Chancery Division,JUD-04,2023-07-22,Low,225332.9,0,True,False,Settled,2024-06-29,343,73107.24,False,Resolved,1
CC-2023-0291,High Court — Chancery Division,JUD-04,2023-07-22,Medium,1059337.57,1,True,True,Dismissed,2025-05-16,664,0.0,False,Resolved,1
CC-2023-0375,Singapore International Comm.,JUD-09,2023-07-23,High,435519.32,6,False,False,,,1073,,,Ongoing,0
CC-2023-0720,US District Court — N.D. Cal.,JUD-08,2023-07-23,Medium,435616.2,4,False,False,Settled,2024-09-05,410,304097.76,False,Resolved,1
CC-2023-1216,London Commercial Court,JUD-01,2023-07-24,Low,597197.36,3,True,True,Dismissed,2023-10-28,96,0.0,False,Resolved,1
CC-2023-0849,US District Court — S.D.N.Y.,JUD-07,2023-07-24,Medium,540585.75,5,True,False,Dismissed,2024-11-06,471,0.0,False,Resolved,1
CC-2023-0792,High Court — KBD (TCC),JUD-05,2023-07-24,Low,1651220.83,0,False,False,Settled,2024-11-04,469,23723.21,False,Resolved,1
CC-2023-0738,High Court — Chancery Division,JUD-04,2023-07-24,Low,1283882.1,0,False,False,Settled,2024-06-26,338,835932.53,False,Resolved,1
CC-2023-0116,High Court — Chancery Division,JUD-04,2023-07-24,Low,285764.9,1,False,False,Settled,2024-09-26,430,103689.39,False,Resolved,1
CC-2023-0350,US District Court — S.D.N.Y.,JUD-06,2023-07-24,High,328768.71,3,False,False,,,1072,,,Ongoing,0
CC-2023-0259,Singapore International Comm.,JUD-09,2023-07-25,Low,3708669.4,0,True,True,Trial Judgment,2024-05-01,281,0.0,False,Resolved,1
CC-2023-0523,London Commercial Court,JUD-01,2023-07-25,Low,195250.07,0,False,False,Settled,2024-07-04,345,64784.97,False,Resolved,1
CC-2023-0308,US District Court — N.D. Cal.,JUD-08,2023-07-25,Medium,191787.99,0,False,False,Dismissed,2024-02-27,217,0.0,False,Resolved,1
CC-2023-1187,High Court — Chancery Division,JUD-03,2023-07-25,Low,352045.92,3,True,False,Settled,2024-11-12,476,117493.68,False,Resolved,1
CC-2023-0498,High Court — KBD (TCC),JUD-05,2023-07-25,High,252759.24,4,False,False,Settled,2025-04-01,616,124662.76,False,Resolved,1
CC-2023-0948,High Court — KBD (TCC),JUD-05,2023-07-25,Low,582250.32,0,False,False,Dismissed,2024-05-29,309,0.0,False,Resolved,1
CC-2023-0937,High Court — KBD (TCC),JUD-05,2023-07-26,High,3249065.71,5,False,False,,,1070,,,Ongoing,0
CC-2023-0323,US District Court — S.D.N.Y.,JUD-06,2023-07-26,High,202220.12,5,False,False,Settled,2025-11-29,857,49956.41,True,Resolved,1
CC-2023-0269,Singapore International Comm.,JUD-09,2023-07-26,Low,799697.75,2,False,False,Settled,2024-01-23,181,353241.58,False,Resolved,1
CC-2023-0641,High Court — KBD (TCC),JUD-05,2023-07-26,Medium,993968.44,0,False,False,Settled,2024-11-13,476,491948.75,False,Resolved,1
CC-2023-0930,High Court — KBD (TCC),JUD-05,2023-07-26,Low,161250.92,0,False,False,Dismissed,2024-04-22,271,0.0,False,Resolved,1
CC-2023-0977,London Commercial Court,JUD-01,2023-07-27,Low,1412858.61,2,True,False,Settled,2025-01-16,539,515914.62,False,Resolved,1
CC-2023-0305,High Court — Chancery Division,JUD-03,2023-07-27,Low,74828.5,0,False,False,Dismissed,2024-10-10,441,0.0,False,Resolved,1
CC-2023-1133,High Court — Chancery Division,JUD-04,2023-07-27,Medium,146689.04,1,True,True,Dismissed,2024-11-16,478,0.0,False,Resolved,1
CC-2023-0846,US District Court — N.D. Cal.,JUD-08,2023-07-27,High,448347.63,4,True,True,Settled,2025-09-17,783,115534.45,True,Resolved,1
CC-2023-0556,Singapore International Comm.,JUD-09,2023-07-28,High,422387.6,4,False,False,Settled,2024-11-12,473,152417.43,False,Resolved,1
CC-2023-0616,London Commercial Court,JUD-01,2023-07-28,Low,654161.88,1,True,True,Dismissed,2024-06-05,313,0.0,False,Resolved,1
CC-2023-0220,Singapore International Comm.,JUD-09,2023-07-28,Low,343998.45,0,True,False,Trial Judgment,2024-06-22,330,147474.44,False,Resolved,1
CC-2023-0299,US District Court — S.D.N.Y.,JUD-06,2023-07-28,Medium,398965.02,3,False,False,Settled,2024-07-24,362,162601.31,False,Resolved,1
CC-2023-1027,High Court — Chancery Division,JUD-04,2023-07-28,Medium,3730858.51,0,True,False,Settled,2024-12-07,498,780123.22,False,Resolved,1
CC-2023-0064,London Commercial Court,JUD-02,2023-07-29,Low,544545.28,2,False,False,Settled,2024-01-09,164,315532.17,True,Resolved,1
CC-2023-1097,London Commercial Court,JUD-02,2023-07-29,Medium,468273.09,2,True,False,Dismissed,2024-03-01,216,0.0,False,Resolved,1
CC-2023-1081,Dubai International Fin. Centre,JUD-10,2023-07-29,Low,751697.43,0,False,False,Settled,2024-10-06,435,296978.06,False,Resolved,1
CC-2023-0980,Dubai International Fin. Centre,JUD-10,2023-07-30,Low,1847301.68,1,False,False,Settled,2024-07-09,345,415447.02,False,Resolved,1
CC-2023-0392,Singapore International Comm.,JUD-09,2023-07-30,Medium,115315.82,3,False,False,Settled,2024-04-22,267,8970.31,False,Resolved,1
CC-2023-0012,London Commercial Court,JUD-01,2023-07-30,Low,501187.28,2,True,False,Settled,2024-10-27,455,164736.46,False,Resolved,1
CC-2023-1105,US District Court — S.D.N.Y.,JUD-07,2023-07-30,Low,682607.57,0,True,False,Settled,2024-03-03,217,597465.43,False,Resolved,1
CC-2023-0733,High Court — KBD (TCC),JUD-05,2023-07-31,Low,358284.28,1,False,False,Dismissed,2024-07-14,349,0.0,False,Resolved,1
CC-2023-1117,High Court — KBD (TCC),JUD-05,2023-08-01,High,850168.1,5,True,False,Settled,2026-02-20,934,271875.9,False,Resolved,1
CC-2023-0090,US District Court — S.D.N.Y.,JUD-07,2023-08-01,Low,1409068.0,1,False,False,Settled,2024-11-21,478,907473.97,False,Resolved,1
CC-2023-0731,London Commercial Court,JUD-01,2023-08-01,Medium,410927.9,2,True,True,Dismissed,2024-03-14,226,0.0,False,Resolved,1
CC-2023-1169,London Commercial Court,JUD-01,2023-08-01,Low,1137070.45,2,False,False,Settled,2024-09-08,404,480002.62,False,Resolved,1
CC-2023-0721,US District Court — S.D.N.Y.,JUD-06,2023-08-01,High,190713.8,2,False,False,,,1064,,,Ongoing,0
CC-2023-1042,London Commercial Court,JUD-01,2023-08-01,Medium,490432.89,2,True,False,Trial Judgment,2026-02-06,920,0.0,False,Resolved,1
CC-2023-0583,High Court — Chancery Division,JUD-04,2023-08-01,Medium,1319862.93,1,False,False,Settled,2025-03-22,599,210410.07,False,Resolved,1
CC-2023-0171,High Court — KBD (TCC),JUD-05,2023-08-03,Medium,789253.44,4,False,False,Settled,2025-05-09,645,195682.26,False,Resolved,1
CC-2023-0677,US District Court — N.D. Cal.,JUD-08,2023-08-03,Low,1186948.64,0,True,False,Settled,2024-12-11,496,403800.4,False,Resolved,1
CC-2023-0460,US District Court — S.D.N.Y.,JUD-07,2023-08-03,Low,1282874.23,1,True,False,Settled,2024-02-10,191,496960.62,False,Resolved,1
CC-2023-0425,US District Court — S.D.N.Y.,JUD-06,2023-08-04,Medium,201990.91,3,True,False,Settled,2024-07-20,351,83146.77,False,Resolved,1
CC-2023-0941,US District Court — N.D. Cal.,JUD-08,2023-08-04,Low,1333914.36,0,True,False,Dismissed,2024-05-05,275,0.0,False,Resolved,1
CC-2023-0398,High Court — Chancery Division,JUD-03,2023-08-04,Low,1311738.68,0,False,False,Settled,2024-02-18,198,743383.52,False,Resolved,1
CC-2023-0817,Dubai International Fin. Centre,JUD-10,2023-08-04,Medium,577215.02,1,True,False,Dismissed,2024-09-11,404,0.0,False,Resolved,1
CC-2023-0990,London Commercial Court,JUD-01,2023-08-04,Medium,1377912.12,2,False,False,Settled,2024-11-30,484,293985.43,False,Resolved,1
CC-2023-0958,High Court — Chancery Division,JUD-04,2023-08-05,Low,996898.85,4,True,True,Dismissed,2024-08-11,372,0.0,False,Resolved,1
CC-2023-1202,High Court — KBD (TCC),JUD-05,2023-08-05,Medium,1039689.52,3,False,False,Settled,2026-01-21,900,258962.62,False,Resolved,1
CC-2023-0756,US District Court — N.D. Cal.,JUD-08,2023-08-05,Medium,988005.83,1,False,False,Settled,2025-02-16,561,529809.7,False,Resolved,1
CC-2023-0198,Singapore International Comm.,JUD-09,2023-08-05,High,615422.09,7,True,False,,,1060,,,Ongoing,0
CC-2023-0610,High Court — Chancery Division,JUD-04,2023-08-05,Low,220505.38,0,True,True,Dismissed,2024-02-28,207,0.0,False,Resolved,1
CC-2023-0702,High Court — Chancery Division,JUD-03,2023-08-05,Low,576340.66,0,True,True,Dismissed,2024-04-26,265,0.0,False,Resolved,1
CC-2023-0633,High Court — KBD (TCC),JUD-05,2023-08-06,Medium,557736.89,2,False,False,Settled,2025-06-06,670,217346.02,False,Resolved,1
CC-2023-0242,US District Court — S.D.N.Y.,JUD-07,2023-08-06,Medium,416898.68,3,True,False,Settled,2024-07-17,346,149661.91,False,Resolved,1
CC-2023-1195,London Commercial Court,JUD-01,2023-08-07,High,967299.27,6,True,False,,,1058,,,Ongoing,0
CC-2023-0750,Dubai International Fin. Centre,JUD-10,2023-08-07,Medium,858943.44,3,False,False,Settled,2025-09-01,756,165144.48,True,Resolved,1
CC-2023-0083,High Court — Chancery Division,JUD-03,2023-08-07,High,1992813.5,3,False,False,,,1058,,,Ongoing,0
CC-2023-0266,High Court — KBD (TCC),JUD-05,2023-08-07,Medium,285910.02,3,True,False,Dismissed,2024-05-11,278,0.0,False,Resolved,1
CC-2023-1069,High Court — KBD (TCC),JUD-05,2023-08-07,High,134810.04,2,False,False,Settled,2024-12-17,498,44956.58,False,Resolved,1
CC-2023-1124,London Commercial Court,JUD-02,2023-08-08,High,250135.47,4,False,False,Dismissed,2024-12-24,504,0.0,False,Resolved,1
CC-2023-1110,US District Court — S.D.N.Y.,JUD-07,2023-08-08,Medium,299011.76,2,False,False,Trial Judgment,2025-06-05,667,57051.39,False,Resolved,1
CC-2023-0034,High Court — Chancery Division,JUD-03,2023-08-08,Medium,1106516.78,1,True,False,Settled,2025-02-22,564,460618.45,True,Resolved,1
CC-2023-1046,Dubai International Fin. Centre,JUD-10,2023-08-08,Medium,857928.57,3,True,False,Dismissed,2024-07-12,339,0.0,False,Resolved,1
CC-2023-0007,US District Court — S.D.N.Y.,JUD-07,2023-08-08,Medium,534434.01,4,False,False,Settled,2024-06-17,314,197704.12,False,Resolved,1
CC-2023-0767,London Commercial Court,JUD-02,2023-08-08,Medium,203930.44,5,True,False,Dismissed,2024-06-24,321,0.0,False,Resolved,1
CC-2023-0563,High Court — KBD (TCC),JUD-05,2023-08-09,High,1503158.63,5,False,False,,,1056,,,Ongoing,0
CC-2023-1015,London Commercial Court,JUD-01,2023-08-09,Low,1639813.51,1,True,False,Settled,2024-06-10,306,320664.44,False,Resolved,1
CC-2023-0547,High Court — Chancery Division,JUD-04,2023-08-09,Medium,2933017.01,2,True,False,Settled,2025-06-07,668,1314645.12,False,Resolved,1
CC-2023-0509,Dubai International Fin. Centre,JUD-10,2023-08-09,Medium,238141.05,3,True,True,Dismissed,2024-01-02,146,0.0,False,Resolved,1
CC-2023-0982,US District Court — S.D.N.Y.,JUD-06,2023-08-10,High,465678.59,2,False,False,,,1055,,,Ongoing,0
CC-2023-0480,London Commercial Court,JUD-01,2023-08-10,Low,326075.2,1,False,False,Settled,2024-11-15,463,158787.31,False,Resolved,1
CC-2023-0774,London Commercial Court,JUD-02,2023-08-10,High,1118040.38,6,False,False,,,1055,,,Ongoing,0
CC-2023-0133,London Commercial Court,JUD-01,2023-08-11,Medium,737002.44,2,True,False,,,1054,,,Ongoing,0
CC-2023-0045,High Court — KBD (TCC),JUD-05,2023-08-11,Low,1591070.92,1,True,False,Settled,2024-10-17,433,478242.8,False,Resolved,1
CC-2023-0188,US District Court — N.D. Cal.,JUD-08,2023-08-11,Low,1813159.93,2,False,False,Settled,2024-05-21,284,710096.86,False,Resolved,1
CC-2023-0541,High Court — Chancery Division,JUD-04,2023-08-11,Medium,1348199.08,2,True,False,Settled,2024-04-25,258,363318.25,False,Resolved,1
CC-2023-0607,London Commercial Court,JUD-01,2023-08-12,High,1798925.12,6,True,False,,,1053,,,Ongoing,0
CC-2023-0674,London Commercial Court,JUD-02,2023-08-13,Low,316817.76,0,False,False,Dismissed,2024-02-02,173,0.0,False,Resolved,1
CC-2023-0193,London Commercial Court,JUD-01,2023-08-13,Low,2105665.83,2,True,False,Settled,2024-09-07,391,488857.13,False,Resolved,1
CC-2023-0522,High Court — Chancery Division,JUD-03,2023-08-13,Medium,824918.54,3,False,False,Settled,2024-08-08,361,153379.89,False,Resolved,1
CC-2023-0912,London Commercial Court,JUD-02,2023-08-13,Medium,2206240.78,3,True,False,Settled,2025-06-03,660,394573.89,False,Resolved,1
CC-2023-0916,US District Court — S.D.N.Y.,JUD-07,2023-08-13,High,376058.11,1,False,False,Trial Judgment,2026-05-13,1004,206717.01,False,Resolved,1
CC-2023-0087,High Court — Chancery Division,JUD-03,2023-08-13,Medium,876210.61,5,False,False,Settled,2024-12-03,478,129327.16,False,Resolved,1
CC-2023-0552,High Court — KBD (TCC),JUD-05,2023-08-14,Low,1502762.33,0,False,False,Dismissed,2024-03-29,228,0.0,False,Resolved,1
CC-2023-0761,US District Court — N.D. Cal.,JUD-08,2023-08-14,Medium,1863562.11,5,True,True,Dismissed,2024-04-03,233,0.0,False,Resolved,1
CC-2023-0959,High Court — Chancery Division,JUD-03,2023-08-14,Medium,1619933.73,3,True,True,Dismissed,2024-09-08,391,0.0,False,Resolved,1
CC-2023-0812,US District Court — S.D.N.Y.,JUD-06,2023-08-14,Low,134551.92,1,True,True,Dismissed,2023-12-31,139,0.0,False,Resolved,1
CC-2023-0105,London Commercial Court,JUD-02,2023-08-14,Medium,459251.26,1,False,False,Settled,2024-08-16,368,47149.03,False,Resolved,1
CC-2023-0258,High Court — Chancery Division,JUD-03,2023-08-15,Medium,1240778.58,4,False,False,Settled,2024-11-17,460,289436.85,False,Resolved,1
CC-2023-0213,Dubai International Fin. Centre,JUD-10,2023-08-15,Low,239868.49,0,False,False,Settled,2023-12-14,121,209372.53,False,Resolved,1
CC-2023-0026,Singapore International Comm.,JUD-09,2023-08-15,Medium,1568165.62,6,True,False,Settled,2025-11-13,821,520878.25,False,Resolved,1
CC-2023-0081,US District Court — S.D.N.Y.,JUD-06,2023-08-15,Low,674388.17,0,False,False,Settled,2024-01-08,146,345515.75,False,Resolved,1
CC-2023-0313,High Court — Chancery Division,JUD-03,2023-08-16,Low,466860.03,1,False,False,Settled,2024-08-09,359,21509.54,False,Resolved,1
CC-2023-0627,London Commercial Court,JUD-01,2023-08-16,Low,194049.3,0,False,False,Settled,2024-03-13,210,6425.52,False,Resolved,1
CC-2023-0369,High Court — Chancery Division,JUD-04,2023-08-16,Medium,253967.87,2,False,False,Dismissed,2024-05-15,273,0.0,False,Resolved,1
CC-2023-1137,Dubai International Fin. Centre,JUD-10,2023-08-16,High,1301882.66,7,False,False,,,1049,,,Ongoing,0
CC-2023-0725,US District Court — S.D.N.Y.,JUD-07,2023-08-17,Medium,756187.05,3,False,False,Settled,2024-09-21,401,255243.39,False,Resolved,1
CC-2023-0621,US District Court — S.D.N.Y.,JUD-06,2023-08-17,Medium,295866.26,3,False,False,Settled,2024-06-04,292,75821.57,False,Resolved,1
CC-2023-0500,High Court — Chancery Division,JUD-03,2023-08-17,High,971883.57,5,False,False,Settled,2024-12-19,490,400045.11,False,Resolved,1
CC-2023-1060,US District Court — N.D. Cal.,JUD-08,2023-08-17,Low,292535.28,0,False,False,Settled,2024-10-31,441,27624.61,True,Resolved,1
CC-2023-0781,Dubai International Fin. Centre,JUD-10,2023-08-18,Low,605277.47,2,False,False,Settled,2024-05-21,277,307441.02,False,Resolved,1
CC-2023-0345,London Commercial Court,JUD-01,2023-08-18,High,447770.54,3,True,False,Settled,2025-10-16,790,206928.33,False,Resolved,1
CC-2023-0862,London Commercial Court,JUD-01,2023-08-18,Medium,275705.45,4,False,False,Settled,2026-01-26,892,98585.91,False,Resolved,1
CC-2023-0914,London Commercial Court,JUD-02,2023-08-19,Low,307353.74,0,False,False,Settled,2023-11-25,98,51060.18,False,Resolved,1
CC-2023-0612,Singapore International Comm.,JUD-09,2023-08-19,Medium,113682.69,0,True,False,Dismissed,2024-05-28,283,0.0,False,Resolved,1
CC-2023-0819,London Commercial Court,JUD-02,2023-08-20,Medium,695043.07,2,False,False,Settled,2025-02-04,534,312803.98,False,Resolved,1
CC-2023-0222,US District Court — N.D. Cal.,JUD-08,2023-08-20,Low,3665399.66,3,True,False,Settled,2024-09-13,390,1377882.8,False,Resolved,1
CC-2023-0114,High Court — Chancery Division,JUD-03,2023-08-20,Medium,516260.67,5,True,False,Settled,2025-01-27,526,122766.0,False,Resolved,1
CC-2023-0691,London Commercial Court,JUD-02,2023-08-21,Medium,1547753.38,3,False,False,Dismissed,2025-02-19,548,0.0,False,Resolved,1
CC-2023-0841,High Court — Chancery Division,JUD-03,2023-08-21,Medium,342503.34,0,False,False,Dismissed,2024-09-28,404,0.0,False,Resolved,1
CC-2023-0245,US District Court — S.D.N.Y.,JUD-07,2023-08-21,High,4826696.6,6,True,False,,,1044,,,Ongoing,0
CC-2023-0099,US District Court — S.D.N.Y.,JUD-06,2023-08-21,Low,220384.55,1,False,False,Dismissed,2024-02-07,170,0.0,False,Resolved,1
CC-2023-0334,London Commercial Court,JUD-01,2023-08-21,Medium,1540002.61,5,True,False,Settled,2025-07-02,681,559306.29,False,Resolved,1
CC-2023-0178,London Commercial Court,JUD-02,2023-08-21,Low,467540.91,1,True,True,Dismissed,2024-04-12,235,0.0,False,Resolved,1
CC-2023-0527,London Commercial Court,JUD-02,2023-08-22,Medium,200894.83,3,False,False,Settled,2025-05-18,635,65141.72,False,Resolved,1
CC-2023-0356,London Commercial Court,JUD-02,2023-08-22,High,773391.61,4,False,False,Settled,2025-08-04,713,224451.33,False,Resolved,1
CC-2023-0164,High Court — KBD (TCC),JUD-05,2023-08-22,Medium,200493.24,1,False,False,Settled,2024-07-06,319,70097.93,False,Resolved,1
CC-2023-1028,London Commercial Court,JUD-02,2023-08-24,Medium,2558562.32,3,True,False,Dismissed,2025-08-22,729,0.0,False,Resolved,1
CC-2023-0408,High Court — Chancery Division,JUD-04,2023-08-24,Low,640331.02,3,True,False,Settled,2025-01-05,500,366732.85,True,Resolved,1
CC-2023-0406,Singapore International Comm.,JUD-09,2023-08-24,Low,143609.03,0,False,False,Settled,2024-04-22,242,44937.82,False,Resolved,1
CC-2023-0230,High Court — KBD (TCC),JUD-05,2023-08-25,Medium,1474948.21,3,False,False,Settled,2025-01-11,505,141385.63,False,Resolved,1
CC-2023-0795,London Commercial Court,JUD-02,2023-08-25,High,4529716.93,13,True,False,,,1040,,,Ongoing,0
CC-2023-0742,London Commercial Court,JUD-02,2023-08-25,Medium,900344.79,2,False,False,Settled,2024-11-16,449,107884.39,False,Resolved,1
CC-2023-0666,US District Court — S.D.N.Y.,JUD-07,2023-08-25,High,1109183.64,1,False,False,,,1040,,,Ongoing,0
CC-2023-1190,US District Court — S.D.N.Y.,JUD-07,2023-08-25,Medium,1333154.3,3,True,True,Dismissed,2024-04-10,229,0.0,False,Resolved,1
CC-2023-0363,High Court — KBD (TCC),JUD-05,2023-08-25,Low,1814267.56,1,False,False,Settled,2024-12-23,486,308772.79,False,Resolved,1
CC-2023-1148,Singapore International Comm.,JUD-09,2023-08-26,Low,450236.26,0,False,False,Settled,2023-12-31,127,130599.08,False,Resolved,1
CC-2023-0111,US District Court — S.D.N.Y.,JUD-07,2023-08-26,High,363029.24,1,False,False,Settled,2025-11-03,800,158897.97,False,Resolved,1
CC-2023-0592,London Commercial Court,JUD-01,2023-08-26,Medium,170916.56,3,True,True,Dismissed,2024-03-05,192,0.0,False,Resolved,1
CC-2023-1070,US District Court — N.D. Cal.,JUD-08,2023-08-26,High,789909.83,6,False,False,Settled,2026-04-17,965,222041.99,False,Resolved,1
CC-2023-0618,High Court — KBD (TCC),JUD-05,2023-08-26,Low,203234.31,0,False,False,Dismissed,2024-07-09,318,0.0,False,Resolved,1
CC-2023-0558,London Commercial Court,JUD-02,2023-08-27,Medium,1062054.39,3,True,False,Dismissed,2025-04-08,590,0.0,False,Resolved,1
CC-2023-0843,US District Court — S.D.N.Y.,JUD-07,2023-08-27,Low,466914.19,0,False,False,Trial Judgment,2024-06-07,285,68597.06,False,Resolved,1
CC-2023-0135,US District Court — S.D.N.Y.,JUD-07,2023-08-27,Medium,1207629.23,4,False,False,,,1038,,,Ongoing,0
CC-2023-0264,Dubai International Fin. Centre,JUD-10,2023-08-28,High,639975.89,4,True,False,Settled,2025-06-04,646,222085.75,False,Resolved,1
CC-2023-0549,High Court — Chancery Division,JUD-03,2023-08-28,Low,1623242.61,1,True,True,Dismissed,2024-07-28,335,0.0,False,Resolved,1
CC-2023-0962,London Commercial Court,JUD-01,2023-08-28,Medium,623303.99,1,True,False,Dismissed,2024-06-16,293,0.0,False,Resolved,1
CC-2023-0468,Dubai International Fin. Centre,JUD-10,2023-08-28,Low,93506.53,0,True,False,Settled,2024-03-14,199,34857.54,False,Resolved,1
CC-2023-0423,US District Court — S.D.N.Y.,JUD-07,2023-08-29,High,7545315.2,3,True,False,Settled,2025-12-24,848,3051632.95,False,Resolved,1
CC-2023-0801,Dubai International Fin. Centre,JUD-10,2023-08-30,High,424754.66,4,False,False,Settled,2025-06-01,641,81627.44,False,Resolved,1
CC-2023-0821,Dubai International Fin. Centre,JUD-10,2023-08-30,Medium,373585.72,3,False,False,Settled,2024-11-02,430,26284.56,False,Resolved,1
CC-2023-0499,Dubai International Fin. Centre,JUD-10,2023-08-30,Low,814802.15,2,False,False,Settled,2024-04-13,227,648030.54,False,Resolved,1
CC-2023-1207,US District Court — N.D. Cal.,JUD-08,2023-08-30,Low,699170.96,1,False,False,Dismissed,2024-01-21,144,0.0,False,Resolved,1
CC-2023-0961,High Court — KBD (TCC),JUD-05,2023-08-30,Medium,1468178.14,4,True,False,Settled,2025-01-13,502,405398.84,False,Resolved,1
CC-2023-0575,Singapore International Comm.,JUD-09,2023-08-30,High,167341.24,5,False,False,,,1035,,,Ongoing,0
CC-2023-0278,High Court — KBD (TCC),JUD-05,2023-08-31,Medium,700898.19,2,True,False,Settled,2024-12-06,463,289828.49,False,Resolved,1
CC-2023-1176,London Commercial Court,JUD-01,2023-08-31,Low,798580.27,0,True,True,Dismissed,2024-02-10,163,0.0,False,Resolved,1
CC-2023-0894,US District Court — S.D.N.Y.,JUD-06,2023-08-31,Medium,253919.21,2,True,False,Settled,2024-07-06,310,129778.97,False,Resolved,1
CC-2023-0025,High Court — KBD (TCC),JUD-05,2023-08-31,High,1913606.95,4,False,False,,,1034,,,Ongoing,0
CC-2023-1001,Singapore International Comm.,JUD-09,2023-08-31,Medium,734876.02,0,False,False,Settled,2024-09-15,381,236543.64,False,Resolved,1
CC-2023-0057,London Commercial Court,JUD-01,2023-09-01,Medium,745664.14,5,True,True,Settled,2024-11-27,453,130792.11,False,Resolved,1
CC-2023-0586,Dubai International Fin. Centre,JUD-10,2023-09-01,Low,383625.42,1,False,False,Settled,2024-07-01,304,229594.78,False,Resolved,1
CC-2023-0520,Singapore International Comm.,JUD-09,2023-09-01,Medium,325214.91,1,False,False,Dismissed,2024-11-28,454,0.0,False,Resolved,1
CC-2023-0312,US District Court — S.D.N.Y.,JUD-07,2023-09-01,Low,1654616.49,2,False,False,Settled,2024-02-19,171,156519.33,False,Resolved,1
CC-2023-1141,High Court — Chancery Division,JUD-04,2023-09-02,Low,281003.75,1,True,False,Settled,2024-05-08,249,165461.46,False,Resolved,1
CC-2023-0138,London Commercial Court,JUD-02,2023-09-02,Medium,1045232.14,2,True,False,Settled,2025-02-23,540,128184.68,False,Resolved,1
CC-2023-0124,London Commercial Court,JUD-02,2023-09-02,Low,359843.34,0,False,False,Settled,2024-01-23,143,150847.95,False,Resolved,1
CC-2023-0330,High Court — Chancery Division,JUD-03,2023-09-02,High,91057.89,3,True,False,Dismissed,2024-09-30,394,0.0,False,Resolved,1
CC-2023-0091,High Court — Chancery Division,JUD-04,2023-09-02,High,752739.37,1,False,False,Settled,2026-02-07,889,254576.93,True,Resolved,1
CC-2023-0389,US District Court — S.D.N.Y.,JUD-06,2023-09-03,Medium,291059.22,1,True,False,Settled,2024-12-22,476,79034.72,False,Resolved,1
CC-2023-0386,Singapore International Comm.,JUD-09,2023-09-03,Medium,555247.87,3,False,False,Settled,2024-06-28,299,185297.26,False,Resolved,1
CC-2023-0462,US District Court — S.D.N.Y.,JUD-06,2023-09-03,Low,1198568.57,1,False,False,Settled,2024-08-14,346,743442.29,False,Resolved,1
CC-2023-0387,US District Court — S.D.N.Y.,JUD-07,2023-09-03,Medium,514195.58,2,False,False,Dismissed,2024-06-08,279,0.0,False,Resolved,1
CC-2023-0898,US District Court — N.D. Cal.,JUD-08,2023-09-04,Low,1161168.65,1,False,False,Settled,2024-06-03,273,858889.9,False,Resolved,1
CC-2023-0479,Singapore International Comm.,JUD-09,2023-09-04,Medium,1881809.34,2,True,False,Settled,2025-01-13,497,331230.0,False,Resolved,1
CC-2023-0911,High Court — Chancery Division,JUD-04,2023-09-05,Low,648122.41,2,False,False,Settled,2024-12-18,470,78309.65,False,Resolved,1
CC-2023-0550,High Court — Chancery Division,JUD-03,2023-09-05,Medium,139375.59,1,False,False,Dismissed,2024-11-02,424,0.0,False,Resolved,1
CC-2023-0797,US District Court — S.D.N.Y.,JUD-06,2023-09-05,Medium,1052553.44,1,True,True,Settled,2024-04-23,231,395776.69,False,Resolved,1
CC-2023-0433,London Commercial Court,JUD-02,2023-09-06,Medium,518617.35,0,False,False,Dismissed,2024-06-25,293,0.0,False,Resolved,1
CC-2023-1180,London Commercial Court,JUD-01,2023-09-06,Medium,607131.71,1,False,False,Settled,2024-12-03,454,298089.98,False,Resolved,1
CC-2023-0601,London Commercial Court,JUD-02,2023-09-06,High,2761481.17,9,False,False,Settled,2026-05-01,968,550437.61,False,Resolved,1
CC-2023-0845,US District Court — N.D. Cal.,JUD-08,2023-09-07,Medium,2591847.95,3,True,False,Settled,2025-08-01,694,698555.51,False,Resolved,1
CC-2023-1107,London Commercial Court,JUD-02,2023-09-07,High,364199.73,0,False,False,Dismissed,2024-08-31,359,0.0,False,Resolved,1
CC-2023-0536,High Court — KBD (TCC),JUD-05,2023-09-07,Low,463156.5,1,False,False,Settled,2025-02-14,526,144420.43,False,Resolved,1
CC-2023-0331,Singapore International Comm.,JUD-09,2023-09-08,Low,226074.47,1,False,False,Trial Judgment,2024-06-11,277,144886.94,False,Resolved,1
CC-2023-1096,Singapore International Comm.,JUD-09,2023-09-08,Medium,220430.95,5,True,False,Settled,2025-06-01,632,50151.5,True,Resolved,1
CC-2023-0088,London Commercial Court,JUD-02,2023-09-09,Medium,456710.61,0,False,False,Settled,2024-10-01,388,118297.53,False,Resolved,1
CC-2023-0446,High Court — KBD (TCC),JUD-05,2023-09-09,Medium,267036.51,3,False,False,Settled,2025-03-07,545,70448.6,False,Resolved,1
CC-2023-1221,US District Court — S.D.N.Y.,JUD-07,2023-09-09,Medium,277439.22,3,False,False,Dismissed,2024-06-26,291,0.0,False,Resolved,1
CC-2023-1022,London Commercial Court,JUD-01,2023-09-09,Low,598476.91,2,True,False,Settled,2024-09-10,367,298647.01,False,Resolved,1
CC-2023-0055,US District Court — N.D. Cal.,JUD-08,2023-09-10,Medium,996835.44,2,False,False,Settled,2025-02-19,528,497426.35,False,Resolved,1
CC-2023-1041,US District Court — S.D.N.Y.,JUD-07,2023-09-10,Medium,214627.25,1,False,False,Dismissed,2024-02-22,165,0.0,False,Resolved,1
CC-2023-0555,Singapore International Comm.,JUD-09,2023-09-10,Medium,187448.14,0,False,False,Dismissed,2024-08-02,327,0.0,False,Resolved,1
CC-2023-0542,London Commercial Court,JUD-02,2023-09-10,Low,569587.65,0,False,False,Settled,2024-11-14,431,524241.58,True,Resolved,1
CC-2023-0739,High Court — Chancery Division,JUD-04,2023-09-11,Low,4608920.22,3,True,False,Dismissed,2024-08-21,345,0.0,False,Resolved,1
CC-2023-0206,High Court — Chancery Division,JUD-04,2023-09-11,Low,194940.38,0,False,False,Settled,2024-07-28,321,113640.62,False,Resolved,1
CC-2023-0944,High Court — Chancery Division,JUD-04,2023-09-11,Medium,525467.29,2,False,False,Settled,2025-02-05,513,333566.32,False,Resolved,1
CC-2023-0736,London Commercial Court,JUD-02,2023-09-12,Medium,730013.47,0,False,False,Settled,2024-06-24,286,206986.26,False,Resolved,1
CC-2023-0311,London Commercial Court,JUD-01,2023-09-12,Medium,1367637.24,1,False,False,,,1022,,,Ongoing,0
CC-2023-0991,London Commercial Court,JUD-02,2023-09-13,Medium,276685.81,1,False,False,Settled,2025-02-20,526,56816.01,False,Resolved,1
CC-2023-0132,High Court — KBD (TCC),JUD-05,2023-09-13,Low,157686.84,3,True,False,Dismissed,2024-05-07,237,0.0,False,Resolved,1
CC-2023-0748,Singapore International Comm.,JUD-09,2023-09-14,Medium,200234.18,4,True,True,Dismissed,2024-07-26,316,0.0,False,Resolved,1
CC-2023-0746,US District Court — N.D. Cal.,JUD-08,2023-09-14,High,390425.44,5,True,False,,,1020,,,Ongoing,0
CC-2023-1170,High Court — KBD (TCC),JUD-05,2023-09-14,Low,243758.23,0,False,False,Settled,2025-03-28,561,67114.47,False,Resolved,1
CC-2023-0987,London Commercial Court,JUD-01,2023-09-15,Low,263664.3,0,False,False,Dismissed,2024-03-12,179,0.0,False,Resolved,1
CC-2023-1106,Singapore International Comm.,JUD-09,2023-09-15,Medium,202782.48,0,False,False,Settled,2024-03-21,188,46285.13,False,Resolved,1
CC-2023-1213,London Commercial Court,JUD-02,2023-09-15,Medium,177216.2,2,False,False,Dismissed,2024-09-16,367,0.0,False,Resolved,1
CC-2023-0603,London Commercial Court,JUD-02,2023-09-16,Low,717271.41,0,False,False,Settled,2024-04-19,216,100518.65,False,Resolved,1
CC-2023-0685,US District Court — N.D. Cal.,JUD-08,2023-09-16,Low,120725.85,1,True,False,Dismissed,2024-07-04,292,0.0,False,Resolved,1
CC-2023-0869,High Court — Chancery Division,JUD-04,2023-09-16,Medium,2103539.3,2,True,False,Settled,2026-01-11,848,617577.59,False,Resolved,1
CC-2023-0969,High Court — Chancery Division,JUD-03,2023-09-16,High,181085.66,4,False,False,,,1018,,,Ongoing,0
CC-2023-0117,High Court — Chancery Division,JUD-04,2023-09-16,Low,362058.69,3,True,False,Settled,2025-04-11,573,77285.22,False,Resolved,1
CC-2023-0782,High Court — Chancery Division,JUD-04,2023-09-17,Medium,273759.67,4,True,True,Dismissed,2024-03-06,171,0.0,False,Resolved,1
CC-2023-0577,High Court — Chancery Division,JUD-04,2023-09-17,Medium,2366033.83,4,True,False,Settled,2025-06-17,639,482892.35,False,Resolved,1
CC-2023-0672,London Commercial Court,JUD-01,2023-09-17,High,792090.74,5,False,False,Settled,2026-06-11,998,573879.49,False,Resolved,1
CC-2023-0154,London Commercial Court,JUD-02,2023-09-17,Low,286688.11,1,False,False,Settled,2024-04-16,212,119426.38,False,Resolved,1
CC-2023-0668,US District Court — S.D.N.Y.,JUD-06,2023-09-17,High,1065910.15,5,False,False,Settled,2025-04-24,585,353915.71,False,Resolved,1
CC-2023-0893,Singapore International Comm.,JUD-09,2023-09-17,Medium,785682.38,2,True,False,Settled,2024-07-25,312,571577.86,False,Resolved,1
CC-2023-1149,US District Court — S.D.N.Y.,JUD-06,2023-09-17,Medium,238734.94,4,False,False,Dismissed,2024-10-09,388,0.0,False,Resolved,1
CC-2023-0031,US District Court — N.D. Cal.,JUD-08,2023-09-18,Medium,388551.33,1,True,False,Settled,2025-12-06,810,198899.91,False,Resolved,1
CC-2023-0437,Singapore International Comm.,JUD-09,2023-09-18,Medium,246281.06,0,False,False,Dismissed,2024-03-17,181,0.0,False,Resolved,1
CC-2023-0629,Dubai International Fin. Centre,JUD-10,2023-09-18,High,806235.06,5,False,False,Dismissed,2024-06-20,276,0.0,False,Resolved,1
CC-2023-0371,High Court — KBD (TCC),JUD-05,2023-09-18,Low,1019840.38,1,False,False,Settled,2024-09-21,369,333688.39,False,Resolved,1
CC-2023-0279,London Commercial Court,JUD-01,2023-09-18,High,108870.49,7,False,False,,,1016,,,Ongoing,0
CC-2023-0920,High Court — Chancery Division,JUD-04,2023-09-19,Low,1328094.16,1,False,False,Dismissed,2024-07-26,311,0.0,False,Resolved,1
CC-2023-0317,London Commercial Court,JUD-02,2023-09-20,High,3063962.41,5,False,False,Dismissed,2025-11-17,789,0.0,False,Resolved,1
CC-2023-0144,High Court — Chancery Division,JUD-04,2023-09-20,Medium,670214.78,1,False,False,Settled,2025-06-03,622,408531.46,False,Resolved,1
CC-2023-1201,High Court — Chancery Division,JUD-03,2023-09-20,Low,2122099.44,0,True,False,Settled,2024-10-16,392,1587876.37,False,Resolved,1
CC-2023-0297,High Court — KBD (TCC),JUD-05,2023-09-21,High,506196.69,3,True,False,,,1013,,,Ongoing,0
CC-2023-0039,US District Court — S.D.N.Y.,JUD-06,2023-09-22,Medium,416575.59,1,True,True,Dismissed,2024-05-19,240,0.0,False,Resolved,1
CC-2023-0024,Singapore International Comm.,JUD-09,2023-09-22,Low,53728.56,1,False,False,Settled,2024-04-25,216,11954.85,False,Resolved,1
CC-2023-0044,US District Court — N.D. Cal.,JUD-08,2023-09-23,Medium,2450164.46,2,True,False,Trial Judgment,2024-11-07,411,0.0,False,Resolved,1
CC-2023-0234,London Commercial Court,JUD-01,2023-09-23,Low,582277.25,1,True,False,Dismissed,2024-04-03,193,0.0,False,Resolved,1
CC-2023-0926,High Court — KBD (TCC),JUD-05,2023-09-23,Medium,3209402.09,6,True,True,Dismissed,2025-05-26,611,0.0,False,Resolved,1
CC-2023-0476,London Commercial Court,JUD-01,2023-09-23,Low,877275.54,1,False,False,Dismissed,2024-04-10,200,0.0,False,Resolved,1
CC-2023-0519,High Court — KBD (TCC),JUD-05,2023-09-23,Medium,1461414.3,2,False,False,,,1011,,,Ongoing,0
CC-2023-1034,Singapore International Comm.,JUD-09,2023-09-24,High,168018.1,7,False,False,,,1010,,,Ongoing,0
CC-2023-0984,US District Court — N.D. Cal.,JUD-08,2023-09-24,Medium,731028.61,4,True,False,Settled,2025-03-17,540,323271.57,False,Resolved,1
CC-2023-0252,US District Court — S.D.N.Y.,JUD-07,2023-09-24,Medium,542767.94,4,False,False,Settled,2025-05-22,606,142677.39,False,Resolved,1
CC-2023-0046,London Commercial Court,JUD-01,2023-09-24,Medium,187336.21,1,True,True,Dismissed,2024-08-08,319,0.0,False,Resolved,1
CC-2023-0240,US District Court — N.D. Cal.,JUD-08,2023-09-24,Medium,324129.77,3,False,False,Settled,2024-10-12,384,168092.33,False,Resolved,1
CC-2023-0471,US District Court — S.D.N.Y.,JUD-07,2023-09-24,Medium,366645.45,3,True,True,Dismissed,2024-03-25,183,0.0,False,Resolved,1
CC-2023-0868,London Commercial Court,JUD-02,2023-09-26,High,61233.92,2,True,False,Settled,2024-10-11,381,7453.64,False,Resolved,1
CC-2023-0994,London Commercial Court,JUD-01,2023-09-26,Medium,278124.96,1,False,False,Settled,2025-05-06,588,162865.36,True,Resolved,1
CC-2023-0196,High Court — Chancery Division,JUD-04,2023-09-27,Low,665925.64,0,False,False,Settled,2024-06-04,251,196987.57,False,Resolved,1
CC-2023-1121,High Court — Chancery Division,JUD-03,2023-09-27,Medium,283019.21,3,False,False,Settled,2025-06-25,637,157650.9,False,Resolved,1
CC-2023-0286,Singapore International Comm.,JUD-09,2023-09-27,High,2732781.64,3,True,False,,,1007,,,Ongoing,0
CC-2023-1098,High Court — Chancery Division,JUD-03,2023-09-27,Medium,104868.97,1,False,False,Settled,2024-10-09,378,75202.39,False,Resolved,1
CC-2023-0882,London Commercial Court,JUD-02,2023-09-28,Low,378852.83,0,True,False,Settled,2024-04-01,186,202521.88,False,Resolved,1
CC-2023-0540,Singapore International Comm.,JUD-09,2023-09-29,Medium,779087.57,2,False,False,Settled,2024-06-27,272,272396.11,False,Resolved,1
CC-2023-0038,Singapore International Comm.,JUD-09,2023-09-29,Low,510037.3,2,True,False,Trial Judgment,2025-05-03,582,0.0,False,Resolved,1
CC-2023-0950,US District Court — S.D.N.Y.,JUD-07,2023-09-29,Medium,618853.35,3,False,False,Settled,2024-11-09,407,178414.48,False,Resolved,1
CC-2023-0074,US District Court — N.D. Cal.,JUD-08,2023-09-30,Medium,464910.47,4,False,False,Settled,2026-01-12,835,41851.81,True,Resolved,1
CC-2023-0295,London Commercial Court,JUD-02,2023-09-30,Low,507987.34,0,True,False,Settled,2024-11-28,425,274744.02,False,Resolved,1
CC-2023-0710,London Commercial Court,JUD-01,2023-09-30,Medium,254616.07,3,False,False,Settled,2025-05-20,598,31979.26,False,Resolved,1
CC-2023-0614,US District Court — S.D.N.Y.,JUD-06,2023-09-30,Medium,2874935.2,4,True,True,Dismissed,2024-09-25,361,0.0,False,Resolved,1
CC-2023-1199,US District Court — N.D. Cal.,JUD-08,2023-10-01,High,1183063.31,5,False,False,,,1003,,,Ongoing,0
CC-2023-0669,Singapore International Comm.,JUD-09,2023-10-01,Low,945928.47,3,False,False,Settled,2024-12-07,433,139162.07,False,Resolved,1
CC-2023-0780,London Commercial Court,JUD-01,2023-10-02,Low,2215460.64,4,True,True,Dismissed,2024-05-06,217,0.0,False,Resolved,1
CC-2023-0401,High Court — KBD (TCC),JUD-05,2023-10-02,Medium,579892.98,3,False,False,Settled,2026-04-22,933,138528.76,False,Resolved,1
CC-2023-0492,High Court — Chancery Division,JUD-04,2023-10-02,Low,144555.03,1,False,False,Dismissed,2024-05-31,242,0.0,False,Resolved,1
CC-2023-0235,Singapore International Comm.,JUD-09,2023-10-03,High,2847773.42,10,True,False,,,1001,,,Ongoing,0
CC-2023-0719,London Commercial Court,JUD-02,2023-10-03,Medium,501247.51,0,False,False,Settled,2025-02-28,514,214678.26,False,Resolved,1
CC-2023-0289,London Commercial Court,JUD-02,2023-10-04,Low,337660.8,0,True,False,Settled,2024-08-26,327,210727.75,False,Resolved,1
CC-2023-0346,London Commercial Court,JUD-02,2023-10-04,Low,476346.77,0,True,False,Dismissed,2024-05-30,239,0.0,False,Resolved,1
CC-2023-1039,Dubai International Fin. Centre,JUD-10,2023-10-04,Low,155214.97,1,True,True,Dismissed,2023-12-27,84,0.0,False,Resolved,1
CC-2023-1206,High Court — KBD (TCC),JUD-05,2023-10-04,Medium,121549.41,2,True,False,,,1000,,,Ongoing,0
CC-2023-0570,London Commercial Court,JUD-01,2023-10-04,Medium,161853.35,1,False,False,Settled,2024-09-24,356,55197.03,False,Resolved,1
CC-2023-0910,London Commercial Court,JUD-01,2023-10-05,Low,95874.98,0,True,True,Dismissed,2024-02-22,140,0.0,False,Resolved,1
CC-2023-0658,US District Court — N.D. Cal.,JUD-08,2023-10-05,Low,248402.37,1,True,True,Dismissed,2024-01-08,95,0.0,False,Resolved,1
CC-2023-1128,Singapore International Comm.,JUD-09,2023-10-05,Medium,498378.36,1,False,False,Settled,2025-03-02,514,149920.04,False,Resolved,1
CC-2023-1038,US District Court — N.D. Cal.,JUD-08,2023-10-06,Low,2173470.89,1,False,False,Settled,2024-06-08,246,93969.75,False,Resolved,1
CC-2023-1165,London Commercial Court,JUD-02,2023-10-06,Medium,142739.37,2,False,False,Settled,2025-01-17,469,17991.46,False,Resolved,1
CC-2023-0701,London Commercial Court,JUD-02,2023-10-07,Low,202397.45,1,False,False,Settled,2024-03-16,161,46956.11,False,Resolved,1
CC-2023-0043,High Court — Chancery Division,JUD-03,2023-10-07,Medium,265867.43,1,False,False,Settled,2025-09-24,718,31801.61,False,Resolved,1
CC-2023-0823,High Court — Chancery Division,JUD-03,2023-10-07,Low,1482578.53,1,False,False,Settled,2024-12-12,432,946975.56,False,Resolved,1
CC-2023-0174,London Commercial Court,JUD-01,2023-10-07,Medium,319070.55,1,True,True,Dismissed,2025-01-14,465,0.0,False,Resolved,1
CC-2023-0511,London Commercial Court,JUD-02,2023-10-07,Low,258093.51,1,False,False,Dismissed,2024-09-16,345,0.0,False,Resolved,1
CC-2023-0218,Dubai International Fin. Centre,JUD-10,2023-10-08,Low,1251280.07,2,True,True,Dismissed,2024-04-08,183,0.0,False,Resolved,1
CC-2023-0048,US District Court — S.D.N.Y.,JUD-07,2023-10-08,Low,4712912.81,1,True,True,Dismissed,2024-01-30,114,0.0,False,Resolved,1
CC-2023-0664,London Commercial Court,JUD-01,2023-10-08,Medium,2550162.27,2,True,False,,,996,,,Ongoing,0
CC-2023-0097,High Court — Chancery Division,JUD-03,2023-10-08,Medium,406900.24,1,False,False,Settled,2024-08-07,304,212365.42,False,Resolved,1
CC-2023-0600,High Court — KBD (TCC),JUD-05,2023-10-08,High,193222.55,2,False,False,Settled,2025-03-01,510,36225.58,False,Resolved,1
CC-2023-0147,Singapore International Comm.,JUD-09,2023-10-08,Medium,325034.45,2,False,False,Dismissed,2025-03-14,523,0.0,False,Resolved,1
CC-2023-1103,US District Court — S.D.N.Y.,JUD-07,2023-10-09,High,359191.95,3,False,False,,,995,,,Ongoing,0
CC-2023-0238,Dubai International Fin. Centre,JUD-10,2023-10-09,Low,482277.66,4,True,False,Settled,2024-04-30,204,65815.23,False,Resolved,1
CC-2023-0816,High Court — KBD (TCC),JUD-05,2023-10-10,Low,1118263.98,2,False,False,Dismissed,2024-09-29,355,0.0,False,Resolved,1
CC-2023-0149,London Commercial Court,JUD-02,2023-10-10,Low,2575958.77,3,True,False,Settled,2025-05-07,575,131792.97,False,Resolved,1
CC-2023-0236,High Court — Chancery Division,JUD-03,2023-10-10,High,508901.14,2,False,False,Settled,2026-05-20,953,108862.53,False,Resolved,1
CC-2023-0757,US District Court — S.D.N.Y.,JUD-07,2023-10-10,Low,3226879.96,1,False,False,Settled,2024-07-13,277,1530347.13,False,Resolved,1
CC-2023-0628,High Court — Chancery Division,JUD-03,2023-10-11,Medium,2054423.09,3,False,False,Settled,2024-11-23,409,478106.44,False,Resolved,1
CC-2023-0325,London Commercial Court,JUD-01,2023-10-11,Medium,144111.76,3,False,False,Settled,2025-08-05,664,38989.23,False,Resolved,1
CC-2023-0478,High Court — KBD (TCC),JUD-05,2023-10-11,Medium,361341.12,2,False,False,Settled,2025-05-10,577,174652.22,False,Resolved,1
CC-2023-0585,High Court — Chancery Division,JUD-04,2023-10-12,Low,2790432.24,2,True,False,,,992,,,Ongoing,0
CC-2023-0011,Singapore International Comm.,JUD-09,2023-10-12,High,85165.73,5,True,True,Dismissed,2025-02-15,492,0.0,False,Resolved,1
CC-2023-1200,Dubai International Fin. Centre,JUD-10,2023-10-12,Medium,94381.28,1,False,False,Settled,2024-12-22,437,50654.72,True,Resolved,1
CC-2023-0443,Dubai International Fin. Centre,JUD-10,2023-10-13,Medium,484440.11,0,False,False,Settled,2024-04-02,172,313869.44,False,Resolved,1
CC-2023-0689,High Court — Chancery Division,JUD-03,2023-10-13,Low,186876.28,1,True,True,Settled,2025-01-23,468,55877.35,True,Resolved,1
CC-2023-0399,US District Court — N.D. Cal.,JUD-08,2023-10-13,High,2334110.87,6,True,False,,,991,,,Ongoing,0
CC-2023-0973,Singapore International Comm.,JUD-09,2023-10-14,Medium,407348.12,2,False,False,Dismissed,2024-03-23,161,0.0,False,Resolved,1
CC-2023-0713,London Commercial Court,JUD-01,2023-10-14,Low,230579.87,1,False,False,Dismissed,2024-06-28,258,0.0,False,Resolved,1
CC-2023-1214,Singapore International Comm.,JUD-09,2023-10-14,High,1725278.23,7,False,False,Settled,2025-09-07,694,895247.14,False,Resolved,1
CC-2023-1164,US District Court — N.D. Cal.,JUD-08,2023-10-15,Low,4768528.28,0,False,False,Settled,2025-03-17,519,1640615.6,False,Resolved,1
CC-2023-0813,US District Court — S.D.N.Y.,JUD-06,2023-10-15,High,113270.75,5,False,False,Settled,2025-03-23,525,13996.31,False,Resolved,1
CC-2023-0521,Singapore International Comm.,JUD-09,2023-10-15,Medium,897103.74,3,False,False,Settled,2025-01-18,461,188268.56,False,Resolved,1
CC-2023-0785,High Court — Chancery Division,JUD-03,2023-10-16,Low,1413224.47,2,True,True,Dismissed,2024-10-05,355,0.0,False,Resolved,1
CC-2023-0335,US District Court — S.D.N.Y.,JUD-07,2023-10-16,Low,259098.15,0,False,False,Settled,2024-07-28,286,86297.62,False,Resolved,1
CC-2023-0336,High Court — KBD (TCC),JUD-05,2023-10-16,Medium,815956.43,1,False,False,Settled,2025-02-21,494,338264.05,True,Resolved,1
CC-2023-0434,London Commercial Court,JUD-02,2023-10-16,Medium,1498522.52,2,True,False,Settled,2026-04-14,911,146496.27,False,Resolved,1
CC-2023-1061,High Court — Chancery Division,JUD-03,2023-10-16,Medium,2199840.63,4,True,False,Settled,2026-05-27,954,982323.94,False,Resolved,1
CC-2023-0381,London Commercial Court,JUD-01,2023-10-17,High,405495.8,5,False,False,Settled,2025-05-12,573,18750.26,False,Resolved,1
CC-2023-0716,High Court — Chancery Division,JUD-04,2023-10-17,High,552856.02,1,False,False,Dismissed,2025-07-26,648,0.0,False,Resolved,1
CC-2023-1047,High Court — KBD (TCC),JUD-05,2023-10-17,High,163692.19,4,True,False,Settled,2024-11-26,406,33100.2,False,Resolved,1
CC-2023-0432,US District Court — S.D.N.Y.,JUD-07,2023-10-17,Medium,1507770.13,2,True,True,Dismissed,2024-06-05,232,0.0,False,Resolved,1
CC-2023-0839,High Court — KBD (TCC),JUD-05,2023-10-17,Low,458399.18,1,True,True,Dismissed,2024-04-20,186,0.0,False,Resolved,1
CC-2023-0411,Singapore International Comm.,JUD-09,2023-10-18,Low,509831.57,0,False,False,Settled,2024-04-12,177,335654.84,False,Resolved,1
CC-2023-0466,US District Court — N.D. Cal.,JUD-08,2023-10-18,High,925837.45,8,True,False,Dismissed,2025-05-13,573,0.0,False,Resolved,1
CC-2023-0274,US District Court — N.D. Cal.,JUD-08,2023-10-19,Medium,724042.5,3,False,False,Dismissed,2024-12-15,423,0.0,False,Resolved,1
CC-2023-0475,High Court — Chancery Division,JUD-04,2023-10-19,Medium,816216.05,3,False,False,Settled,2025-08-04,655,241980.95,False,Resolved,1
CC-2023-1191,Dubai International Fin. Centre,JUD-10,2023-10-19,Low,346094.35,1,True,False,Settled,2024-08-09,295,306767.56,False,Resolved,1
CC-2023-1211,Singapore International Comm.,JUD-09,2023-10-19,Low,304789.73,1,False,False,Dismissed,2024-05-16,210,0.0,False,Resolved,1
CC-2023-0754,Dubai International Fin. Centre,JUD-10,2023-10-19,Low,535368.14,1,True,True,Dismissed,2024-02-15,119,0.0,False,Resolved,1
CC-2023-0409,US District Court — N.D. Cal.,JUD-08,2023-10-20,Low,874342.7,1,False,False,Dismissed,2024-08-12,297,0.0,False,Resolved,1
CC-2023-0884,High Court — Chancery Division,JUD-04,2023-10-20,Low,187988.78,0,False,False,Settled,2024-07-21,275,99221.88,False,Resolved,1
CC-2023-0875,US District Court — N.D. Cal.,JUD-08,2023-10-20,Low,760114.28,2,False,False,Settled,2024-07-13,267,438450.66,False,Resolved,1
CC-2023-0923,London Commercial Court,JUD-02,2023-10-21,Low,193919.48,2,True,False,Settled,2024-10-29,374,74678.94,False,Resolved,1
CC-2023-0789,London Commercial Court,JUD-01,2023-10-22,Medium,925563.98,4,False,False,Settled,2026-03-28,888,418430.46,False,Resolved,1
CC-2023-0566,London Commercial Court,JUD-02,2023-10-22,Low,1318068.95,1,True,False,Trial Judgment,2025-02-03,470,0.0,False,Resolved,1
CC-2023-0251,London Commercial Court,JUD-02,2023-10-22,Medium,324786.68,3,False,False,Trial Judgment,2025-02-02,469,0.0,False,Resolved,1
CC-2023-0270,London Commercial Court,JUD-01,2023-10-22,Low,2228597.33,0,True,False,Settled,2024-08-28,311,1453239.42,False,Resolved,1
CC-2023-0897,US District Court — N.D. Cal.,JUD-08,2023-10-22,High,128422.26,2,True,False,Settled,2025-01-27,463,45974.71,False,Resolved,1
CC-2023-0768,London Commercial Court,JUD-01,2023-10-23,Medium,457918.35,1,False,False,Settled,2024-10-11,354,247439.69,False,Resolved,1
CC-2023-0106,High Court — KBD (TCC),JUD-05,2023-10-23,Medium,540957.17,3,True,False,Dismissed,2024-09-30,343,0.0,False,Resolved,1
CC-2023-0945,Dubai International Fin. Centre,JUD-10,2023-10-23,Medium,1549417.74,3,False,False,Dismissed,2025-04-06,531,0.0,False,Resolved,1
CC-2023-0157,Singapore International Comm.,JUD-09,2023-10-23,Medium,688707.37,2,False,False,Settled,2025-03-21,515,446815.99,False,Resolved,1
CC-2023-1163,London Commercial Court,JUD-02,2023-10-24,Low,984958.63,0,True,False,Dismissed,2024-06-13,233,0.0,False,Resolved,1
CC-2023-0686,High Court — Chancery Division,JUD-04,2023-10-24,High,1579298.9,5,False,False,,,980,,,Ongoing,0
CC-2023-0751,London Commercial Court,JUD-01,2023-10-24,Medium,2383893.65,4,True,True,Dismissed,2024-08-16,297,0.0,False,Resolved,1
CC-2023-0179,London Commercial Court,JUD-01,2023-10-24,Medium,1714632.87,2,False,False,Settled,2025-02-06,471,100937.97,False,Resolved,1
CC-2023-0125,Dubai International Fin. Centre,JUD-10,2023-10-25,High,691320.96,4,True,False,Settled,2026-06-17,966,104827.34,False,Resolved,1
CC-2023-0865,US District Court — N.D. Cal.,JUD-08,2023-10-25,Medium,461261.84,3,False,False,Settled,2024-11-06,378,149417.67,False,Resolved,1
CC-2023-0975,US District Court — S.D.N.Y.,JUD-06,2023-10-25,High,385818.5,7,False,False,Dismissed,2025-06-19,603,0.0,False,Resolved,1
CC-2023-0169,Singapore International Comm.,JUD-09,2023-10-25,Medium,695378.83,3,False,False,Settled,2025-02-10,474,165299.43,False,Resolved,1
CC-2023-0822,High Court — KBD (TCC),JUD-05,2023-10-25,Low,894822.62,0,False,False,Dismissed,2024-08-26,306,0.0,False,Resolved,1
CC-2023-0410,High Court — KBD (TCC),JUD-05,2023-10-26,Medium,427242.87,1,True,False,Settled,2025-10-23,728,161749.11,False,Resolved,1
CC-2023-0737,London Commercial Court,JUD-01,2023-10-26,Medium,864921.93,1,True,False,Settled,2025-02-25,488,614410.04,False,Resolved,1
CC-2023-0228,High Court — KBD (TCC),JUD-05,2023-10-27,Medium,352049.78,1,False,False,,,977,,,Ongoing,0
CC-2023-0814,Singapore International Comm.,JUD-09,2023-10-27,Low,455347.25,3,True,False,Dismissed,2024-05-14,200,0.0,False,Resolved,1
CC-2023-0368,Singapore International Comm.,JUD-09,2023-10-27,High,109483.99,1,False,False,Dismissed,2025-02-20,482,0.0,False,Resolved,1
CC-2023-0316,High Court — Chancery Division,JUD-04,2023-10-27,Low,129634.53,0,False,False,Settled,2024-07-09,256,26395.94,False,Resolved,1
CC-2023-0496,Dubai International Fin. Centre,JUD-10,2023-10-28,Medium,197393.17,0,False,False,Dismissed,2024-09-17,325,0.0,False,Resolved,1
CC-2023-0854,Singapore International Comm.,JUD-09,2023-10-28,Low,3342342.75,4,False,False,Settled,2024-09-08,316,843239.77,False,Resolved,1
CC-2023-0680,US District Court — S.D.N.Y.,JUD-07,2023-10-28,Low,243695.62,1,False,False,Settled,2024-08-28,305,34313.58,False,Resolved,1
CC-2023-1108,Dubai International Fin. Centre,JUD-10,2023-10-29,Low,410958.98,1,False,False,Settled,2024-08-28,304,212155.84,False,Resolved,1
CC-2023-1192,High Court — Chancery Division,JUD-03,2023-10-29,Medium,67667.82,4,True,False,Settled,2025-08-22,663,7497.61,False,Resolved,1
CC-2023-0095,US District Court — S.D.N.Y.,JUD-07,2023-10-29,Medium,908179.74,1,True,True,Dismissed,2024-07-20,265,0.0,False,Resolved,1
CC-2023-0899,High Court — KBD (TCC),JUD-05,2023-10-29,Low,407689.0,1,False,False,Trial Judgment,2024-12-28,426,258045.7,False,Resolved,1
CC-2023-0047,US District Court — S.D.N.Y.,JUD-07,2023-10-29,Low,219559.52,2,False,False,Settled,2024-04-21,175,87284.91,False,Resolved,1
CC-2023-0853,US District Court — N.D. Cal.,JUD-08,2023-10-30,Low,307650.27,2,True,False,Settled,2024-10-31,367,61410.24,False,Resolved,1
CC-2023-0208,US District Court — S.D.N.Y.,JUD-06,2023-10-30,Low,680998.29,0,False,False,Settled,2024-03-10,132,97137.4,False,Resolved,1
CC-2023-0190,London Commercial Court,JUD-02,2023-10-30,Low,280400.03,2,True,False,Dismissed,2024-05-25,208,0.0,False,Resolved,1
CC-2023-1052,High Court — KBD (TCC),JUD-05,2023-10-30,Medium,6113673.99,3,True,True,Settled,2024-12-10,407,1667164.72,False,Resolved,1
CC-2023-0630,US District Court — N.D. Cal.,JUD-08,2023-10-31,Medium,551150.31,0,False,False,Settled,2024-12-30,426,377433.2,False,Resolved,1
CC-2023-0988,High Court — Chancery Division,JUD-04,2023-10-31,Medium,450882.59,3,True,True,Dismissed,2024-10-23,358,0.0,False,Resolved,1
CC-2023-1005,High Court — Chancery Division,JUD-03,2023-10-31,Low,889644.84,3,True,True,Dismissed,2024-11-26,392,0.0,False,Resolved,1
CC-2023-1055,US District Court — S.D.N.Y.,JUD-06,2023-10-31,Medium,752984.36,4,True,False,Settled,2025-04-11,528,340986.87,False,Resolved,1
CC-2023-0267,High Court — Chancery Division,JUD-04,2023-10-31,Medium,162053.02,4,True,False,,,973,,,Ongoing,0
CC-2023-0221,US District Court — S.D.N.Y.,JUD-07,2023-11-01,Low,736289.52,0,False,False,Settled,2024-10-04,338,472959.92,False,Resolved,1
CC-2023-1062,London Commercial Court,JUD-02,2023-11-01,Medium,735172.9,1,False,False,Settled,2024-08-21,294,253830.87,False,Resolved,1
CC-2023-1003,High Court — KBD (TCC),JUD-05,2023-11-02,Medium,163577.91,1,False,False,Dismissed,2025-11-15,744,0.0,False,Resolved,1
CC-2023-0391,High Court — Chancery Division,JUD-04,2023-11-02,High,399810.33,2,False,False,Settled,2026-05-15,925,43788.5,False,Resolved,1
CC-2023-0212,London Commercial Court,JUD-02,2023-11-02,Medium,342597.49,1,False,False,Trial Judgment,2025-10-30,728,116281.45,False,Resolved,1
CC-2023-0793,High Court — Chancery Division,JUD-04,2023-11-03,Low,567004.6,0,False,False,Settled,2024-08-30,301,35027.49,False,Resolved,1
CC-2023-1094,US District Court — S.D.N.Y.,JUD-06,2023-11-03,Low,231713.83,0,True,False,Dismissed,2024-05-24,203,0.0,False,Resolved,1
CC-2023-0652,High Court — Chancery Division,JUD-04,2023-11-03,Low,675330.15,0,False,False,Settled,2024-10-21,353,373365.54,False,Resolved,1
CC-2023-0805,US District Court — N.D. Cal.,JUD-08,2023-11-04,Low,7930967.59,4,True,False,Settled,2025-03-18,500,4603391.96,False,Resolved,1
CC-2023-0470,Singapore International Comm.,JUD-09,2023-11-05,Medium,2299603.27,1,True,False,Settled,2024-08-03,272,648218.49,False,Resolved,1
CC-2023-0599,London Commercial Court,JUD-01,2023-11-05,Low,1087221.48,2,False,False,Settled,2024-10-08,338,171276.82,False,Resolved,1
CC-2023-0310,High Court — Chancery Division,JUD-04,2023-11-06,Medium,2353493.67,5,True,False,Dismissed,2024-10-10,339,0.0,False,Resolved,1
CC-2023-0435,High Court — KBD (TCC),JUD-05,2023-11-06,High,614341.14,3,False,False,Dismissed,2025-10-06,700,0.0,False,Resolved,1
CC-2023-1138,Singapore International Comm.,JUD-09,2023-11-07,Low,1714264.84,0,False,False,Settled,2025-01-05,425,721901.34,False,Resolved,1
CC-2023-0119,US District Court — S.D.N.Y.,JUD-07,2023-11-07,Medium,542096.8,3,False,False,Trial Judgment,2026-03-31,875,162589.02,False,Resolved,1
CC-2023-0683,US District Court — N.D. Cal.,JUD-08,2023-11-07,Low,151051.36,0,False,False,Dismissed,2024-02-20,105,0.0,False,Resolved,1
CC-2023-0833,US District Court — S.D.N.Y.,JUD-07,2023-11-08,Low,224285.95,0,False,False,Settled,2024-04-02,146,77514.36,False,Resolved,1
CC-2023-0421,US District Court — N.D. Cal.,JUD-08,2023-11-08,Low,553807.11,1,False,False,Settled,2024-10-10,337,99460.76,True,Resolved,1
CC-2023-0195,US District Court — N.D. Cal.,JUD-08,2023-11-08,Low,171027.05,1,True,False,Dismissed,2024-08-12,278,0.0,False,Resolved,1
CC-2023-0594,US District Court — S.D.N.Y.,JUD-06,2023-11-08,Low,819787.84,0,True,False,Settled,2024-05-29,203,434738.63,False,Resolved,1
CC-2023-1171,High Court — KBD (TCC),JUD-05,2023-11-09,Low,224230.29,4,True,False,Settled,2025-03-08,485,99637.72,False,Resolved,1
CC-2023-0539,High Court — KBD (TCC),JUD-05,2023-11-09,Medium,567092.96,1,True,False,,,964,,,Ongoing,0
CC-2023-0807,High Court — KBD (TCC),JUD-05,2023-11-10,High,3597855.83,1,True,False,Settled,2025-03-12,488,1965846.72,False,Resolved,1
CC-2023-1089,High Court — KBD (TCC),JUD-05,2023-11-10,Medium,589034.0,4,False,False,Settled,2025-07-08,606,78084.22,False,Resolved,1
CC-2023-0122,High Court — KBD (TCC),JUD-05,2023-11-11,Low,424165.01,2,False,False,Settled,2025-05-11,547,137802.98,False,Resolved,1
CC-2023-0864,High Court — KBD (TCC),JUD-05,2023-11-11,Low,492505.27,4,True,False,Dismissed,2024-08-12,275,0.0,False,Resolved,1
CC-2023-0166,US District Court — S.D.N.Y.,JUD-07,2023-11-13,Medium,347342.3,2,False,False,Settled,2026-04-25,894,175682.63,False,Resolved,1
CC-2023-0339,London Commercial Court,JUD-02,2023-11-13,Medium,65685.84,1,False,False,Settled,2024-10-04,326,12982.67,False,Resolved,1
CC-2023-1185,High Court — KBD (TCC),JUD-05,2023-11-13,Low,596270.44,2,True,True,Dismissed,2024-07-22,252,0.0,False,Resolved,1
CC-2023-0931,Dubai International Fin. Centre,JUD-10,2023-11-13,Medium,296124.89,1,True,False,Dismissed,2024-06-01,201,0.0,False,Resolved,1
CC-2023-0146,Dubai International Fin. Centre,JUD-10,2023-11-14,Low,1290332.72,2,False,False,Settled,2025-01-16,429,882757.11,False,Resolved,1
CC-2023-1036,High Court — KBD (TCC),JUD-05,2023-11-14,Low,1027996.37,0,False,False,Settled,2025-06-06,570,443492.76,False,Resolved,1
CC-2023-0828,London Commercial Court,JUD-01,2023-11-14,Low,432961.42,2,False,False,Settled,2025-06-04,568,194231.5,True,Resolved,1
CC-2023-0885,High Court — Chancery Division,JUD-03,2023-11-15,Medium,1127885.71,2,False,False,Settled,2026-06-18,946,153157.47,True,Resolved,1
CC-2023-0420,High Court — Chancery Division,JUD-04,2023-11-15,Medium,3854413.55,3,False,False,Settled,2024-12-29,410,868380.83,False,Resolved,1
CC-2023-1183,High Court — Chancery Division,JUD-03,2023-11-15,Low,685606.72,1,True,False,Dismissed,2024-09-06,296,0.0,False,Resolved,1
CC-2023-0067,Singapore International Comm.,JUD-09,2023-11-16,High,266914.35,3,True,False,Dismissed,2024-12-02,382,0.0,False,Resolved,1
CC-2023-0390,London Commercial Court,JUD-02,2023-11-16,Medium,91948.12,3,False,False,Dismissed,2024-06-05,202,0.0,False,Resolved,1
CC-2023-0765,London Commercial Court,JUD-01,2023-11-16,High,380974.24,5,False,False,Settled,2025-07-29,621,13309.37,False,Resolved,1
CC-2023-0526,Singapore International Comm.,JUD-09,2023-11-16,Medium,1502722.16,3,True,False,Settled,2025-08-24,647,737780.36,False,Resolved,1
CC-2023-0249,High Court — Chancery Division,JUD-03,2023-11-16,Medium,428146.75,1,True,False,Settled,2025-01-04,415,302930.5,False,Resolved,1
CC-2023-0640,High Court — KBD (TCC),JUD-05,2023-11-17,Low,1469241.43,1,False,False,Settled,2024-09-07,295,630701.95,False,Resolved,1
CC-2023-0636,Dubai International Fin. Centre,JUD-10,2023-11-17,High,355573.35,3,True,True,Dismissed,2025-03-12,481,0.0,False,Resolved,1
CC-2023-0545,Dubai International Fin. Centre,JUD-10,2023-11-17,Medium,1031981.56,3,True,False,Dismissed,2024-12-18,397,0.0,False,Resolved,1
CC-2023-0003,London Commercial Court,JUD-02,2023-11-17,High,136412.03,2,False,False,Settled,2025-04-28,528,36542.49,False,Resolved,1
CC-2023-0933,US District Court — N.D. Cal.,JUD-08,2023-11-17,High,531049.42,0,False,False,Dismissed,2024-08-02,259,0.0,False,Resolved,1
CC-2023-0186,Dubai International Fin. Centre,JUD-10,2023-11-18,Medium,1061920.13,3,True,False,Settled,2025-12-26,769,434228.27,False,Resolved,1
CC-2023-0830,High Court — Chancery Division,JUD-03,2023-11-18,Low,515341.43,3,False,False,Settled,2024-12-15,393,139672.65,False,Resolved,1
CC-2023-0820,High Court — KBD (TCC),JUD-05,2023-11-18,High,757693.37,6,False,False,,,955,,,Ongoing,0
CC-2023-0173,London Commercial Court,JUD-02,2023-11-18,Low,291927.48,1,True,False,Settled,2024-07-10,235,194612.52,False,Resolved,1
CC-2023-0551,High Court — Chancery Division,JUD-04,2023-11-19,Low,305179.13,1,True,True,Settled,2024-12-13,390,70681.42,False,Resolved,1
CC-2023-0013,US District Court — N.D. Cal.,JUD-08,2023-11-19,Medium,2079172.31,6,True,False,Settled,2025-05-23,551,1103474.54,False,Resolved,1
CC-2023-0009,London Commercial Court,JUD-02,2023-11-20,Medium,320953.82,3,False,False,Settled,2025-06-08,566,152444.12,False,Resolved,1
CC-2023-0838,High Court — Chancery Division,JUD-04,2023-11-20,Medium,261984.94,3,True,True,Dismissed,2024-05-31,193,0.0,False,Resolved,1
CC-2023-0936,London Commercial Court,JUD-01,2023-11-20,High,168991.49,4,False,False,,,953,,,Ongoing,0
CC-2023-0513,High Court — KBD (TCC),JUD-05,2023-11-20,Low,199669.92,1,False,False,Settled,2024-11-11,357,91173.81,False,Resolved,1
CC-2023-0282,US District Court — N.D. Cal.,JUD-08,2023-11-21,Medium,857087.38,7,True,True,Dismissed,2024-09-15,299,0.0,False,Resolved,1
CC-2023-0385,High Court — Chancery Division,JUD-03,2023-11-21,Medium,2660016.97,3,False,False,,,952,,,Ongoing,0
CC-2023-0438,High Court — Chancery Division,JUD-04,2023-11-21,Low,281287.61,1,False,False,Settled,2024-10-04,318,78158.38,False,Resolved,1
CC-2023-1035,London Commercial Court,JUD-01,2023-11-21,Medium,569239.53,3,False,False,Dismissed,2025-05-29,555,0.0,False,Resolved,1
CC-2023-1188,US District Court — S.D.N.Y.,JUD-07,2023-11-21,Low,652420.79,0,False,False,Settled,2024-09-06,290,302905.53,False,Resolved,1
CC-2023-0581,US District Court — N.D. Cal.,JUD-08,2023-11-21,Low,699686.69,0,True,False,Trial Judgment,2024-12-31,406,581583.95,False,Resolved,1
CC-2023-0660,High Court — Chancery Division,JUD-03,2023-11-22,Medium,733060.08,2,False,False,Dismissed,2025-04-05,500,0.0,False,Resolved,1
CC-2023-0530,US District Court — N.D. Cal.,JUD-08,2023-11-22,Low,200630.48,0,False,False,Dismissed,2024-08-16,268,0.0,False,Resolved,1
CC-2023-0759,Dubai International Fin. Centre,JUD-10,2023-11-22,Low,463549.46,1,True,False,Settled,2024-07-25,246,130890.5,False,Resolved,1
CC-2023-0490,High Court — KBD (TCC),JUD-05,2023-11-22,High,377958.9,9,False,False,,,951,,,Ongoing,0
CC-2023-0735,High Court — KBD (TCC),JUD-05,2023-11-24,Medium,3289771.08,0,False,False,Settled,2025-04-14,507,2623794.47,False,Resolved,1
CC-2023-0704,London Commercial Court,JUD-02,2023-11-24,Medium,656582.97,1,True,False,Dismissed,2025-03-05,467,0.0,False,Resolved,1
CC-2023-0145,US District Court — S.D.N.Y.,JUD-07,2023-11-24,High,95849.37,4,False,False,Dismissed,2025-07-31,615,0.0,False,Resolved,1
CC-2023-0966,London Commercial Court,JUD-02,2023-11-24,Medium,1317188.15,2,False,False,Dismissed,2024-07-21,240,0.0,False,Resolved,1
CC-2023-0224,High Court — Chancery Division,JUD-04,2023-11-24,Medium,351102.77,1,False,False,Dismissed,2025-03-17,479,0.0,False,Resolved,1
CC-2023-0667,London Commercial Court,JUD-02,2023-11-24,High,1019866.65,11,False,False,,,949,,,Ongoing,0
CC-2023-0903,London Commercial Court,JUD-02,2023-11-25,Medium,206881.56,1,True,False,Settled,2025-07-26,609,112896.43,False,Resolved,1
CC-2023-0006,London Commercial Court,JUD-02,2023-11-25,High,713257.85,1,True,False,Settled,2025-03-26,487,305815.97,False,Resolved,1
CC-2023-0098,Singapore International Comm.,JUD-09,2023-11-25,Medium,854845.56,4,True,False,Settled,2024-11-22,363,206266.38,False,Resolved,1
CC-2023-0715,High Court — KBD (TCC),JUD-05,2023-11-26,Medium,786153.25,5,False,False,,,947,,,Ongoing,0
CC-2023-0126,US District Court — S.D.N.Y.,JUD-06,2023-11-26,Medium,68261.49,0,False,False,Dismissed,2024-11-24,364,0.0,False,Resolved,1
CC-2023-0377,High Court — Chancery Division,JUD-03,2023-11-27,Medium,752375.38,4,False,False,Trial Judgment,2026-02-25,821,369704.61,False,Resolved,1
CC-2023-0491,London Commercial Court,JUD-02,2023-11-27,Low,150529.9,4,False,False,Trial Judgment,2025-03-27,486,94183.38,False,Resolved,1
CC-2023-0061,London Commercial Court,JUD-01,2023-11-27,Medium,993871.98,2,True,True,Dismissed,2024-04-29,154,0.0,False,Resolved,1
CC-2023-0888,London Commercial Court,JUD-01,2023-11-27,High,75307.0,7,True,True,Dismissed,2025-05-08,528,0.0,False,Resolved,1
CC-2023-0474,High Court — KBD (TCC),JUD-05,2023-11-28,High,530911.82,5,True,False,,,945,,,Ongoing,0
CC-2023-0560,Singapore International Comm.,JUD-09,2023-11-28,Low,164831.46,0,False,False,Dismissed,2024-03-18,111,0.0,False,Resolved,1
CC-2023-0276,Dubai International Fin. Centre,JUD-10,2023-11-28,Low,321144.24,1,True,False,Dismissed,2024-04-08,132,0.0,False,Resolved,1
CC-2023-0096,London Commercial Court,JUD-02,2023-11-28,Low,903179.4,1,False,False,Dismissed,2024-07-17,232,0.0,False,Resolved,1
CC-2023-0100,London Commercial Court,JUD-01,2023-11-28,Medium,739792.04,4,True,True,Settled,2024-12-31,399,310740.28,False,Resolved,1
CC-2023-1029,US District Court — N.D. Cal.,JUD-08,2023-11-29,Medium,2190906.71,1,True,False,Settled,2025-06-23,572,530485.72,False,Resolved,1
CC-2023-1205,London Commercial Court,JUD-01,2023-11-29,High,167110.52,2,False,False,Dismissed,2024-09-15,291,0.0,False,Resolved,1
CC-2023-0949,High Court — KBD (TCC),JUD-05,2023-11-30,Medium,3991466.09,1,True,False,Settled,2025-01-30,427,1559034.52,False,Resolved,1
CC-2023-0647,US District Court — S.D.N.Y.,JUD-07,2023-11-30,Low,311433.52,2,False,False,Settled,2024-06-14,197,72232.59,False,Resolved,1
CC-2023-0824,London Commercial Court,JUD-01,2023-12-01,Medium,1158859.88,4,True,False,Settled,2025-10-22,691,530444.14,False,Resolved,1
CC-2023-1181,Singapore International Comm.,JUD-09,2023-12-01,Low,267347.16,1,False,False,Settled,2024-11-23,358,38329.83,False,Resolved,1
CC-2023-1177,London Commercial Court,JUD-02,2023-12-01,Low,131472.05,0,False,False,Dismissed,2024-09-13,287,0.0,False,Resolved,1
CC-2023-0175,Singapore International Comm.,JUD-09,2023-12-02,High,116643.15,1,True,False,Dismissed,2025-06-15,561,0.0,False,Resolved,1
CC-2023-0472,London Commercial Court,JUD-01,2023-12-03,High,190240.76,5,False,False,Settled,2025-09-06,643,36680.63,False,Resolved,1
CC-2023-0329,High Court — Chancery Division,JUD-04,2023-12-03,Low,405417.93,0,False,False,Settled,2024-10-31,333,229188.49,False,Resolved,1
CC-2023-0687,US District Court — S.D.N.Y.,JUD-07,2023-12-04,Medium,568709.21,0,False,False,Settled,2024-08-28,268,49619.74,False,Resolved,1
CC-2023-0161,Dubai International Fin. Centre,JUD-10,2023-12-05,High,222588.84,7,False,False,Settled,2025-12-05,731,135420.9,False,Resolved,1
CC-2023-0798,London Commercial Court,JUD-02,2023-12-05,Medium,1246112.9,0,False,False,Dismissed,2024-11-07,338,0.0,False,Resolved,1
CC-2023-0503,London Commercial Court,JUD-01,2023-12-05,Medium,889429.16,4,True,False,Settled,2025-05-22,534,398239.43,False,Resolved,1
CC-2023-0606,US District Court — S.D.N.Y.,JUD-06,2023-12-05,Low,100343.93,1,False,False,Settled,2024-05-10,157,19964.63,False,Resolved,1
CC-2023-0180,London Commercial Court,JUD-02,2023-12-06,Low,119395.97,2,False,False,Settled,2024-10-04,303,96289.52,False,Resolved,1
CC-2023-0679,US District Court — S.D.N.Y.,JUD-07,2023-12-06,Medium,592345.87,3,False,False,Settled,2024-12-02,362,259983.94,False,Resolved,1
CC-2023-0505,US District Court — N.D. Cal.,JUD-08,2023-12-06,Low,147511.26,0,False,False,Settled,2025-01-11,402,28964.97,True,Resolved,1
CC-2023-1208,US District Court — S.D.N.Y.,JUD-06,2023-12-06,High,1753146.75,5,False,False,Settled,2025-05-01,512,570804.7,False,Resolved,1
CC-2023-0967,High Court — Chancery Division,JUD-03,2023-12-06,High,352834.33,2,False,False,Dismissed,2025-03-29,479,0.0,False,Resolved,1
CC-2023-0464,Dubai International Fin. Centre,JUD-10,2023-12-07,Low,1263506.69,0,True,True,Dismissed,2024-04-20,135,0.0,False,Resolved,1
CC-2023-0418,Dubai International Fin. Centre,JUD-10,2023-12-07,Medium,489318.54,3,False,False,Settled,2024-09-20,288,225859.62,False,Resolved,1
CC-2023-0745,London Commercial Court,JUD-01,2023-12-07,High,175373.52,6,False,False,Settled,2025-12-18,742,79216.35,False,Resolved,1
CC-2023-1068,US District Court — S.D.N.Y.,JUD-06,2023-12-07,Low,3089174.03,1,False,False,Settled,2024-10-24,322,1005272.03,False,Resolved,1
CC-2023-0506,US District Court — S.D.N.Y.,JUD-07,2023-12-08,Medium,329453.71,2,False,False,Dismissed,2024-08-02,238,0.0,False,Resolved,1
CC-2023-0947,Singapore International Comm.,JUD-09,2023-12-08,Low,2621197.27,2,True,False,Settled,2024-12-10,368,966813.91,False,Resolved,1
CC-2023-1220,US District Court — S.D.N.Y.,JUD-06,2023-12-08,Medium,63162.17,3,False,False,Settled,2024-12-25,383,18115.49,False,Resolved,1
CC-2023-0673,US District Court — S.D.N.Y.,JUD-07,2023-12-09,Medium,1705420.26,2,False,False,Settled,2024-09-21,287,775828.95,False,Resolved,1
CC-2023-0365,London Commercial Court,JUD-01,2023-12-09,Medium,101598.7,0,False,False,Settled,2025-04-07,485,18596.86,False,Resolved,1
CC-2023-0263,Dubai International Fin. Centre,JUD-10,2023-12-09,High,98691.38,0,False,False,Settled,2024-09-03,269,39666.95,False,Resolved,1
CC-2023-0929,US District Court — S.D.N.Y.,JUD-06,2023-12-11,Medium,172708.74,4,False,False,Settled,2024-12-20,375,22447.16,False,Resolved,1
CC-2023-0353,High Court — Chancery Division,JUD-03,2023-12-11,High,2552099.34,1,False,False,Settled,2026-06-17,919,482252.48,False,Resolved,1
CC-2023-0902,High Court — KBD (TCC),JUD-05,2023-12-12,Low,59976.85,1,False,False,Dismissed,2025-04-06,481,0.0,False,Resolved,1
CC-2023-0167,Singapore International Comm.,JUD-09,2023-12-12,High,243092.73,5,False,False,Settled,2026-02-20,801,180728.32,False,Resolved,1
CC-2023-0226,High Court — KBD (TCC),JUD-05,2023-12-12,Medium,136226.35,2,True,False,,,931,,,Ongoing,0
CC-2023-0327,Singapore International Comm.,JUD-09,2023-12-12,Medium,478835.99,3,True,False,Dismissed,2024-12-20,374,0.0,False,Resolved,1
CC-2023-0200,High Court — KBD (TCC),JUD-05,2023-12-12,Low,435079.77,0,False,False,Settled,2024-10-12,305,255975.22,False,Resolved,1
CC-2023-0292,Singapore International Comm.,JUD-09,2023-12-12,Low,292983.99,0,True,False,Settled,2024-04-30,140,114170.83,False,Resolved,1
CC-2023-0784,High Court — Chancery Division,JUD-03,2023-12-12,Medium,1428984.72,4,False,False,Settled,2025-07-28,594,1046395.06,False,Resolved,1
CC-2023-0016,High Court — KBD (TCC),JUD-05,2023-12-13,High,126987.61,4,False,False,Dismissed,2025-02-22,437,0.0,False,Resolved,1
CC-2023-1044,US District Court — S.D.N.Y.,JUD-06,2023-12-13,Low,1578144.15,1,True,True,Settled,2024-07-05,205,897832.32,False,Resolved,1
CC-2023-1158,London Commercial Court,JUD-01,2023-12-13,Low,142578.45,1,True,True,Settled,2024-06-14,184,3065.41,False,Resolved,1
CC-2023-0077,US District Court — S.D.N.Y.,JUD-06,2023-12-13,Medium,172933.75,1,False,False,Trial Judgment,2025-02-14,429,136459.47,False,Resolved,1
CC-2023-0338,London Commercial Court,JUD-02,2023-12-14,Low,164344.92,1,True,False,Dismissed,2024-05-23,161,0.0,False,Resolved,1
CC-2023-1222,US District Court — S.D.N.Y.,JUD-07,2023-12-14,Medium,174455.82,2,False,False,Settled,2026-03-04,811,24988.98,False,Resolved,1
CC-2023-1209,US District Court — S.D.N.Y.,JUD-06,2023-12-14,Medium,474778.11,4,True,False,Settled,2025-06-06,540,111635.75,False,Resolved,1
CC-2023-0151,Dubai International Fin. Centre,JUD-10,2023-12-14,Medium,828338.97,1,False,False,Settled,2025-04-15,488,191226.25,False,Resolved,1
CC-2023-0495,London Commercial Court,JUD-01,2023-12-14,Medium,141127.67,0,False,False,Dismissed,2024-07-13,212,0.0,False,Resolved,1
CC-2023-0934,London Commercial Court,JUD-02,2023-12-16,Low,168364.22,0,False,False,Settled,2024-11-14,334,87633.3,False,Resolved,1
CC-2023-0241,High Court — KBD (TCC),JUD-05,2023-12-16,Medium,162011.03,2,True,False,Settled,2026-02-24,801,138577.8,True,Resolved,1
CC-2023-0726,US District Court — N.D. Cal.,JUD-08,2023-12-16,Low,112524.29,1,True,True,Dismissed,2024-04-23,129,0.0,False,Resolved,1
CC-2023-1007,High Court — KBD (TCC),JUD-05,2023-12-16,Low,319339.66,1,False,False,Settled,2024-07-14,211,82483.87,False,Resolved,1
CC-2023-0159,Dubai International Fin. Centre,JUD-10,2023-12-17,Medium,678442.76,0,False,False,Settled,2024-10-27,315,114426.38,False,Resolved,1
CC-2023-0643,US District Court — N.D. Cal.,JUD-08,2023-12-17,High,321685.6,6,False,False,,,926,,,Ongoing,0
CC-2023-0693,High Court — KBD (TCC),JUD-05,2023-12-17,Low,2255194.71,2,False,False,,,926,,,Ongoing,0
CC-2023-0582,US District Court — S.D.N.Y.,JUD-07,2023-12-17,Medium,777441.04,2,False,False,Settled,2025-04-30,500,258622.14,False,Resolved,1
CC-2023-1056,US District Court — N.D. Cal.,JUD-08,2023-12-17,Low,276858.78,0,True,True,Dismissed,2024-04-29,134,0.0,False,Resolved,1
CC-2023-0431,US District Court — S.D.N.Y.,JUD-07,2023-12-17,Medium,340887.57,1,False,False,Dismissed,2024-10-10,298,0.0,False,Resolved,1
CC-2023-0571,High Court — KBD (TCC),JUD-05,2023-12-17,Low,306087.4,1,True,False,Dismissed,2024-10-17,305,0.0,False,Resolved,1
CC-2023-1075,London Commercial Court,JUD-01,2023-12-18,Low,654516.92,1,False,False,Settled,2024-09-22,279,214504.24,False,Resolved,1
CC-2023-0889,US District Court — S.D.N.Y.,JUD-06,2023-12-18,Low,921574.88,1,False,False,Dismissed,2024-09-12,269,0.0,False,Resolved,1
CC-2023-0163,US District Court — S.D.N.Y.,JUD-07,2023-12-19,Medium,90059.17,4,False,False,Settled,2025-05-22,520,55763.96,False,Resolved,1
CC-2023-0455,Dubai International Fin. Centre,JUD-10,2023-12-19,Medium,1115718.84,3,True,False,Settled,2026-03-07,809,576260.78,False,Resolved,1
CC-2023-0574,High Court — KBD (TCC),JUD-05,2023-12-20,Low,365257.86,2,False,False,Settled,2025-04-19,486,284278.02,True,Resolved,1
CC-2023-0017,London Commercial Court,JUD-02,2023-12-20,Low,243039.66,0,True,True,Dismissed,2024-04-14,116,0.0,False,Resolved,1
CC-2023-0351,US District Court — S.D.N.Y.,JUD-06,2023-12-20,Medium,123957.04,2,False,False,Dismissed,2024-04-08,110,0.0,False,Resolved,1
CC-2023-1157,London Commercial Court,JUD-02,2023-12-20,Medium,64478.6,1,False,False,Settled,2024-10-18,303,16180.27,False,Resolved,1
CC-2023-0361,High Court — KBD (TCC),JUD-05,2023-12-20,Low,2739720.45,0,True,True,Dismissed,2024-05-26,158,0.0,False,Resolved,1
CC-2023-0407,Singapore International Comm.,JUD-09,2023-12-20,Medium,1825061.72,1,True,False,Dismissed,2025-03-16,452,0.0,False,Resolved,1
CC-2023-0779,London Commercial Court,JUD-01,2023-12-20,Medium,106452.42,0,False,False,Settled,2024-10-11,296,31859.94,False,Resolved,1
CC-2023-0493,High Court — Chancery Division,JUD-04,2023-12-21,Low,1347382.81,3,False,False,Settled,2024-12-27,372,108211.26,False,Resolved,1
CC-2023-0790,London Commercial Court,JUD-01,2023-12-21,High,313083.5,2,False,False,Dismissed,2025-10-11,660,0.0,False,Resolved,1
CC-2023-0803,US District Court — N.D. Cal.,JUD-08,2023-12-22,Medium,525890.26,3,True,True,Dismissed,2024-08-04,226,0.0,False,Resolved,1
CC-2023-1143,London Commercial Court,JUD-02,2023-12-22,Medium,178374.57,3,False,False,Settled,2025-04-03,468,33214.58,False,Resolved,1
CC-2023-1063,US District Court — N.D. Cal.,JUD-08,2023-12-23,Medium,589919.62,2,False,False,Settled,2024-11-22,335,174180.3,False,Resolved,1
CC-2023-0243,London Commercial Court,JUD-02,2023-12-23,Medium,1443868.13,4,True,False,Settled,2026-02-02,772,1005055.42,False,Resolved,1
CC-2023-0848,Singapore International Comm.,JUD-09,2023-12-23,High,666353.03,3,False,False,Settled,2025-11-15,693,177959.91,False,Resolved,1
CC-2023-0052,US District Court — N.D. Cal.,JUD-08,2023-12-24,Medium,979920.85,2,False,False,Settled,2025-11-13,690,36765.68,False,Resolved,1
CC-2023-0645,London Commercial Court,JUD-01,2023-12-25,Medium,356584.44,2,False,False,Dismissed,2025-01-31,403,0.0,False,Resolved,1
CC-2023-0773,London Commercial Court,JUD-02,2023-12-25,High,407047.11,5,False,False,Dismissed,2025-05-13,505,0.0,False,Resolved,1
CC-2023-0307,Dubai International Fin. Centre,JUD-10,2023-12-25,Medium,270683.71,4,False,False,Dismissed,2024-11-30,341,0.0,False,Resolved,1
CC-2023-0072,Dubai International Fin. Centre,JUD-10,2023-12-26,Medium,153798.89,1,False,False,Settled,2024-09-11,260,70300.22,False,Resolved,1
CC-2023-0927,High Court — Chancery Division,JUD-04,2023-12-26,High,391386.22,2,True,False,,,917,,,Ongoing,0
CC-2023-0300,London Commercial Court,JUD-02,2023-12-26,Medium,1473671.29,2,False,False,Settled,2025-05-17,508,308931.46,False,Resolved,1
CC-2023-0508,High Court — KBD (TCC),JUD-05,2023-12-26,Low,196637.53,0,True,False,Settled,2024-07-01,188,79815.61,False,Resolved,1
CC-2023-0023,High Court — KBD (TCC),JUD-05,2023-12-27,Low,530402.84,1,True,False,Settled,2024-09-22,270,343223.29,False,Resolved,1
CC-2023-0372,London Commercial Court,JUD-01,2023-12-27,Low,1573241.59,1,True,False,Settled,2026-02-24,790,606587.73,True,Resolved,1
CC-2023-0370,High Court — KBD (TCC),JUD-05,2023-12-28,Low,203518.5,3,False,False,Settled,2024-09-21,268,62284.6,False,Resolved,1
CC-2023-0533,London Commercial Court,JUD-01,2023-12-28,Medium,76535.31,1,False,False,Settled,2025-04-01,460,26771.95,False,Resolved,1
CC-2023-0887,High Court — Chancery Division,JUD-03,2023-12-29,Medium,1986984.8,2,False,False,Settled,2025-09-27,638,1054308.56,False,Resolved,1
CC-2023-1018,London Commercial Court,JUD-02,2023-12-29,Low,720446.78,0,False,False,Settled,2024-08-02,217,291641.12,False,Resolved,1
CC-2023-0127,London Commercial Court,JUD-01,2023-12-30,Low,459145.31,0,True,True,Dismissed,2024-05-27,149,0.0,False,Resolved,1
CC-2023-0747,London Commercial Court,JUD-01,2023-12-30,Low,1097270.63,0,False,False,Dismissed,2024-09-06,251,0.0,False,Resolved,1
CC-2023-0028,High Court — KBD (TCC),JUD-05,2023-12-30,Low,1453995.58,2,False,False,Settled,2026-01-24,756,249550.58,True,Resolved,1
CC-2023-0952,Singapore International Comm.,JUD-09,2023-12-30,High,355405.54,4,False,False,Trial Judgment,2026-02-23,786,256991.73,False,Resolved,1
CC-2023-0416,US District Court — N.D. Cal.,JUD-08,2023-12-30,Medium,347218.83,2,False,False,Settled,2025-02-13,411,96006.82,False,Resolved,1
CC-2023-0395,London Commercial Court,JUD-02,2023-12-30,High,1726309.48,2,True,False,Settled,2026-01-29,761,240710.31,False,Resolved,1
CC-2023-0624,London Commercial Court,JUD-01,2023-12-30,Low,2735524.16,2,False,False,Settled,2024-08-05,219,1400805.21,False,Resolved,1
CC-2024-0314,Singapore International Comm.,JUD-09,2024-01-01,Low,1105830.61,3,False,False,Dismissed,2024-07-07,188,0.0,False,Resolved,1
CC-2024-0875,Singapore International Comm.,JUD-09,2024-01-01,Low,315625.6,2,True,True,Dismissed,2024-07-14,195,0.0,False,Resolved,1
CC-2024-0884,US District Court — N.D. Cal.,JUD-08,2024-01-01,Low,251941.69,2,False,False,Settled,2024-11-30,334,121555.98,False,Resolved,1
CC-2024-0785,High Court — Chancery Division,JUD-03,2024-01-01,High,3158587.06,12,True,False,,,911,,,Ongoing,0
CC-2024-1233,US District Court — N.D. Cal.,JUD-08,2024-01-01,High,177526.48,2,False,False,Trial Judgment,2025-06-23,539,146476.24,False,Resolved,1
CC-2024-0388,High Court — KBD (TCC),JUD-05,2024-01-01,Medium,657329.82,1,True,True,Dismissed,2024-09-25,268,0.0,False,Resolved,1
CC-2024-1008,High Court — KBD (TCC),JUD-05,2024-01-01,Medium,424768.15,3,False,False,Settled,2025-09-28,636,177997.63,False,Resolved,1
CC-2024-0266,US District Court — N.D. Cal.,JUD-08,2024-01-02,High,331705.01,4,True,False,,,910,,,Ongoing,0
CC-2024-0257,High Court — KBD (TCC),JUD-05,2024-01-02,Medium,1608745.93,1,True,False,Settled,2025-09-05,612,326220.82,False,Resolved,1
CC-2024-0554,High Court — KBD (TCC),JUD-05,2024-01-03,Low,1647192.73,3,True,False,Settled,2024-08-17,227,403272.2,False,Resolved,1
CC-2024-0921,US District Court — N.D. Cal.,JUD-08,2024-01-03,Medium,334817.45,0,False,False,Settled,2024-12-05,337,259291.84,False,Resolved,1
CC-2024-0998,London Commercial Court,JUD-02,2024-01-03,Medium,2523875.28,5,True,True,Dismissed,2024-09-15,256,0.0,False,Resolved,1
CC-2024-0715,US District Court — N.D. Cal.,JUD-08,2024-01-03,Low,410144.69,2,True,True,Dismissed,2024-06-15,164,0.0,False,Resolved,1
CC-2024-0505,US District Court — N.D. Cal.,JUD-08,2024-01-03,Low,284549.92,0,True,False,Dismissed,2024-06-21,170,0.0,False,Resolved,1
CC-2024-0082,US District Court — N.D. Cal.,JUD-08,2024-01-04,Medium,79970.33,2,False,False,Settled,2024-10-30,300,28285.94,False,Resolved,1
CC-2024-0471,London Commercial Court,JUD-02,2024-01-04,Low,429216.19,0,True,False,Settled,2024-09-23,263,114327.71,False,Resolved,1
CC-2024-0842,London Commercial Court,JUD-01,2024-01-04,Low,332866.78,0,False,False,Settled,2025-03-02,423,153754.29,False,Resolved,1
CC-2024-1187,High Court — KBD (TCC),JUD-05,2024-01-04,Low,488220.37,0,True,False,Dismissed,2024-07-07,185,0.0,False,Resolved,1
CC-2024-0442,Dubai International Fin. Centre,JUD-10,2024-01-05,Low,287425.8,0,False,False,Settled,2024-06-08,155,154834.45,False,Resolved,1
CC-2024-0071,High Court — Chancery Division,JUD-04,2024-01-05,Medium,450503.16,3,False,False,Settled,2025-01-11,372,30383.61,False,Resolved,1
CC-2024-0465,US District Court — N.D. Cal.,JUD-08,2024-01-05,High,1092614.93,2,False,False,Settled,2026-06-23,900,101361.68,False,Resolved,1
CC-2024-0755,High Court — KBD (TCC),JUD-05,2024-01-05,Low,132106.65,1,True,False,Settled,2025-03-04,424,43278.75,False,Resolved,1
CC-2024-1216,High Court — KBD (TCC),JUD-05,2024-01-06,Medium,1096163.04,2,False,False,Dismissed,2025-10-07,640,0.0,False,Resolved,1
CC-2024-0253,Singapore International Comm.,JUD-09,2024-01-06,Medium,181565.55,4,False,False,Settled,2025-03-21,440,37975.06,False,Resolved,1
CC-2024-0458,High Court — KBD (TCC),JUD-05,2024-01-06,Low,2177325.93,1,True,False,Settled,2025-07-22,563,1264985.28,False,Resolved,1
CC-2024-0113,London Commercial Court,JUD-01,2024-01-06,Medium,183934.73,2,False,False,Settled,2025-03-11,430,97629.96,False,Resolved,1
CC-2024-0753,London Commercial Court,JUD-01,2024-01-07,Low,1191978.47,1,False,False,Settled,2025-06-30,540,1070153.22,False,Resolved,1
CC-2024-0499,Dubai International Fin. Centre,JUD-10,2024-01-07,High,266567.59,5,False,False,Settled,2025-04-13,462,113334.75,False,Resolved,1
CC-2024-1043,US District Court — N.D. Cal.,JUD-08,2024-01-07,Medium,1790059.32,4,True,False,,,905,,,Ongoing,0
CC-2024-0575,US District Court — N.D. Cal.,JUD-08,2024-01-07,Medium,412207.33,1,False,False,Settled,2025-02-07,397,119099.26,False,Resolved,1
CC-2024-0294,US District Court — N.D. Cal.,JUD-08,2024-01-08,Low,243930.15,0,True,True,Dismissed,2024-04-25,108,0.0,False,Resolved,1
CC-2024-0855,High Court — Chancery Division,JUD-04,2024-01-08,Low,918799.68,3,False,False,Settled,2025-11-24,686,167614.08,False,Resolved,1
CC-2024-0681,US District Court — N.D. Cal.,JUD-08,2024-01-08,Low,1912407.34,4,False,False,Settled,2024-12-08,335,732459.1,False,Resolved,1
CC-2024-0279,US District Court — N.D. Cal.,JUD-08,2024-01-09,High,517351.51,4,False,False,Settled,2026-03-20,801,115872.74,False,Resolved,1
CC-2024-1139,London Commercial Court,JUD-01,2024-01-09,High,652598.57,6,True,False,Settled,2025-09-13,613,285617.9,False,Resolved,1
CC-2024-0560,Dubai International Fin. Centre,JUD-10,2024-01-09,Low,174424.39,1,True,True,Dismissed,2024-05-03,115,0.0,False,Resolved,1
CC-2024-0845,High Court — Chancery Division,JUD-03,2024-01-09,Medium,4065851.59,5,True,False,Settled,2025-12-22,713,1525069.18,False,Resolved,1
CC-2024-0241,London Commercial Court,JUD-02,2024-01-10,Low,224244.52,0,True,False,Dismissed,2024-07-05,177,0.0,False,Resolved,1
CC-2024-1194,High Court — KBD (TCC),JUD-05,2024-01-10,Low,265782.39,2,True,False,Settled,2024-08-06,209,91599.43,False,Resolved,1
CC-2024-0540,London Commercial Court,JUD-02,2024-01-10,High,380140.31,3,True,False,,,902,,,Ongoing,0
CC-2024-0102,US District Court — S.D.N.Y.,JUD-07,2024-01-10,Low,245269.78,0,True,False,Dismissed,2024-08-13,216,0.0,False,Resolved,1
CC-2024-0383,US District Court — S.D.N.Y.,JUD-06,2024-01-10,High,263802.43,4,False,False,,,902,,,Ongoing,0
CC-2024-0722,London Commercial Court,JUD-02,2024-01-10,Medium,364417.36,5,True,False,Settled,2024-12-16,341,167450.07,False,Resolved,1
CC-2024-0815,London Commercial Court,JUD-01,2024-01-11,Low,594669.06,0,True,True,Dismissed,2024-07-09,180,0.0,False,Resolved,1
CC-2024-0147,High Court — Chancery Division,JUD-04,2024-01-11,Medium,306776.24,2,False,False,Settled,2025-11-11,670,119964.35,False,Resolved,1
CC-2024-1238,US District Court — S.D.N.Y.,JUD-06,2024-01-11,Low,614677.66,0,False,False,Settled,2024-11-20,314,267823.74,False,Resolved,1
CC-2024-0563,US District Court — S.D.N.Y.,JUD-06,2024-01-11,Low,568195.07,3,False,False,Settled,2024-07-20,191,147139.74,False,Resolved,1
CC-2024-0103,US District Court — N.D. Cal.,JUD-08,2024-01-11,High,851279.12,5,False,False,Settled,2026-04-28,838,216212.93,False,Resolved,1
CC-2024-0092,London Commercial Court,JUD-02,2024-01-11,High,524362.89,3,False,False,Settled,2025-12-16,705,65761.25,False,Resolved,1
CC-2024-0533,High Court — KBD (TCC),JUD-05,2024-01-11,Low,3511492.16,5,True,False,Settled,2025-03-16,430,992736.06,False,Resolved,1
CC-2024-1199,Dubai International Fin. Centre,JUD-10,2024-01-12,Low,256820.53,1,False,False,Settled,2024-06-07,147,73733.53,False,Resolved,1
CC-2024-0918,US District Court — N.D. Cal.,JUD-08,2024-01-12,High,1636762.07,4,False,False,,,900,,,Ongoing,0
CC-2024-0751,London Commercial Court,JUD-01,2024-01-12,Medium,182539.87,5,True,False,Settled,2025-10-09,636,90893.93,False,Resolved,1
CC-2024-0410,High Court — Chancery Division,JUD-04,2024-01-12,Medium,111726.8,5,True,True,Dismissed,2025-01-05,359,0.0,False,Resolved,1
CC-2024-0440,High Court — Chancery Division,JUD-03,2024-01-13,High,355513.31,5,False,False,Settled,2026-06-08,877,63798.99,True,Resolved,1
CC-2024-0308,London Commercial Court,JUD-01,2024-01-13,High,655278.22,4,True,False,Settled,2025-05-14,487,155097.25,False,Resolved,1
CC-2024-1206,London Commercial Court,JUD-02,2024-01-13,High,487105.96,8,True,False,,,899,,,Ongoing,0
CC-2024-0680,US District Court — N.D. Cal.,JUD-08,2024-01-13,Low,1716092.19,2,False,False,Settled,2024-08-23,223,859526.27,False,Resolved,1
CC-2024-1195,High Court — KBD (TCC),JUD-05,2024-01-13,Medium,796258.83,1,True,True,Settled,2026-01-09,727,31202.47,False,Resolved,1
CC-2024-0297,Dubai International Fin. Centre,JUD-10,2024-01-14,Low,789824.23,1,False,False,Settled,2025-01-01,353,285714.23,True,Resolved,1
CC-2024-0204,Singapore International Comm.,JUD-09,2024-01-14,Medium,3763097.82,1,True,False,Settled,2025-01-22,374,2691018.53,False,Resolved,1
CC-2024-1230,US District Court — S.D.N.Y.,JUD-06,2024-01-14,Low,229077.37,1,True,True,Settled,2024-05-13,120,83948.27,False,Resolved,1
CC-2024-1086,US District Court — S.D.N.Y.,JUD-06,2024-01-14,Medium,606907.4,2,False,False,Settled,2025-06-22,525,262440.29,True,Resolved,1
CC-2024-0721,High Court — KBD (TCC),JUD-05,2024-01-15,Low,631592.16,0,True,False,Settled,2025-05-25,496,58663.39,True,Resolved,1
CC-2024-0536,Dubai International Fin. Centre,JUD-10,2024-01-15,Medium,90745.53,1,True,False,Dismissed,2024-10-10,269,0.0,False,Resolved,1
CC-2024-0385,High Court — Chancery Division,JUD-04,2024-01-15,High,980898.05,4,True,True,Dismissed,2025-02-24,406,0.0,False,Resolved,1
CC-2024-0719,London Commercial Court,JUD-02,2024-01-16,Medium,96396.11,2,False,False,Dismissed,2025-02-10,391,0.0,False,Resolved,1
CC-2024-0865,London Commercial Court,JUD-01,2024-01-16,Medium,1498346.2,0,False,False,,,896,,,Ongoing,0
CC-2024-1033,US District Court — S.D.N.Y.,JUD-06,2024-01-16,Medium,505587.54,1,True,False,,,896,,,Ongoing,0
CC-2024-1134,High Court — Chancery Division,JUD-03,2024-01-16,High,2436023.32,6,True,False,,,896,,,Ongoing,0
CC-2024-0960,US District Court — S.D.N.Y.,JUD-07,2024-01-16,Medium,441386.44,1,True,True,Dismissed,2024-06-18,154,0.0,False,Resolved,1
CC-2024-1219,London Commercial Court,JUD-01,2024-01-16,High,1975389.74,3,True,True,Dismissed,2025-04-08,448,0.0,False,Resolved,1
CC-2024-0928,London Commercial Court,JUD-01,2024-01-16,Medium,2914374.36,1,True,True,Settled,2025-04-02,442,1162314.81,False,Resolved,1
CC-2024-1165,High Court — Chancery Division,JUD-04,2024-01-17,Medium,920465.79,2,False,False,Settled,2024-11-08,296,586693.08,False,Resolved,1
CC-2024-0079,US District Court — N.D. Cal.,JUD-08,2024-01-17,Medium,246512.85,4,False,False,Settled,2025-06-21,521,47755.24,False,Resolved,1
CC-2024-0214,US District Court — N.D. Cal.,JUD-08,2024-01-17,Medium,186659.88,1,False,False,Settled,2024-07-13,178,48680.39,False,Resolved,1
CC-2024-0203,US District Court — S.D.N.Y.,JUD-06,2024-01-17,Medium,214560.83,2,True,False,Trial Judgment,2026-03-12,785,0.0,False,Resolved,1
CC-2024-0276,US District Court — N.D. Cal.,JUD-08,2024-01-18,Low,323014.29,0,False,False,Settled,2024-09-14,240,35378.0,False,Resolved,1
CC-2024-0305,US District Court — S.D.N.Y.,JUD-07,2024-01-18,Low,525303.14,3,False,False,Settled,2025-01-21,369,441913.87,False,Resolved,1
CC-2024-0977,High Court — Chancery Division,JUD-03,2024-01-18,Medium,373264.57,0,False,False,,,894,,,Ongoing,0
CC-2024-0758,London Commercial Court,JUD-01,2024-01-19,Low,1876967.92,2,True,True,Dismissed,2024-09-12,237,0.0,False,Resolved,1
CC-2024-0636,US District Court — S.D.N.Y.,JUD-06,2024-01-19,Medium,1052571.9,3,False,False,Dismissed,2024-10-07,262,0.0,False,Resolved,1
CC-2024-1107,High Court — KBD (TCC),JUD-05,2024-01-19,Low,416053.1,1,False,False,Settled,2025-04-11,448,294676.55,False,Resolved,1
CC-2024-1162,London Commercial Court,JUD-02,2024-01-19,Low,527414.88,2,True,False,Trial Judgment,2025-11-25,676,237234.39,False,Resolved,1
CC-2024-0190,US District Court — S.D.N.Y.,JUD-06,2024-01-20,Medium,147596.37,0,False,False,Settled,2024-09-01,225,61283.04,False,Resolved,1
CC-2024-0645,US District Court — S.D.N.Y.,JUD-07,2024-01-20,Medium,280631.09,1,False,False,Settled,2024-12-28,343,145539.89,True,Resolved,1
CC-2024-0396,Singapore International Comm.,JUD-09,2024-01-20,Medium,2250075.56,2,False,False,Settled,2025-02-25,402,1654191.33,False,Resolved,1
CC-2024-0538,Dubai International Fin. Centre,JUD-10,2024-01-20,Low,921285.02,0,True,True,Dismissed,2024-07-10,172,0.0,False,Resolved,1
CC-2024-0764,US District Court — S.D.N.Y.,JUD-07,2024-01-21,High,1240507.33,3,False,False,Settled,2026-01-13,723,406941.24,False,Resolved,1
CC-2024-0077,US District Court — N.D. Cal.,JUD-08,2024-01-21,Low,1195770.39,0,True,False,Settled,2024-12-02,316,93808.67,True,Resolved,1
CC-2024-0717,US District Court — S.D.N.Y.,JUD-06,2024-01-21,Medium,475482.62,1,True,True,Dismissed,2024-05-27,127,0.0,False,Resolved,1
CC-2024-1241,High Court — Chancery Division,JUD-03,2024-01-21,Medium,611211.37,3,True,False,Dismissed,2025-03-16,420,0.0,False,Resolved,1
CC-2024-0624,London Commercial Court,JUD-02,2024-01-21,Medium,1504311.59,1,True,False,,,891,,,Ongoing,0
CC-2024-0809,High Court — KBD (TCC),JUD-05,2024-01-22,Low,1414262.24,2,False,False,Settled,2025-04-28,462,244796.2,False,Resolved,1
CC-2024-0857,Singapore International Comm.,JUD-09,2024-01-22,Low,234910.23,1,False,False,Dismissed,2024-08-02,193,0.0,False,Resolved,1
CC-2024-0771,US District Court — S.D.N.Y.,JUD-06,2024-01-22,Medium,243297.54,2,False,False,Dismissed,2024-11-15,298,0.0,False,Resolved,1
CC-2024-1121,London Commercial Court,JUD-01,2024-01-22,Medium,919216.54,0,False,False,Settled,2026-03-02,770,110486.23,False,Resolved,1
CC-2024-0946,US District Court — S.D.N.Y.,JUD-06,2024-01-22,Low,390456.24,2,True,False,Dismissed,2025-09-23,610,0.0,False,Resolved,1
CC-2024-0448,High Court — KBD (TCC),JUD-05,2024-01-23,Low,432051.73,0,True,False,Settled,2025-04-06,439,150639.39,False,Resolved,1
CC-2024-0709,US District Court — S.D.N.Y.,JUD-07,2024-01-23,High,147259.61,5,True,False,Settled,2026-02-11,750,30559.98,False,Resolved,1
CC-2024-0336,Singapore International Comm.,JUD-09,2024-01-24,Medium,488046.06,2,False,False,Settled,2024-11-05,286,49282.88,False,Resolved,1
CC-2024-0588,High Court — Chancery Division,JUD-03,2024-01-24,Medium,427620.65,0,False,False,Settled,2025-07-19,542,207960.91,False,Resolved,1
CC-2024-0773,London Commercial Court,JUD-02,2024-01-24,Medium,154712.45,1,False,False,Settled,2024-11-27,308,116778.85,False,Resolved,1
CC-2024-0379,Dubai International Fin. Centre,JUD-10,2024-01-24,Medium,161640.68,3,False,False,Settled,2025-01-21,363,83123.77,False,Resolved,1
CC-2024-0711,High Court — KBD (TCC),JUD-05,2024-01-24,Medium,485841.63,4,True,False,,,888,,,Ongoing,0
CC-2024-0474,High Court — KBD (TCC),JUD-05,2024-01-25,Low,141547.94,1,False,False,Settled,2024-12-25,335,61193.94,True,Resolved,1
CC-2024-0608,High Court — KBD (TCC),JUD-05,2024-01-25,High,751162.16,3,True,False,,,887,,,Ongoing,0
CC-2024-1186,High Court — Chancery Division,JUD-04,2024-01-25,High,918424.48,4,False,False,,,887,,,Ongoing,0
CC-2024-0898,Dubai International Fin. Centre,JUD-10,2024-01-26,Low,64828.54,1,False,False,Dismissed,2024-05-25,120,0.0,False,Resolved,1
CC-2024-0250,US District Court — S.D.N.Y.,JUD-07,2024-01-26,Low,55167.08,1,False,False,Dismissed,2024-07-31,187,0.0,False,Resolved,1
CC-2024-0261,High Court — Chancery Division,JUD-04,2024-01-27,Medium,1538990.86,3,True,True,Dismissed,2024-07-27,182,0.0,False,Resolved,1
CC-2024-0267,London Commercial Court,JUD-01,2024-01-27,Medium,2914801.06,3,True,False,Settled,2025-02-16,386,309358.7,False,Resolved,1
CC-2024-0024,London Commercial Court,JUD-01,2024-01-27,Medium,319380.44,5,True,False,Settled,2025-01-29,368,183818.02,False,Resolved,1
CC-2024-0476,High Court — Chancery Division,JUD-03,2024-01-28,High,600378.34,5,True,False,,,884,,,Ongoing,0
CC-2024-1253,London Commercial Court,JUD-01,2024-01-28,Medium,207902.05,4,True,True,Dismissed,2024-09-27,243,0.0,False,Resolved,1
CC-2024-0171,High Court — KBD (TCC),JUD-05,2024-01-28,Medium,742047.19,4,True,False,Settled,2025-07-07,526,188381.62,False,Resolved,1
CC-2024-1063,High Court — KBD (TCC),JUD-05,2024-01-28,High,406256.76,4,True,False,,,884,,,Ongoing,0
CC-2024-0245,US District Court — S.D.N.Y.,JUD-06,2024-01-28,High,936371.55,4,True,False,Settled,2026-05-19,842,299193.68,False,Resolved,1
CC-2024-0356,US District Court — N.D. Cal.,JUD-08,2024-01-28,Medium,2364826.08,4,False,False,Settled,2024-12-06,313,881403.01,False,Resolved,1
CC-2024-0031,High Court — Chancery Division,JUD-03,2024-01-29,Medium,456612.02,1,False,False,Settled,2024-10-21,266,225377.26,False,Resolved,1
CC-2024-0012,High Court — Chancery Division,JUD-03,2024-01-29,Medium,695316.38,3,False,False,Dismissed,2024-11-12,288,0.0,False,Resolved,1
CC-2024-0007,US District Court — N.D. Cal.,JUD-08,2024-01-29,Low,2835749.81,1,False,False,Settled,2025-01-15,352,2537534.13,False,Resolved,1
CC-2024-0373,London Commercial Court,JUD-01,2024-01-30,Low,506281.56,1,False,False,Settled,2025-02-20,387,188811.37,True,Resolved,1
CC-2024-1020,High Court — KBD (TCC),JUD-05,2024-01-30,Medium,562310.34,0,True,False,Settled,2025-07-09,526,193396.96,False,Resolved,1
CC-2024-1152,London Commercial Court,JUD-01,2024-01-30,Low,580750.98,0,True,False,Settled,2024-07-10,162,65486.09,False,Resolved,1
CC-2024-0014,US District Court — S.D.N.Y.,JUD-07,2024-01-30,Low,115108.9,0,False,False,Dismissed,2024-08-11,194,0.0,False,Resolved,1
CC-2024-0142,Dubai International Fin. Centre,JUD-10,2024-01-30,Low,1992503.04,3,True,False,Settled,2024-09-12,226,1365418.53,False,Resolved,1
CC-2024-0594,London Commercial Court,JUD-02,2024-01-30,Medium,469389.65,1,True,False,Settled,2024-12-08,313,306074.31,False,Resolved,1
CC-2024-0337,US District Court — S.D.N.Y.,JUD-06,2024-01-30,Low,320461.63,2,False,False,Settled,2024-10-24,268,86436.21,False,Resolved,1
CC-2024-1164,London Commercial Court,JUD-01,2024-01-31,Low,1295091.94,1,False,False,Settled,2025-07-18,534,593740.6,False,Resolved,1
CC-2024-0115,London Commercial Court,JUD-02,2024-01-31,Medium,2393208.25,2,False,False,Settled,2026-06-12,863,235928.19,False,Resolved,1
CC-2024-1024,High Court — Chancery Division,JUD-03,2024-01-31,Medium,754890.0,4,False,False,Dismissed,2025-11-16,655,0.0,False,Resolved,1
CC-2024-0351,Dubai International Fin. Centre,JUD-10,2024-01-31,Medium,52706.8,2,False,False,Dismissed,2024-11-10,284,0.0,False,Resolved,1
CC-2024-1116,US District Court — S.D.N.Y.,JUD-07,2024-02-01,Medium,498196.2,2,True,False,Settled,2024-12-10,313,127699.08,False,Resolved,1
CC-2024-0802,London Commercial Court,JUD-01,2024-02-01,Low,194071.02,0,False,False,Dismissed,2024-07-22,172,0.0,False,Resolved,1
CC-2024-1255,Singapore International Comm.,JUD-09,2024-02-01,High,1103722.34,4,False,False,Settled,2025-08-22,568,260183.87,False,Resolved,1
CC-2024-1027,Singapore International Comm.,JUD-09,2024-02-01,Medium,275265.48,3,False,False,Settled,2024-12-24,327,65429.47,False,Resolved,1
CC-2024-0647,Dubai International Fin. Centre,JUD-10,2024-02-02,Low,442196.53,2,False,False,Settled,2024-10-28,269,328583.05,False,Resolved,1
CC-2024-1061,High Court — KBD (TCC),JUD-05,2024-02-03,Medium,1418595.65,0,False,False,Settled,2025-07-31,544,706435.17,False,Resolved,1
CC-2024-0398,London Commercial Court,JUD-01,2024-02-03,Low,130365.24,1,False,False,Settled,2025-01-01,333,25735.06,False,Resolved,1
CC-2024-1158,Dubai International Fin. Centre,JUD-10,2024-02-03,High,317706.42,5,True,False,Trial Judgment,2025-11-03,639,0.0,False,Resolved,1
CC-2024-0189,Singapore International Comm.,JUD-09,2024-02-03,Medium,212054.3,0,True,True,Dismissed,2024-08-25,204,0.0,False,Resolved,1
CC-2024-1023,US District Court — S.D.N.Y.,JUD-06,2024-02-03,Medium,76790.37,0,True,False,Dismissed,2024-09-11,221,0.0,False,Resolved,1
CC-2024-0109,US District Court — S.D.N.Y.,JUD-07,2024-02-03,Medium,331886.6,3,True,False,Settled,2024-11-02,273,152059.64,False,Resolved,1
CC-2024-0676,High Court — KBD (TCC),JUD-05,2024-02-03,High,400075.18,3,False,False,Dismissed,2026-05-12,829,0.0,False,Resolved,1
CC-2024-0069,US District Court — N.D. Cal.,JUD-08,2024-02-03,Low,207508.96,1,False,False,Dismissed,2024-07-20,168,0.0,False,Resolved,1
CC-2024-0627,US District Court — S.D.N.Y.,JUD-07,2024-02-03,Low,685097.61,0,True,True,Dismissed,2024-05-24,111,0.0,False,Resolved,1
CC-2024-0664,US District Court — N.D. Cal.,JUD-08,2024-02-03,Medium,297403.11,1,False,False,Trial Judgment,2025-05-07,459,0.0,False,Resolved,1
CC-2024-1215,High Court — Chancery Division,JUD-04,2024-02-04,High,1702018.98,6,False,False,,,877,,,Ongoing,0
CC-2024-1204,Singapore International Comm.,JUD-09,2024-02-04,Medium,1260305.23,2,False,False,Settled,2024-12-31,331,986657.22,False,Resolved,1
CC-2024-0055,US District Court — S.D.N.Y.,JUD-06,2024-02-04,Low,1370591.3,3,False,False,Settled,2024-09-27,236,295676.3,False,Resolved,1
CC-2024-0240,London Commercial Court,JUD-02,2024-02-04,Medium,647587.19,2,True,False,Settled,2025-08-17,560,370827.32,False,Resolved,1
CC-2024-1148,London Commercial Court,JUD-02,2024-02-04,Low,101628.71,0,False,False,Settled,2024-08-09,187,30996.1,False,Resolved,1
CC-2024-0944,High Court — Chancery Division,JUD-04,2024-02-05,Low,5688824.0,1,True,False,Settled,2024-11-21,290,344244.21,False,Resolved,1
CC-2024-1097,Singapore International Comm.,JUD-09,2024-02-05,Medium,117233.99,0,True,False,Settled,2024-10-07,245,64013.52,False,Resolved,1
CC-2024-0872,High Court — KBD (TCC),JUD-05,2024-02-06,Medium,437236.62,1,True,False,Settled,2025-01-04,333,57574.65,False,Resolved,1
CC-2024-0706,High Court — Chancery Division,JUD-03,2024-02-06,High,109970.5,4,True,False,,,875,,,Ongoing,0
CC-2024-1126,High Court — Chancery Division,JUD-03,2024-02-06,Medium,1712126.93,2,False,False,Settled,2026-02-26,751,371631.57,False,Resolved,1
CC-2024-0403,London Commercial Court,JUD-01,2024-02-06,Medium,782189.07,3,True,False,,,875,,,Ongoing,0
CC-2024-0028,US District Court — S.D.N.Y.,JUD-06,2024-02-06,High,642243.67,3,True,True,Dismissed,2024-09-04,211,0.0,False,Resolved,1
CC-2024-1211,US District Court — S.D.N.Y.,JUD-07,2024-02-06,Low,142050.39,3,True,False,Dismissed,2024-08-18,194,0.0,False,Resolved,1
CC-2024-0346,London Commercial Court,JUD-01,2024-02-06,Medium,792912.08,4,True,True,Settled,2024-11-15,283,296576.2,False,Resolved,1
CC-2024-0183,High Court — KBD (TCC),JUD-05,2024-02-07,Low,103863.18,0,False,False,Settled,2024-09-18,224,26771.74,False,Resolved,1
CC-2024-0972,High Court — Chancery Division,JUD-03,2024-02-07,Low,955500.5,3,True,True,Dismissed,2024-09-28,234,0.0,False,Resolved,1
CC-2024-0263,US District Court — N.D. Cal.,JUD-08,2024-02-07,Low,365078.62,0,False,False,Settled,2025-10-20,621,275501.77,True,Resolved,1
CC-2024-0604,Singapore International Comm.,JUD-09,2024-02-07,Medium,510787.84,4,False,False,Settled,2025-05-26,474,56403.7,False,Resolved,1
CC-2024-0837,London Commercial Court,JUD-02,2024-02-07,Medium,428468.52,3,True,False,Settled,2025-07-22,531,43112.68,False,Resolved,1
CC-2024-0026,US District Court — S.D.N.Y.,JUD-06,2024-02-08,Low,1651713.0,2,True,False,Settled,2025-09-06,576,700989.67,False,Resolved,1
CC-2024-1147,Singapore International Comm.,JUD-09,2024-02-08,High,494959.87,1,False,False,Settled,2025-09-26,596,83741.88,False,Resolved,1
CC-2024-0997,Singapore International Comm.,JUD-09,2024-02-09,Medium,6019561.84,6,True,True,Dismissed,2024-12-18,313,0.0,False,Resolved,1
CC-2024-1113,Singapore International Comm.,JUD-09,2024-02-10,Low,999719.49,1,False,False,Settled,2024-11-02,266,323400.38,False,Resolved,1
CC-2024-0486,London Commercial Court,JUD-02,2024-02-10,Low,362806.86,1,True,False,Settled,2025-01-28,353,168788.47,False,Resolved,1
CC-2024-0088,High Court — KBD (TCC),JUD-05,2024-02-10,Medium,424754.36,1,False,False,Settled,2025-01-08,333,213847.02,False,Resolved,1
CC-2024-0401,US District Court — S.D.N.Y.,JUD-06,2024-02-11,Low,652901.05,1,True,False,Dismissed,2024-08-04,175,0.0,False,Resolved,1
CC-2024-0987,US District Court — S.D.N.Y.,JUD-07,2024-02-11,Medium,171236.14,4,True,True,Dismissed,2025-04-23,437,0.0,False,Resolved,1
CC-2024-0504,High Court — Chancery Division,JUD-04,2024-02-11,High,148819.57,3,False,False,Settled,2026-03-29,777,48886.37,False,Resolved,1
CC-2024-0509,High Court — Chancery Division,JUD-04,2024-02-11,Medium,289821.27,2,False,False,Dismissed,2025-02-26,381,0.0,False,Resolved,1
CC-2024-0885,Dubai International Fin. Centre,JUD-10,2024-02-12,Medium,318324.88,4,False,False,Settled,2025-07-28,532,231711.85,False,Resolved,1
CC-2024-1050,London Commercial Court,JUD-01,2024-02-13,Medium,1191705.58,4,False,False,Settled,2025-10-20,615,400131.66,False,Resolved,1
CC-2024-0399,High Court — KBD (TCC),JUD-05,2024-02-13,Low,492542.89,0,False,False,Settled,2025-01-13,335,170941.45,False,Resolved,1
CC-2024-0123,London Commercial Court,JUD-01,2024-02-14,Medium,521951.65,1,False,False,Settled,2025-03-08,388,150254.15,False,Resolved,1
CC-2024-0937,US District Court — S.D.N.Y.,JUD-07,2024-02-14,Medium,349655.79,1,False,False,Settled,2024-12-21,311,186721.36,False,Resolved,1
CC-2024-0152,US District Court — N.D. Cal.,JUD-08,2024-02-14,Medium,456885.37,2,False,False,Settled,2024-11-01,261,149449.0,False,Resolved,1
CC-2024-0692,US District Court — N.D. Cal.,JUD-08,2024-02-14,Medium,1453057.99,3,True,False,Settled,2025-02-28,380,568477.45,False,Resolved,1
CC-2024-0701,London Commercial Court,JUD-01,2024-02-14,Medium,382587.82,2,False,False,Settled,2025-08-04,537,144543.43,False,Resolved,1
CC-2024-0566,High Court — Chancery Division,JUD-04,2024-02-15,Medium,551397.38,3,True,False,Settled,2025-10-03,596,171558.23,False,Resolved,1
CC-2024-0111,High Court — KBD (TCC),JUD-05,2024-02-15,Medium,324851.0,1,False,False,Dismissed,2025-12-11,665,0.0,False,Resolved,1
CC-2024-0416,Singapore International Comm.,JUD-09,2024-02-16,Low,534449.66,2,True,False,Dismissed,2024-08-15,181,0.0,False,Resolved,1
CC-2024-0461,High Court — Chancery Division,JUD-04,2024-02-16,Medium,4080578.24,5,False,False,Dismissed,2026-03-07,750,0.0,False,Resolved,1
CC-2024-0840,Dubai International Fin. Centre,JUD-10,2024-02-16,Low,2894998.96,1,True,False,Settled,2025-03-28,406,706282.42,False,Resolved,1
CC-2024-1013,High Court — Chancery Division,JUD-04,2024-02-16,Medium,656067.47,4,False,False,,,865,,,Ongoing,0
CC-2024-0280,Singapore International Comm.,JUD-09,2024-02-17,Medium,286441.05,6,False,False,Settled,2025-06-13,482,133064.94,False,Resolved,1
CC-2024-1150,Singapore International Comm.,JUD-09,2024-02-17,High,275980.13,3,False,False,Dismissed,2026-02-02,716,0.0,False,Resolved,1
CC-2024-0194,London Commercial Court,JUD-02,2024-02-17,High,598097.37,4,True,False,Settled,2026-05-27,830,166003.78,False,Resolved,1
CC-2024-1085,London Commercial Court,JUD-02,2024-02-18,High,3800973.1,3,True,False,,,863,,,Ongoing,0
CC-2024-0438,High Court — Chancery Division,JUD-04,2024-02-18,Low,919953.04,1,True,True,Dismissed,2024-10-20,245,0.0,False,Resolved,1
CC-2024-0926,High Court — Chancery Division,JUD-04,2024-02-18,Medium,63783.81,1,False,False,Settled,2025-04-25,432,16124.77,False,Resolved,1
CC-2024-0011,High Court — Chancery Division,JUD-03,2024-02-19,Low,3566132.2,5,False,False,Settled,2025-09-16,575,1156494.86,False,Resolved,1
CC-2024-0786,Dubai International Fin. Centre,JUD-10,2024-02-19,Medium,361579.32,0,True,False,Settled,2025-02-14,361,90618.6,False,Resolved,1
CC-2024-0886,US District Court — S.D.N.Y.,JUD-07,2024-02-19,Medium,509142.28,3,True,True,Dismissed,2024-06-25,127,0.0,False,Resolved,1
CC-2024-0272,High Court — KBD (TCC),JUD-05,2024-02-20,Low,175575.56,1,False,False,Trial Judgment,2025-02-22,368,109986.55,False,Resolved,1
CC-2024-0696,Dubai International Fin. Centre,JUD-10,2024-02-20,Medium,679227.39,3,True,False,Settled,2025-05-03,438,308202.15,False,Resolved,1
CC-2024-0557,US District Court — S.D.N.Y.,JUD-07,2024-02-20,Medium,891007.0,1,True,False,Settled,2025-05-12,447,447216.5,False,Resolved,1
CC-2024-0188,London Commercial Court,JUD-02,2024-02-21,High,58420.69,1,False,False,Settled,2024-11-24,277,13763.9,False,Resolved,1
CC-2024-0775,High Court — Chancery Division,JUD-04,2024-02-21,Medium,246000.58,2,True,False,Settled,2025-05-12,446,73345.28,False,Resolved,1
CC-2024-1005,High Court — KBD (TCC),JUD-05,2024-02-21,Low,636190.44,1,False,False,Settled,2024-12-17,300,266826.85,False,Resolved,1
CC-2024-0429,US District Court — N.D. Cal.,JUD-08,2024-02-22,Medium,374400.93,1,False,False,Settled,2026-02-06,715,87660.8,False,Resolved,1
CC-2024-0838,London Commercial Court,JUD-01,2024-02-22,High,762810.52,3,True,False,Settled,2026-04-23,791,299752.2,False,Resolved,1
CC-2024-0455,London Commercial Court,JUD-02,2024-02-22,Medium,2176992.6,0,False,False,Settled,2025-11-11,628,729472.12,False,Resolved,1
CC-2024-0720,Dubai International Fin. Centre,JUD-10,2024-02-22,Medium,652488.71,3,True,False,,,859,,,Ongoing,0
CC-2024-0734,London Commercial Court,JUD-01,2024-02-22,High,339821.51,3,True,False,Dismissed,2025-10-25,611,0.0,False,Resolved,1
CC-2024-0889,London Commercial Court,JUD-01,2024-02-23,Low,403407.75,0,True,True,Dismissed,2024-10-11,231,0.0,False,Resolved,1
CC-2024-0639,London Commercial Court,JUD-01,2024-02-23,Low,328391.91,1,True,True,Dismissed,2024-08-15,174,0.0,False,Resolved,1
CC-2024-1066,Dubai International Fin. Centre,JUD-10,2024-02-24,Medium,159447.49,1,True,False,Trial Judgment,2025-10-04,588,139114.5,False,Resolved,1
CC-2024-0995,High Court — Chancery Division,JUD-03,2024-02-24,Medium,151577.37,1,False,False,Settled,2026-02-08,715,55078.91,False,Resolved,1
CC-2024-0369,London Commercial Court,JUD-01,2024-02-24,High,636902.06,2,True,True,Settled,2025-01-11,322,262956.81,False,Resolved,1
CC-2024-1105,Singapore International Comm.,JUD-09,2024-02-24,High,2229504.03,3,False,False,Settled,2026-05-13,809,1313213.62,False,Resolved,1
CC-2024-0874,US District Court — S.D.N.Y.,JUD-06,2024-02-25,Low,290197.23,1,True,False,Settled,2024-11-13,262,146826.75,False,Resolved,1
CC-2024-0514,High Court — Chancery Division,JUD-04,2024-02-25,Low,523312.46,0,False,False,Settled,2025-04-10,410,214130.15,False,Resolved,1
CC-2024-0550,High Court — Chancery Division,JUD-03,2024-02-25,Medium,395163.44,2,False,False,Dismissed,2025-12-12,656,0.0,False,Resolved,1
CC-2024-0331,US District Court — S.D.N.Y.,JUD-07,2024-02-25,Medium,152265.79,1,True,True,Dismissed,2024-08-06,163,0.0,False,Resolved,1
CC-2024-0848,Dubai International Fin. Centre,JUD-10,2024-02-26,Medium,742317.14,1,True,False,Trial Judgment,2025-10-21,603,0.0,False,Resolved,1
CC-2024-0485,London Commercial Court,JUD-01,2024-02-26,Medium,390741.98,6,True,False,Settled,2025-12-31,674,136008.43,False,Resolved,1
CC-2024-0807,High Court — Chancery Division,JUD-03,2024-02-26,Medium,6964830.07,4,True,False,Dismissed,2025-06-26,486,0.0,False,Resolved,1
CC-2024-0173,Singapore International Comm.,JUD-09,2024-02-27,Medium,2079276.42,2,True,True,Dismissed,2025-02-07,346,0.0,False,Resolved,1
CC-2024-1118,Dubai International Fin. Centre,JUD-10,2024-02-27,High,577002.84,4,False,False,Settled,2025-11-27,639,211348.51,False,Resolved,1
CC-2024-0291,US District Court — N.D. Cal.,JUD-08,2024-02-27,Medium,445426.99,4,True,False,Dismissed,2026-01-04,677,0.0,False,Resolved,1
CC-2024-0638,High Court — KBD (TCC),JUD-05,2024-02-28,Medium,341772.58,2,False,False,Settled,2025-11-24,635,90267.41,False,Resolved,1
CC-2024-0694,London Commercial Court,JUD-02,2024-02-28,Medium,328434.79,4,True,True,Dismissed,2025-11-23,634,0.0,False,Resolved,1
CC-2024-0236,Singapore International Comm.,JUD-09,2024-02-28,Medium,433612.0,0,False,False,Trial Judgment,2025-05-15,442,333888.05,False,Resolved,1
CC-2024-0736,London Commercial Court,JUD-01,2024-02-29,Low,409739.5,4,True,True,Dismissed,2024-08-13,166,0.0,False,Resolved,1
CC-2024-0229,High Court — Chancery Division,JUD-04,2024-02-29,Low,632819.88,0,False,False,Dismissed,2024-11-19,264,0.0,False,Resolved,1
CC-2024-1231,High Court — Chancery Division,JUD-04,2024-02-29,Low,183464.33,1,False,False,Dismissed,2025-01-07,313,0.0,False,Resolved,1
CC-2024-0584,High Court — Chancery Division,JUD-03,2024-02-29,High,664432.68,6,False,False,,,852,,,Ongoing,0
CC-2024-0851,London Commercial Court,JUD-02,2024-02-29,Low,541633.03,1,False,False,Settled,2024-11-18,263,148133.81,False,Resolved,1
CC-2024-1057,London Commercial Court,JUD-01,2024-03-01,Medium,332627.2,4,False,False,Settled,2025-06-14,470,88351.23,False,Resolved,1
CC-2024-0824,US District Court — N.D. Cal.,JUD-08,2024-03-01,Medium,118749.38,1,False,False,Settled,2025-04-30,425,48253.27,False,Resolved,1
CC-2024-1039,High Court — KBD (TCC),JUD-05,2024-03-01,Medium,1063574.36,2,True,False,Settled,2025-09-15,563,164239.5,False,Resolved,1
CC-2024-0700,US District Court — S.D.N.Y.,JUD-07,2024-03-02,Low,1519407.89,2,False,False,Settled,2025-02-21,356,663912.11,False,Resolved,1
CC-2024-0551,London Commercial Court,JUD-01,2024-03-02,Low,358178.12,1,True,False,Settled,2025-06-19,474,91437.81,False,Resolved,1
CC-2024-0344,US District Court — N.D. Cal.,JUD-08,2024-03-02,Medium,510679.6,2,True,False,Dismissed,2024-09-04,186,0.0,False,Resolved,1
CC-2024-0464,High Court — KBD (TCC),JUD-05,2024-03-03,Medium,376109.05,2,True,False,Settled,2025-04-12,405,169280.08,False,Resolved,1
CC-2024-1089,US District Court — S.D.N.Y.,JUD-07,2024-03-04,Medium,610111.61,2,True,False,Settled,2025-03-26,387,362380.38,False,Resolved,1
CC-2024-0200,US District Court — S.D.N.Y.,JUD-06,2024-03-04,High,1624563.77,9,False,False,Settled,2025-04-09,401,1019836.98,False,Resolved,1
CC-2024-1229,London Commercial Court,JUD-02,2024-03-05,Medium,643366.26,4,False,False,Dismissed,2024-12-09,279,0.0,False,Resolved,1
CC-2024-0469,High Court — KBD (TCC),JUD-05,2024-03-05,Low,1292567.11,2,True,False,Settled,2025-08-11,524,359578.69,False,Resolved,1
CC-2024-0847,London Commercial Court,JUD-02,2024-03-05,High,277114.75,3,False,False,Dismissed,2025-03-15,375,0.0,False,Resolved,1
CC-2024-0047,Singapore International Comm.,JUD-09,2024-03-05,Medium,2106998.9,6,True,False,Settled,2025-05-01,422,770193.03,False,Resolved,1
CC-2024-1136,US District Court — N.D. Cal.,JUD-08,2024-03-05,Low,713505.21,1,False,False,Settled,2025-03-18,378,101705.56,False,Resolved,1
CC-2024-0477,High Court — KBD (TCC),JUD-05,2024-03-06,Medium,354096.81,0,True,False,Dismissed,2025-05-26,446,0.0,False,Resolved,1
CC-2024-0211,US District Court — N.D. Cal.,JUD-08,2024-03-06,Medium,198920.3,3,True,False,Settled,2025-10-10,583,63070.16,False,Resolved,1
CC-2024-0795,US District Court — N.D. Cal.,JUD-08,2024-03-06,Medium,113059.83,1,False,False,Dismissed,2025-03-01,360,0.0,False,Resolved,1
CC-2024-0500,London Commercial Court,JUD-01,2024-03-06,High,335718.95,4,True,False,,,846,,,Ongoing,0
CC-2024-0555,High Court — Chancery Division,JUD-03,2024-03-08,Low,176344.76,0,False,False,Settled,2024-06-14,98,28475.93,False,Resolved,1
CC-2024-0192,US District Court — S.D.N.Y.,JUD-07,2024-03-08,Medium,1233323.88,3,False,False,Settled,2025-12-29,661,231564.56,False,Resolved,1
CC-2024-0774,US District Court — N.D. Cal.,JUD-08,2024-03-08,Low,156484.7,1,False,False,Dismissed,2024-09-07,183,0.0,False,Resolved,1
CC-2024-1040,Dubai International Fin. Centre,JUD-10,2024-03-09,Medium,245095.7,1,False,False,Dismissed,2025-02-28,356,0.0,False,Resolved,1
CC-2024-0452,Singapore International Comm.,JUD-09,2024-03-09,High,579965.52,3,False,False,Settled,2025-11-03,604,119415.27,False,Resolved,1
CC-2024-1100,High Court — Chancery Division,JUD-04,2024-03-10,Low,442543.9,2,False,False,Trial Judgment,2025-02-12,339,200310.37,False,Resolved,1
CC-2024-0358,London Commercial Court,JUD-01,2024-03-10,Low,1034121.65,2,True,False,Settled,2025-07-30,507,332621.67,False,Resolved,1
CC-2024-0422,US District Court — N.D. Cal.,JUD-08,2024-03-10,Low,150212.66,3,True,False,Dismissed,2024-11-23,258,0.0,False,Resolved,1
CC-2024-0345,Dubai International Fin. Centre,JUD-10,2024-03-10,Low,143241.6,2,True,False,Dismissed,2024-07-23,135,0.0,False,Resolved,1
CC-2024-0905,High Court — KBD (TCC),JUD-05,2024-03-11,High,992529.26,5,True,False,,,841,,,Ongoing,0
CC-2024-0124,US District Court — N.D. Cal.,JUD-08,2024-03-11,Medium,1156889.38,2,True,False,Settled,2025-09-13,551,725510.58,True,Resolved,1
CC-2024-1021,High Court — Chancery Division,JUD-04,2024-03-12,Medium,2290367.38,3,False,False,Settled,2026-06-06,816,347327.39,False,Resolved,1
CC-2024-0493,High Court — KBD (TCC),JUD-05,2024-03-13,Low,424069.92,0,False,False,Settled,2025-04-17,400,202718.44,False,Resolved,1
CC-2024-1242,US District Court — N.D. Cal.,JUD-08,2024-03-13,Low,885117.13,3,True,False,Settled,2025-09-20,556,579618.93,True,Resolved,1
CC-2024-0673,High Court — KBD (TCC),JUD-05,2024-03-14,Medium,1592714.48,6,False,False,,,838,,,Ongoing,0
CC-2024-1236,London Commercial Court,JUD-02,2024-03-14,Low,918784.7,0,False,False,Settled,2024-11-07,238,375026.69,False,Resolved,1
CC-2024-1102,London Commercial Court,JUD-01,2024-03-15,Low,1061125.97,3,True,False,Settled,2025-05-16,427,128485.82,False,Resolved,1
CC-2024-0125,London Commercial Court,JUD-02,2024-03-15,Low,771960.65,4,True,False,Settled,2025-02-27,349,229056.71,False,Resolved,1
CC-2024-0166,London Commercial Court,JUD-02,2024-03-15,Medium,182914.66,1,False,False,Dismissed,2025-03-07,357,0.0,False,Resolved,1
CC-2024-0822,US District Court — S.D.N.Y.,JUD-07,2024-03-16,Medium,387204.72,1,False,False,Dismissed,2025-04-16,396,0.0,False,Resolved,1
CC-2024-0908,US District Court — S.D.N.Y.,JUD-06,2024-03-16,Low,743617.94,1,True,True,Dismissed,2024-10-20,218,0.0,False,Resolved,1
CC-2024-0765,High Court — KBD (TCC),JUD-05,2024-03-16,Low,188209.44,0,False,False,Settled,2025-06-24,465,62291.81,False,Resolved,1
CC-2024-0539,London Commercial Court,JUD-02,2024-03-16,Medium,284764.78,3,False,False,,,836,,,Ongoing,0
CC-2024-0426,High Court — Chancery Division,JUD-03,2024-03-17,Low,276455.33,2,False,False,Settled,2025-05-15,424,67581.93,False,Resolved,1
CC-2024-0058,Dubai International Fin. Centre,JUD-10,2024-03-17,Low,572174.37,0,False,False,Settled,2024-07-10,115,57756.55,False,Resolved,1
CC-2024-0835,London Commercial Court,JUD-01,2024-03-17,High,472811.17,6,False,False,,,835,,,Ongoing,0
CC-2024-0609,Dubai International Fin. Centre,JUD-10,2024-03-17,High,652358.94,3,False,False,Settled,2026-03-13,726,302950.95,False,Resolved,1
CC-2024-0220,High Court — KBD (TCC),JUD-05,2024-03-18,Medium,954410.31,3,True,False,Dismissed,2025-06-08,447,0.0,False,Resolved,1
CC-2024-0553,High Court — Chancery Division,JUD-04,2024-03-18,Low,2218393.14,0,False,False,,,834,,,Ongoing,0
CC-2024-0259,High Court — Chancery Division,JUD-03,2024-03-18,Low,2270066.48,2,True,False,Settled,2025-04-27,405,1133600.86,True,Resolved,1
CC-2024-0829,High Court — Chancery Division,JUD-04,2024-03-18,High,217579.57,5,False,False,,,834,,,Ongoing,0
CC-2024-1081,US District Court — N.D. Cal.,JUD-08,2024-03-18,Low,696149.84,1,True,False,Settled,2025-06-17,456,525797.67,True,Resolved,1
CC-2024-0285,High Court — KBD (TCC),JUD-05,2024-03-18,Medium,194230.9,1,False,False,Settled,2025-07-24,493,59601.71,True,Resolved,1
CC-2024-1111,High Court — KBD (TCC),JUD-05,2024-03-18,Medium,978901.43,3,False,False,Settled,2025-04-12,390,66624.48,False,Resolved,1
CC-2024-1142,US District Court — N.D. Cal.,JUD-08,2024-03-19,Medium,302362.36,2,False,False,,,833,,,Ongoing,0
CC-2024-1246,US District Court — N.D. Cal.,JUD-08,2024-03-19,Low,2134985.69,1,True,False,Settled,2024-11-29,255,1442775.62,False,Resolved,1
CC-2024-0919,High Court — Chancery Division,JUD-03,2024-03-20,Low,3580046.79,2,True,False,Settled,2025-03-21,366,1191825.86,False,Resolved,1
CC-2024-0436,High Court — Chancery Division,JUD-03,2024-03-20,High,2137304.19,5,False,False,,,832,,,Ongoing,0
CC-2024-0252,London Commercial Court,JUD-02,2024-03-20,Medium,725145.09,5,True,False,Settled,2025-05-19,425,88082.61,False,Resolved,1
CC-2024-0666,London Commercial Court,JUD-02,2024-03-20,Medium,480820.55,1,False,False,Settled,2025-05-19,425,109855.91,False,Resolved,1
CC-2024-0395,Dubai International Fin. Centre,JUD-10,2024-03-20,Medium,154715.22,1,True,True,Dismissed,2024-11-20,245,0.0,False,Resolved,1
CC-2024-0900,US District Court — N.D. Cal.,JUD-08,2024-03-21,Low,4969853.49,2,False,False,Settled,2025-02-07,323,2863869.7,False,Resolved,1
CC-2024-1149,High Court — KBD (TCC),JUD-05,2024-03-21,Low,311505.77,2,False,False,Settled,2025-06-07,443,253231.07,False,Resolved,1
CC-2024-0357,High Court — KBD (TCC),JUD-05,2024-03-21,Medium,781164.54,1,True,False,Settled,2025-05-07,412,109282.78,False,Resolved,1
CC-2024-0750,US District Court — S.D.N.Y.,JUD-06,2024-03-21,Medium,152094.3,3,False,False,Settled,2025-04-12,387,71771.27,False,Resolved,1
CC-2024-0468,Dubai International Fin. Centre,JUD-10,2024-03-21,Medium,3021192.6,2,True,False,Settled,2026-01-04,654,198841.6,False,Resolved,1
CC-2024-1069,US District Court — N.D. Cal.,JUD-08,2024-03-22,High,306304.44,6,False,False,,,830,,,Ongoing,0
CC-2024-0059,US District Court — S.D.N.Y.,JUD-06,2024-03-22,High,866563.33,3,True,False,,,830,,,Ongoing,0
CC-2024-1094,US District Court — N.D. Cal.,JUD-08,2024-03-22,Medium,2073653.21,4,False,False,Settled,2026-03-23,731,390504.14,False,Resolved,1
CC-2024-0002,High Court — KBD (TCC),JUD-05,2024-03-22,Medium,72142.17,1,False,False,Settled,2025-03-27,370,6997.0,False,Resolved,1
CC-2024-1222,High Court — KBD (TCC),JUD-05,2024-03-23,Low,535018.14,0,True,False,Dismissed,2024-12-20,272,0.0,False,Resolved,1
CC-2024-1117,High Court — Chancery Division,JUD-04,2024-03-23,High,496547.88,3,True,False,Settled,2026-05-22,790,46772.11,False,Resolved,1
CC-2024-1178,London Commercial Court,JUD-02,2024-03-23,Medium,599745.39,1,False,False,Dismissed,2025-01-02,285,0.0,False,Resolved,1
CC-2024-0970,Dubai International Fin. Centre,JUD-10,2024-03-23,Low,813673.74,1,False,False,Settled,2024-10-14,205,362204.41,False,Resolved,1
CC-2024-0757,London Commercial Court,JUD-02,2024-03-24,Medium,102292.06,2,False,False,Settled,2025-02-09,322,23518.23,False,Resolved,1
CC-2024-0306,US District Court — S.D.N.Y.,JUD-06,2024-03-24,Low,266319.15,0,False,False,Settled,2024-10-27,217,59652.39,False,Resolved,1
CC-2024-0587,High Court — KBD (TCC),JUD-05,2024-03-24,Medium,7437200.89,1,True,False,,,828,,,Ongoing,0
CC-2024-0020,High Court — Chancery Division,JUD-03,2024-03-24,Medium,638418.64,4,True,False,Settled,2025-12-14,630,76198.17,False,Resolved,1
CC-2024-0296,Singapore International Comm.,JUD-09,2024-03-25,Medium,625766.42,2,False,False,Settled,2024-12-10,260,218698.17,False,Resolved,1
CC-2024-0672,High Court — Chancery Division,JUD-04,2024-03-25,Medium,785587.49,0,True,False,Dismissed,2026-05-10,776,0.0,False,Resolved,1
CC-2024-0619,US District Court — S.D.N.Y.,JUD-07,2024-03-26,Low,107636.9,0,False,False,Settled,2024-10-06,194,14225.75,False,Resolved,1
CC-2024-1003,London Commercial Court,JUD-02,2024-03-26,Medium,420388.66,3,False,False,Settled,2025-08-25,517,209214.12,False,Resolved,1
CC-2024-0366,High Court — KBD (TCC),JUD-05,2024-03-26,Medium,564812.4,3,False,False,Settled,2025-12-04,618,305915.91,False,Resolved,1
CC-2024-0689,High Court — KBD (TCC),JUD-05,2024-03-27,High,4071327.97,7,False,False,Settled,2026-02-05,680,519544.21,False,Resolved,1
CC-2024-1224,US District Court — S.D.N.Y.,JUD-06,2024-03-27,Medium,267806.99,1,True,False,Dismissed,2025-01-04,283,0.0,False,Resolved,1
CC-2024-0669,London Commercial Court,JUD-02,2024-03-27,High,2430330.05,3,True,False,,,825,,,Ongoing,0
CC-2024-0548,US District Court — N.D. Cal.,JUD-08,2024-03-27,Medium,1902506.8,8,False,False,Dismissed,2025-01-11,290,0.0,False,Resolved,1
CC-2024-0697,Singapore International Comm.,JUD-09,2024-03-28,Medium,421590.86,1,False,False,Settled,2025-06-17,446,230103.2,False,Resolved,1
CC-2024-1095,High Court — KBD (TCC),JUD-05,2024-03-29,Medium,215177.22,3,False,False,Settled,2025-10-12,562,26965.43,False,Resolved,1
CC-2024-1227,High Court — Chancery Division,JUD-04,2024-03-29,High,957273.25,7,False,False,,,823,,,Ongoing,0
CC-2024-0361,London Commercial Court,JUD-01,2024-03-29,Medium,1724829.51,0,True,False,Dismissed,2025-03-13,349,0.0,False,Resolved,1
CC-2024-0444,High Court — Chancery Division,JUD-04,2024-03-30,Low,2994372.62,1,True,False,Settled,2024-10-21,205,256445.09,False,Resolved,1
CC-2024-0888,London Commercial Court,JUD-01,2024-03-30,Low,2615943.4,0,True,True,Dismissed,2024-08-18,141,0.0,False,Resolved,1
CC-2024-0371,High Court — KBD (TCC),JUD-05,2024-03-30,Medium,400024.98,2,False,False,Dismissed,2025-04-20,386,0.0,False,Resolved,1
CC-2024-1167,London Commercial Court,JUD-02,2024-03-30,High,140735.78,4,False,False,Settled,2025-06-06,433,88610.04,False,Resolved,1
CC-2024-0663,London Commercial Court,JUD-01,2024-03-30,High,1972822.89,5,True,False,,,822,,,Ongoing,0
CC-2024-0397,High Court — KBD (TCC),JUD-05,2024-03-31,Low,2149573.76,1,True,False,Dismissed,2025-04-13,378,0.0,False,Resolved,1
CC-2024-0920,Singapore International Comm.,JUD-09,2024-03-31,Medium,187895.15,2,False,False,Settled,2025-02-25,331,73801.8,False,Resolved,1
CC-2024-0579,US District Court — S.D.N.Y.,JUD-07,2024-04-01,Medium,4075599.64,1,True,False,,,820,,,Ongoing,0
CC-2024-0300,US District Court — S.D.N.Y.,JUD-06,2024-04-01,Medium,134047.21,1,False,False,Dismissed,2024-12-05,248,0.0,False,Resolved,1
CC-2024-0275,Dubai International Fin. Centre,JUD-10,2024-04-01,Medium,298844.53,3,True,False,Settled,2025-03-24,357,56476.59,False,Resolved,1
CC-2024-1235,London Commercial Court,JUD-02,2024-04-01,High,280874.74,1,False,False,Dismissed,2025-12-22,630,0.0,False,Resolved,1
CC-2024-0854,High Court — Chancery Division,JUD-03,2024-04-01,Medium,1623592.49,4,True,False,,,820,,,Ongoing,0
CC-2024-1251,High Court — Chancery Division,JUD-03,2024-04-02,Low,813538.47,1,True,True,Dismissed,2024-11-29,241,0.0,False,Resolved,1
CC-2024-0090,Dubai International Fin. Centre,JUD-10,2024-04-02,Medium,510476.12,1,True,False,Dismissed,2024-12-21,263,0.0,False,Resolved,1
CC-2024-0099,London Commercial Court,JUD-01,2024-04-02,Low,81442.51,2,False,False,Dismissed,2024-12-18,260,0.0,False,Resolved,1
CC-2024-0089,US District Court — N.D. Cal.,JUD-08,2024-04-02,Low,5335443.0,2,True,False,Settled,2025-11-12,589,3030774.89,False,Resolved,1
CC-2024-1009,London Commercial Court,JUD-01,2024-04-03,Medium,625545.32,1,False,False,Dismissed,2025-01-26,298,0.0,False,Resolved,1
CC-2024-0938,High Court — Chancery Division,JUD-04,2024-04-04,Medium,477815.45,2,True,False,,,817,,,Ongoing,0
CC-2024-0470,Dubai International Fin. Centre,JUD-10,2024-04-04,Medium,251841.19,2,False,False,Settled,2025-07-06,458,49529.88,False,Resolved,1
CC-2024-0667,High Court — Chancery Division,JUD-03,2024-04-04,Low,133825.6,1,False,False,Settled,2024-10-27,206,20179.33,False,Resolved,1
CC-2024-1260,London Commercial Court,JUD-02,2024-04-04,Low,1913948.17,0,True,False,Settled,2024-12-10,250,578136.59,False,Resolved,1
CC-2024-0747,London Commercial Court,JUD-02,2024-04-05,Medium,450692.51,1,False,False,Settled,2024-12-19,258,153270.07,False,Resolved,1
CC-2024-0265,London Commercial Court,JUD-02,2024-04-05,Low,630431.62,1,False,False,Dismissed,2024-12-14,253,0.0,False,Resolved,1
CC-2024-1248,US District Court — S.D.N.Y.,JUD-07,2024-04-05,Medium,464441.81,2,False,False,Settled,2025-10-23,566,238764.05,False,Resolved,1
CC-2024-0243,High Court — Chancery Division,JUD-03,2024-04-05,High,294840.3,5,False,False,Settled,2025-10-25,568,114942.11,False,Resolved,1
CC-2024-0130,Dubai International Fin. Centre,JUD-10,2024-04-06,Medium,695966.67,2,True,True,Dismissed,2025-01-19,288,0.0,False,Resolved,1
CC-2024-0368,Dubai International Fin. Centre,JUD-10,2024-04-06,Medium,145951.7,3,False,False,Dismissed,2025-04-01,360,0.0,False,Resolved,1
CC-2024-0729,US District Court — S.D.N.Y.,JUD-07,2024-04-06,Medium,253105.19,1,False,False,Settled,2024-12-07,245,49389.68,False,Resolved,1
CC-2024-1031,High Court — KBD (TCC),JUD-05,2024-04-07,Low,179450.59,1,True,False,Settled,2024-12-06,243,15471.46,False,Resolved,1
CC-2024-0716,US District Court — N.D. Cal.,JUD-08,2024-04-07,Low,217225.44,0,True,False,Settled,2025-04-10,368,19588.98,False,Resolved,1
CC-2024-0821,High Court — Chancery Division,JUD-03,2024-04-07,High,463362.83,0,False,False,Dismissed,2025-06-14,433,0.0,False,Resolved,1
CC-2024-0952,London Commercial Court,JUD-02,2024-04-07,High,222397.95,3,False,False,Settled,2025-04-16,374,54838.03,False,Resolved,1
CC-2024-1221,London Commercial Court,JUD-02,2024-04-08,High,88486.11,4,False,False,,,813,,,Ongoing,0
CC-2024-0137,High Court — KBD (TCC),JUD-05,2024-04-08,Low,109452.33,1,False,False,Settled,2024-11-04,210,26992.84,False,Resolved,1
CC-2024-0941,London Commercial Court,JUD-01,2024-04-09,Medium,171572.21,3,False,False,Settled,2024-10-27,201,103875.21,False,Resolved,1
CC-2024-0419,US District Court — N.D. Cal.,JUD-08,2024-04-09,High,527251.83,2,False,False,Settled,2025-05-20,406,128958.62,False,Resolved,1
CC-2024-0728,Dubai International Fin. Centre,JUD-10,2024-04-09,Medium,302220.24,3,True,False,Settled,2025-05-16,402,37600.74,False,Resolved,1
CC-2024-1218,London Commercial Court,JUD-02,2024-04-09,Medium,506013.49,2,True,False,,,812,,,Ongoing,0
CC-2024-0149,Dubai International Fin. Centre,JUD-10,2024-04-10,High,804982.78,5,False,False,Settled,2026-06-18,799,274284.64,False,Resolved,1
CC-2024-0520,US District Court — S.D.N.Y.,JUD-06,2024-04-10,High,1336967.38,4,True,False,,,811,,,Ongoing,0
CC-2024-0606,US District Court — N.D. Cal.,JUD-08,2024-04-11,High,372967.39,4,False,False,Settled,2026-04-13,732,127746.49,False,Resolved,1
CC-2024-1006,London Commercial Court,JUD-01,2024-04-11,High,1025030.64,6,False,False,,,810,,,Ongoing,0
CC-2024-1217,High Court — Chancery Division,JUD-03,2024-04-12,Medium,82926.31,2,False,False,Settled,2025-01-10,273,61078.62,False,Resolved,1
CC-2024-1205,Singapore International Comm.,JUD-09,2024-04-12,Medium,500529.23,1,True,False,Settled,2025-04-11,364,227081.35,False,Resolved,1
CC-2024-0021,US District Court — S.D.N.Y.,JUD-06,2024-04-12,Medium,138481.71,2,False,False,Settled,2025-02-20,314,91587.01,False,Resolved,1
CC-2024-1068,High Court — Chancery Division,JUD-04,2024-04-13,Low,485833.3,1,False,False,Dismissed,2024-10-21,191,0.0,False,Resolved,1
CC-2024-0761,High Court — Chancery Division,JUD-03,2024-04-13,Medium,782406.75,3,False,False,Trial Judgment,2025-06-06,419,0.0,False,Resolved,1
CC-2024-0741,US District Court — N.D. Cal.,JUD-08,2024-04-14,Medium,3239795.09,6,True,True,Settled,2025-09-17,521,331920.39,False,Resolved,1
CC-2024-0547,High Court — Chancery Division,JUD-04,2024-04-14,Medium,895947.14,2,False,False,Settled,2026-02-28,685,372392.76,False,Resolved,1
CC-2024-1109,London Commercial Court,JUD-01,2024-04-15,High,1075261.19,5,False,False,,,806,,,Ongoing,0
CC-2024-0340,High Court — KBD (TCC),JUD-05,2024-04-15,Low,104069.83,0,False,False,Settled,2025-03-06,325,37055.22,False,Resolved,1
CC-2024-0364,Dubai International Fin. Centre,JUD-10,2024-04-16,Low,51285.65,0,True,False,Settled,2024-12-14,242,14164.47,False,Resolved,1
CC-2024-0772,High Court — Chancery Division,JUD-04,2024-04-16,Medium,287364.66,2,False,False,Dismissed,2025-06-12,422,0.0,False,Resolved,1
CC-2024-0628,High Court — Chancery Division,JUD-04,2024-04-16,Low,58271.16,0,False,False,Dismissed,2025-01-21,280,0.0,False,Resolved,1
CC-2024-1046,High Court — Chancery Division,JUD-04,2024-04-16,Low,82101.26,0,False,False,Settled,2025-04-20,369,58481.01,False,Resolved,1
CC-2024-0766,London Commercial Court,JUD-01,2024-04-17,Medium,240563.12,3,False,False,Settled,2025-06-07,416,85071.89,False,Resolved,1
CC-2024-1084,Singapore International Comm.,JUD-09,2024-04-18,Medium,428420.29,3,False,False,Settled,2025-11-16,577,86660.3,False,Resolved,1
CC-2024-0559,US District Court — N.D. Cal.,JUD-08,2024-04-18,Medium,2593075.02,0,True,True,Dismissed,2024-12-04,230,0.0,False,Resolved,1
CC-2024-0495,Singapore International Comm.,JUD-09,2024-04-18,High,733915.64,3,False,False,Settled,2025-11-30,591,459127.74,False,Resolved,1
CC-2024-1036,High Court — KBD (TCC),JUD-05,2024-04-18,Low,857071.79,0,False,False,Settled,2025-01-21,278,156700.48,False,Resolved,1
CC-2024-0599,US District Court — N.D. Cal.,JUD-08,2024-04-18,Medium,3277290.37,8,True,False,,,803,,,Ongoing,0
CC-2024-0953,High Court — KBD (TCC),JUD-05,2024-04-18,Medium,339139.17,2,False,False,Settled,2025-10-05,535,174669.55,False,Resolved,1
CC-2024-0662,Dubai International Fin. Centre,JUD-10,2024-04-19,Medium,182603.11,2,True,False,Settled,2024-10-05,169,22767.6,False,Resolved,1
CC-2024-0607,High Court — KBD (TCC),JUD-05,2024-04-19,High,463966.1,8,False,False,,,802,,,Ongoing,0
CC-2024-0634,London Commercial Court,JUD-01,2024-04-20,Low,458766.72,0,True,False,Settled,2024-11-12,206,79242.52,False,Resolved,1
CC-2024-1160,London Commercial Court,JUD-02,2024-04-20,Medium,270962.39,2,False,False,Settled,2025-05-10,385,45809.75,False,Resolved,1
CC-2024-0582,Singapore International Comm.,JUD-09,2024-04-20,Medium,1863897.66,2,False,False,Settled,2025-09-27,525,763997.45,False,Resolved,1
CC-2024-0223,Singapore International Comm.,JUD-09,2024-04-21,Low,254506.3,1,False,False,Settled,2025-02-08,293,61597.06,False,Resolved,1
CC-2024-1101,London Commercial Court,JUD-01,2024-04-21,Low,2800037.19,2,True,False,Settled,2025-08-30,496,1253079.51,False,Resolved,1
CC-2024-0209,London Commercial Court,JUD-02,2024-04-22,Low,1061042.68,1,True,False,Settled,2025-03-20,332,24169.86,False,Resolved,1
CC-2024-0530,London Commercial Court,JUD-02,2024-04-22,Low,531417.92,0,True,False,Settled,2025-02-04,288,276037.11,False,Resolved,1
CC-2024-1145,High Court — Chancery Division,JUD-04,2024-04-22,Low,1094797.96,2,False,False,Settled,2026-02-13,662,532470.42,True,Resolved,1
CC-2024-0041,US District Court — N.D. Cal.,JUD-08,2024-04-22,High,872784.58,6,False,False,,,799,,,Ongoing,0
CC-2024-0122,Singapore International Comm.,JUD-09,2024-04-23,Low,716618.93,1,False,False,Settled,2025-05-19,391,283208.0,False,Resolved,1
CC-2024-1168,High Court — Chancery Division,JUD-03,2024-04-23,Low,711297.82,2,True,True,Dismissed,2024-11-06,197,0.0,False,Resolved,1
CC-2024-0974,US District Court — S.D.N.Y.,JUD-07,2024-04-23,Medium,643835.69,0,False,False,Settled,2025-03-30,341,65029.74,False,Resolved,1
CC-2024-0797,High Court — Chancery Division,JUD-03,2024-04-23,Medium,756753.72,5,True,False,Settled,2025-10-21,546,274121.83,False,Resolved,1
CC-2024-0029,London Commercial Court,JUD-01,2024-04-23,High,495535.16,3,True,True,Dismissed,2025-03-23,334,0.0,False,Resolved,1
CC-2024-0153,Singapore International Comm.,JUD-09,2024-04-24,High,366076.84,6,True,False,Settled,2026-06-18,785,57401.08,False,Resolved,1
CC-2024-0283,London Commercial Court,JUD-02,2024-04-24,Medium,664491.91,1,False,False,Dismissed,2025-04-25,366,0.0,False,Resolved,1
CC-2024-0086,London Commercial Court,JUD-02,2024-04-24,High,686613.49,1,False,False,Settled,2025-06-27,429,190044.34,False,Resolved,1
CC-2024-1037,US District Court — N.D. Cal.,JUD-08,2024-04-25,High,596550.58,8,True,False,Settled,2025-12-08,592,156576.76,False,Resolved,1
CC-2024-1096,High Court — Chancery Division,JUD-04,2024-04-25,Medium,3749738.29,1,True,True,Settled,2025-08-09,471,70594.96,False,Resolved,1
CC-2024-0061,High Court — Chancery Division,JUD-03,2024-04-25,Medium,615744.99,3,False,False,,,796,,,Ongoing,0
CC-2024-1114,Singapore International Comm.,JUD-09,2024-04-26,Medium,499839.29,3,False,False,Settled,2025-06-20,420,22121.1,False,Resolved,1
CC-2024-0454,London Commercial Court,JUD-01,2024-04-26,Low,1928600.95,2,True,True,Dismissed,2025-01-02,251,0.0,False,Resolved,1
CC-2024-0132,London Commercial Court,JUD-02,2024-04-26,Low,1381253.99,0,True,False,Settled,2025-01-11,260,252314.12,False,Resolved,1
CC-2024-0661,London Commercial Court,JUD-01,2024-04-27,High,1846744.69,2,False,False,Settled,2025-11-27,579,1065364.99,False,Resolved,1
CC-2024-0181,High Court — Chancery Division,JUD-04,2024-04-27,Medium,842207.22,4,True,False,Settled,2026-02-20,664,475351.61,False,Resolved,1
CC-2024-0528,High Court — Chancery Division,JUD-04,2024-04-27,High,244385.91,5,True,False,,,794,,,Ongoing,0
CC-2024-0292,High Court — Chancery Division,JUD-04,2024-04-27,Low,266011.74,0,False,False,Settled,2026-03-09,681,159000.18,True,Resolved,1
CC-2024-0197,London Commercial Court,JUD-02,2024-04-27,Medium,201266.52,3,False,False,Dismissed,2024-11-13,200,0.0,False,Resolved,1
CC-2024-0342,High Court — KBD (TCC),JUD-05,2024-04-27,Medium,3551228.27,1,True,True,Dismissed,2025-01-10,258,0.0,False,Resolved,1
CC-2024-0942,High Court — Chancery Division,JUD-04,2024-04-27,High,431474.89,4,False,False,,,794,,,Ongoing,0
CC-2024-0895,High Court — Chancery Division,JUD-04,2024-04-28,Low,635829.88,0,False,False,Settled,2025-09-08,498,439033.82,False,Resolved,1
CC-2024-0659,US District Court — S.D.N.Y.,JUD-06,2024-04-28,High,436196.37,1,True,False,,,793,,,Ongoing,0
CC-2024-0653,US District Court — N.D. Cal.,JUD-08,2024-04-28,Medium,796582.26,3,True,False,Dismissed,2025-06-27,425,0.0,False,Resolved,1
CC-2024-0140,US District Court — S.D.N.Y.,JUD-06,2024-04-29,Medium,364987.71,1,False,False,Dismissed,2024-11-15,200,0.0,False,Resolved,1
CC-2024-1247,London Commercial Court,JUD-02,2024-04-30,Medium,233013.43,1,True,False,Dismissed,2025-08-19,476,0.0,False,Resolved,1
CC-2024-0903,High Court — Chancery Division,JUD-04,2024-04-30,Medium,421817.25,3,False,False,Settled,2026-06-22,783,239587.15,False,Resolved,1
CC-2024-0085,US District Court — S.D.N.Y.,JUD-07,2024-05-01,Medium,1002450.11,3,False,False,Settled,2024-12-31,244,192058.09,False,Resolved,1
CC-2024-0593,Dubai International Fin. Centre,JUD-10,2024-05-02,High,1616569.53,7,False,False,,,789,,,Ongoing,0
CC-2024-0239,High Court — Chancery Division,JUD-03,2024-05-02,Medium,123040.05,2,False,False,Dismissed,2025-05-09,372,0.0,False,Resolved,1
CC-2024-0780,London Commercial Court,JUD-02,2024-05-02,High,675785.04,5,False,False,Settled,2025-12-27,604,301021.08,False,Resolved,1
CC-2024-1201,High Court — KBD (TCC),JUD-05,2024-05-02,Medium,186364.83,1,False,False,Settled,2025-03-08,310,45158.99,False,Resolved,1
CC-2024-1007,High Court — KBD (TCC),JUD-05,2024-05-02,Medium,459114.42,0,True,False,Settled,2026-06-14,773,247391.8,False,Resolved,1
CC-2024-1212,London Commercial Court,JUD-02,2024-05-03,Low,431222.63,0,False,False,Trial Judgment,2025-03-22,323,314492.74,False,Resolved,1
CC-2024-0017,Dubai International Fin. Centre,JUD-10,2024-05-03,High,1934630.44,4,True,False,,,788,,,Ongoing,0
CC-2024-0679,London Commercial Court,JUD-01,2024-05-03,Low,222189.29,1,False,False,Settled,2024-12-13,224,90745.28,False,Resolved,1
CC-2024-0591,London Commercial Court,JUD-02,2024-05-03,Medium,386307.0,2,True,False,Settled,2025-06-22,415,116146.0,False,Resolved,1
CC-2024-0523,Dubai International Fin. Centre,JUD-10,2024-05-03,Low,937043.29,1,False,False,Settled,2025-01-10,252,450154.47,False,Resolved,1
CC-2024-0798,High Court — KBD (TCC),JUD-05,2024-05-04,High,680220.39,8,True,False,,,787,,,Ongoing,0
CC-2024-0268,High Court — KBD (TCC),JUD-05,2024-05-04,Low,2995254.34,3,True,False,Settled,2025-07-28,450,1867827.26,False,Resolved,1
CC-2024-0745,London Commercial Court,JUD-01,2024-05-04,Low,661355.78,2,True,False,Settled,2025-02-20,292,497157.26,False,Resolved,1
CC-2024-0472,US District Court — N.D. Cal.,JUD-08,2024-05-05,Low,646784.19,0,True,False,Settled,2024-12-14,223,121609.8,False,Resolved,1
CC-2024-1244,High Court — Chancery Division,JUD-04,2024-05-08,Low,5142297.67,1,False,False,Dismissed,2025-07-31,449,0.0,False,Resolved,1
CC-2024-0329,US District Court — S.D.N.Y.,JUD-06,2024-05-08,Low,418785.92,3,False,False,Settled,2025-02-01,269,86063.39,False,Resolved,1
CC-2024-0441,Singapore International Comm.,JUD-09,2024-05-08,Low,872226.93,0,False,False,Settled,2025-01-24,261,591143.67,False,Resolved,1
CC-2024-0232,Singapore International Comm.,JUD-09,2024-05-09,Low,138840.79,0,False,False,Settled,2024-10-10,154,128954.51,False,Resolved,1
CC-2024-0038,US District Court — N.D. Cal.,JUD-08,2024-05-10,High,90112.83,3,False,False,Dismissed,2025-06-30,416,0.0,False,Resolved,1
CC-2024-0617,High Court — Chancery Division,JUD-03,2024-05-11,High,1403456.77,1,True,False,Settled,2026-02-02,632,1182665.67,False,Resolved,1
CC-2024-1000,London Commercial Court,JUD-01,2024-05-11,Medium,679047.75,4,True,False,,,780,,,Ongoing,0
CC-2024-1035,Singapore International Comm.,JUD-09,2024-05-11,Medium,1583524.16,2,False,False,Settled,2025-11-30,568,452735.44,False,Resolved,1
CC-2024-0846,London Commercial Court,JUD-02,2024-05-12,Low,929553.13,0,False,False,Settled,2025-01-05,238,168149.37,False,Resolved,1
CC-2024-1091,High Court — Chancery Division,JUD-04,2024-05-12,Medium,779724.85,0,False,False,Settled,2025-09-10,486,377308.8,False,Resolved,1
CC-2024-0959,US District Court — N.D. Cal.,JUD-08,2024-05-12,Low,2294643.16,2,True,False,,,779,,,Ongoing,0
CC-2024-0516,London Commercial Court,JUD-02,2024-05-12,Low,4661374.81,1,True,False,Settled,2025-02-23,287,1680064.12,False,Resolved,1
CC-2024-0744,London Commercial Court,JUD-02,2024-05-12,Medium,1650592.83,3,False,False,Settled,2025-09-21,497,1200619.68,False,Resolved,1
CC-2024-0084,London Commercial Court,JUD-01,2024-05-12,Medium,398287.42,3,True,False,,,779,,,Ongoing,0
CC-2024-0143,London Commercial Court,JUD-01,2024-05-12,Low,352308.79,0,False,False,Dismissed,2024-09-22,133,0.0,False,Resolved,1
CC-2024-1064,London Commercial Court,JUD-01,2024-05-12,Medium,730097.76,5,True,True,Settled,2026-04-10,698,351155.92,False,Resolved,1
CC-2024-0943,London Commercial Court,JUD-02,2024-05-12,Low,186308.14,0,True,False,Settled,2025-01-09,242,56443.41,False,Resolved,1
CC-2024-0295,High Court — KBD (TCC),JUD-05,2024-05-13,High,166189.49,4,False,False,Settled,2025-12-30,596,11249.39,False,Resolved,1
CC-2024-0823,Dubai International Fin. Centre,JUD-10,2024-05-13,Low,1616509.44,2,False,False,Trial Judgment,2025-12-30,596,930612.36,False,Resolved,1
CC-2024-0475,Singapore International Comm.,JUD-09,2024-05-14,Medium,556146.5,0,False,False,Settled,2025-07-01,413,167515.26,False,Resolved,1
CC-2024-0991,Dubai International Fin. Centre,JUD-10,2024-05-14,Medium,1137189.98,2,True,False,Settled,2026-01-24,620,271156.86,False,Resolved,1
CC-2024-0207,US District Court — S.D.N.Y.,JUD-06,2024-05-14,Medium,122431.79,5,True,False,Settled,2025-06-20,402,40969.77,False,Resolved,1
CC-2024-1173,US District Court — S.D.N.Y.,JUD-07,2024-05-14,Low,297955.08,0,False,False,Settled,2025-09-29,503,83284.9,False,Resolved,1
CC-2024-0489,London Commercial Court,JUD-01,2024-05-14,Medium,446024.07,0,True,False,,,777,,,Ongoing,0
CC-2024-0479,Dubai International Fin. Centre,JUD-10,2024-05-14,Medium,646610.78,1,False,False,Settled,2025-08-14,457,214745.51,False,Resolved,1
CC-2024-0277,Dubai International Fin. Centre,JUD-10,2024-05-15,High,580607.25,3,False,False,Settled,2025-12-09,573,224243.41,False,Resolved,1
CC-2024-0070,London Commercial Court,JUD-02,2024-05-15,Medium,2622317.89,1,False,False,Settled,2026-03-04,658,747640.44,False,Resolved,1
CC-2024-0208,High Court — KBD (TCC),JUD-05,2024-05-15,High,93856.45,3,True,False,Settled,2025-12-07,571,21935.35,False,Resolved,1
CC-2024-0126,Singapore International Comm.,JUD-09,2024-05-15,Low,4639239.39,2,True,False,Settled,2025-01-06,236,1315560.19,False,Resolved,1
CC-2024-0046,Singapore International Comm.,JUD-09,2024-05-16,Low,155876.31,1,False,False,Trial Judgment,2025-04-13,332,0.0,False,Resolved,1
CC-2024-0019,London Commercial Court,JUD-02,2024-05-16,Low,106369.66,0,True,False,Settled,2025-04-13,332,60265.38,False,Resolved,1
CC-2024-0053,US District Court — N.D. Cal.,JUD-08,2024-05-16,High,2461675.91,4,False,False,Settled,2025-11-16,549,785822.61,False,Resolved,1
CC-2024-0858,High Court — KBD (TCC),JUD-05,2024-05-16,Low,116891.32,2,True,False,Dismissed,2025-05-04,353,0.0,False,Resolved,1
CC-2024-1018,Dubai International Fin. Centre,JUD-10,2024-05-16,Low,511668.85,0,False,False,Settled,2024-11-15,183,239413.13,False,Resolved,1
CC-2024-1245,US District Court — S.D.N.Y.,JUD-07,2024-05-17,Medium,1030148.37,1,True,False,Settled,2024-10-31,167,445734.62,False,Resolved,1
CC-2024-0307,High Court — KBD (TCC),JUD-05,2024-05-17,High,512431.87,4,True,False,,,774,,,Ongoing,0
CC-2024-1180,US District Court — N.D. Cal.,JUD-08,2024-05-17,High,1022371.73,7,True,False,,,774,,,Ongoing,0
CC-2024-0622,High Court — Chancery Division,JUD-04,2024-05-17,Medium,528608.01,0,False,False,Settled,2025-09-26,497,100793.45,False,Resolved,1
CC-2024-1257,London Commercial Court,JUD-01,2024-05-18,Medium,114284.1,1,True,True,Dismissed,2025-01-11,238,0.0,False,Resolved,1
CC-2024-1161,High Court — Chancery Division,JUD-04,2024-05-18,Medium,942807.19,1,False,False,Settled,2025-02-23,281,807839.14,False,Resolved,1
CC-2024-0955,Singapore International Comm.,JUD-09,2024-05-20,Low,546352.05,1,False,False,Settled,2025-07-09,415,184648.17,True,Resolved,1
CC-2024-0878,High Court — Chancery Division,JUD-04,2024-05-20,Medium,659669.71,3,False,False,Settled,2025-09-01,469,367669.2,False,Resolved,1
CC-2024-0231,London Commercial Court,JUD-02,2024-05-20,Low,236124.41,1,True,False,Settled,2024-12-17,211,167332.09,True,Resolved,1
CC-2024-0649,London Commercial Court,JUD-02,2024-05-20,Low,262243.39,0,True,False,Settled,2025-07-16,422,67197.79,False,Resolved,1
CC-2024-0104,Singapore International Comm.,JUD-09,2024-05-20,Medium,190030.94,1,False,False,Settled,2025-06-29,405,10770.24,True,Resolved,1
CC-2024-0754,Dubai International Fin. Centre,JUD-10,2024-05-21,Medium,211627.38,2,True,False,Settled,2025-05-02,346,100515.16,False,Resolved,1
CC-2024-1249,London Commercial Court,JUD-01,2024-05-21,Low,1229826.88,1,True,True,Dismissed,2024-10-15,147,0.0,False,Resolved,1
CC-2024-0683,High Court — Chancery Division,JUD-03,2024-05-22,Medium,1806906.84,3,False,False,Settled,2026-06-19,758,718102.47,False,Resolved,1
CC-2024-0517,High Court — Chancery Division,JUD-03,2024-05-22,Medium,994126.62,1,False,False,Settled,2025-11-08,535,208469.35,False,Resolved,1
CC-2024-1045,High Court — KBD (TCC),JUD-05,2024-05-22,Medium,899179.22,2,False,False,Settled,2025-10-08,504,67849.0,False,Resolved,1
CC-2024-1090,Singapore International Comm.,JUD-09,2024-05-22,Medium,969488.01,2,True,False,Settled,2026-03-07,654,571490.93,False,Resolved,1
CC-2024-0763,Singapore International Comm.,JUD-09,2024-05-22,High,330190.55,1,False,False,Settled,2025-05-17,360,93444.28,False,Resolved,1
CC-2024-0251,High Court — KBD (TCC),JUD-05,2024-05-22,High,447950.96,2,True,False,Settled,2025-08-14,449,106743.68,False,Resolved,1
CC-2024-1196,Dubai International Fin. Centre,JUD-10,2024-05-23,Medium,401887.2,0,True,True,Dismissed,2024-10-27,157,0.0,False,Resolved,1
CC-2024-0075,London Commercial Court,JUD-02,2024-05-23,Medium,208005.3,1,True,False,Dismissed,2025-08-11,445,0.0,False,Resolved,1
CC-2024-0783,High Court — Chancery Division,JUD-04,2024-05-23,Low,797980.39,1,False,False,Dismissed,2025-05-16,358,0.0,False,Resolved,1
CC-2024-0133,High Court — Chancery Division,JUD-04,2024-05-24,Medium,533291.25,3,True,False,Settled,2026-03-26,671,210174.58,False,Resolved,1
CC-2024-0210,High Court — KBD (TCC),JUD-05,2024-05-24,Medium,235402.73,1,False,False,Settled,2025-04-22,333,87361.94,False,Resolved,1
CC-2024-1138,US District Court — N.D. Cal.,JUD-08,2024-05-24,Medium,294164.77,1,False,False,Settled,2025-05-12,353,185030.44,False,Resolved,1
CC-2024-0806,London Commercial Court,JUD-01,2024-05-25,Medium,492420.57,5,False,False,Settled,2026-06-16,752,358925.36,False,Resolved,1
CC-2024-0497,US District Court — N.D. Cal.,JUD-08,2024-05-25,Medium,688800.68,2,False,False,Dismissed,2025-08-12,444,0.0,False,Resolved,1
CC-2024-0682,Singapore International Comm.,JUD-09,2024-05-25,Medium,676108.04,1,True,True,Dismissed,2024-11-17,176,0.0,False,Resolved,1
CC-2024-0091,Dubai International Fin. Centre,JUD-10,2024-05-25,High,816869.99,4,False,False,Dismissed,2025-06-03,374,0.0,False,Resolved,1
CC-2024-0116,US District Court — S.D.N.Y.,JUD-06,2024-05-25,Medium,956567.42,2,False,False,Settled,2025-02-03,254,424302.33,False,Resolved,1
CC-2024-1075,London Commercial Court,JUD-02,2024-05-26,Medium,2887689.76,3,True,False,Settled,2025-07-03,403,756920.6,False,Resolved,1
CC-2024-0931,High Court — Chancery Division,JUD-03,2024-05-26,Low,1589149.05,0,True,False,Settled,2025-09-11,473,692687.02,False,Resolved,1
CC-2024-1073,Singapore International Comm.,JUD-09,2024-05-26,Low,3214104.69,1,False,False,Dismissed,2025-01-11,230,0.0,False,Resolved,1
CC-2024-0431,US District Court — N.D. Cal.,JUD-08,2024-05-26,High,915572.17,5,False,False,Settled,2026-03-30,673,354838.41,False,Resolved,1
CC-2024-0320,High Court — Chancery Division,JUD-03,2024-05-27,High,193540.96,8,True,False,Settled,2026-06-06,740,25897.66,False,Resolved,1
CC-2024-0996,High Court — Chancery Division,JUD-04,2024-05-27,Medium,379220.21,5,False,False,,,764,,,Ongoing,0
CC-2024-1115,High Court — KBD (TCC),JUD-05,2024-05-27,Medium,196190.21,1,False,False,Settled,2025-12-31,583,21293.18,False,Resolved,1
CC-2024-1120,High Court — KBD (TCC),JUD-05,2024-05-27,Medium,432806.4,1,True,False,Dismissed,2026-03-30,672,0.0,False,Resolved,1
CC-2024-0108,US District Court — S.D.N.Y.,JUD-06,2024-05-28,Medium,1403500.12,4,False,False,Settled,2025-09-20,480,198825.02,False,Resolved,1
CC-2024-0016,High Court — KBD (TCC),JUD-05,2024-05-28,High,306112.01,6,True,False,,,763,,,Ongoing,0
CC-2024-0269,High Court — Chancery Division,JUD-04,2024-05-28,High,164798.43,4,False,False,Settled,2025-11-27,548,78852.15,False,Resolved,1
CC-2024-0951,London Commercial Court,JUD-02,2024-05-28,Low,2218857.85,0,False,False,Settled,2025-03-18,294,488050.65,False,Resolved,1
CC-2024-0027,High Court — Chancery Division,JUD-04,2024-05-29,Low,816012.91,6,False,False,Settled,2025-12-09,559,316848.5,False,Resolved,1
CC-2024-0510,High Court — Chancery Division,JUD-04,2024-05-29,Low,441891.19,0,False,False,Dismissed,2025-01-18,234,0.0,False,Resolved,1
CC-2024-1041,High Court — KBD (TCC),JUD-05,2024-05-29,Low,319026.8,0,False,False,Settled,2025-01-23,239,11422.75,False,Resolved,1
CC-2024-1170,Singapore International Comm.,JUD-09,2024-05-29,Low,2220755.33,1,True,False,Settled,2025-04-26,332,1541200.82,False,Resolved,1
CC-2024-1202,High Court — Chancery Division,JUD-04,2024-05-30,High,79130.26,4,True,False,,,761,,,Ongoing,0
CC-2024-0671,US District Court — N.D. Cal.,JUD-08,2024-05-30,Low,384382.12,0,False,False,Settled,2024-11-04,158,228972.95,False,Resolved,1
CC-2024-0382,Singapore International Comm.,JUD-09,2024-05-31,High,493548.95,7,True,False,,,760,,,Ongoing,0
CC-2024-0185,US District Court — S.D.N.Y.,JUD-07,2024-05-31,Low,350503.7,1,False,False,Settled,2025-01-02,216,129889.63,False,Resolved,1
CC-2024-1258,High Court — Chancery Division,JUD-04,2024-05-31,High,2194007.0,3,True,True,Dismissed,2025-05-23,357,0.0,False,Resolved,1
CC-2024-0573,High Court — KBD (TCC),JUD-05,2024-05-31,Low,1861419.82,1,False,False,Settled,2025-07-12,407,555052.04,False,Resolved,1
CC-2024-1051,London Commercial Court,JUD-02,2024-05-31,High,2353333.64,2,False,False,Dismissed,2026-04-15,684,0.0,False,Resolved,1
CC-2024-0820,High Court — KBD (TCC),JUD-05,2024-05-31,Low,1729430.3,1,False,False,Settled,2026-01-19,598,930870.15,False,Resolved,1
CC-2024-0390,US District Court — N.D. Cal.,JUD-08,2024-06-01,High,171362.52,2,False,False,Settled,2026-01-07,585,34363.64,False,Resolved,1
CC-2024-0740,High Court — KBD (TCC),JUD-05,2024-06-01,Medium,417640.34,4,True,False,,,759,,,Ongoing,0
CC-2024-0182,High Court — KBD (TCC),JUD-05,2024-06-01,High,910988.91,4,False,False,,,759,,,Ongoing,0
CC-2024-0693,US District Court — N.D. Cal.,JUD-08,2024-06-02,Medium,373130.21,5,True,False,Settled,2025-08-26,450,38331.24,False,Resolved,1
CC-2024-0288,High Court — KBD (TCC),JUD-05,2024-06-02,Low,402770.84,1,False,False,Settled,2025-04-19,321,270541.61,False,Resolved,1
CC-2024-0610,Singapore International Comm.,JUD-09,2024-06-02,High,716986.74,2,False,False,,,758,,,Ongoing,0
CC-2024-1207,US District Court — N.D. Cal.,JUD-08,2024-06-02,Low,68422.01,0,True,True,Dismissed,2024-10-16,136,0.0,False,Resolved,1
CC-2024-0315,High Court — KBD (TCC),JUD-05,2024-06-03,Medium,345383.58,1,False,False,Settled,2025-06-19,381,120640.39,False,Resolved,1
CC-2024-0463,London Commercial Court,JUD-02,2024-06-03,Low,231609.18,0,True,True,Dismissed,2025-04-16,317,0.0,False,Resolved,1
CC-2024-0503,High Court — KBD (TCC),JUD-05,2024-06-03,Medium,152707.2,0,False,False,Settled,2025-11-19,534,71764.08,False,Resolved,1
CC-2024-0800,High Court — Chancery Division,JUD-04,2024-06-03,High,571106.93,3,True,False,,,757,,,Ongoing,0
CC-2024-1157,High Court — KBD (TCC),JUD-05,2024-06-04,High,374355.43,3,True,False,,,756,,,Ongoing,0
CC-2024-0562,US District Court — S.D.N.Y.,JUD-06,2024-06-04,Low,308965.14,0,False,False,Settled,2025-01-18,228,49199.92,False,Resolved,1
CC-2024-1176,High Court — Chancery Division,JUD-03,2024-06-04,Low,364759.19,0,True,False,,,756,,,Ongoing,0
CC-2024-0420,High Court — KBD (TCC),JUD-05,2024-06-04,High,436762.68,4,False,False,Dismissed,2026-05-26,721,0.0,False,Resolved,1
CC-2024-1044,US District Court — S.D.N.Y.,JUD-06,2024-06-04,Medium,1015574.1,2,False,False,,,756,,,Ongoing,0
CC-2024-0985,US District Court — N.D. Cal.,JUD-08,2024-06-04,High,538586.79,5,False,False,,,756,,,Ongoing,0
CC-2024-0992,High Court — Chancery Division,JUD-03,2024-06-05,Low,344108.52,0,True,True,Dismissed,2024-08-23,79,0.0,False,Resolved,1
CC-2024-0625,London Commercial Court,JUD-01,2024-06-05,Low,506744.83,2,False,False,Settled,2025-04-04,303,137633.21,False,Resolved,1
CC-2024-0218,London Commercial Court,JUD-01,2024-06-05,Low,1153859.84,4,False,False,Settled,2026-06-08,733,583923.02,True,Resolved,1
CC-2024-0971,US District Court — S.D.N.Y.,JUD-07,2024-06-05,Medium,69574.35,3,False,False,Settled,2025-03-18,286,12844.6,False,Resolved,1
CC-2024-1022,High Court — KBD (TCC),JUD-05,2024-06-06,Medium,2233272.79,1,False,False,,,754,,,Ongoing,0
CC-2024-0589,High Court — Chancery Division,JUD-03,2024-06-06,High,472880.76,4,True,True,Dismissed,2026-03-16,648,0.0,False,Resolved,1
CC-2024-0571,London Commercial Court,JUD-02,2024-06-06,Medium,133445.65,1,True,False,Settled,2025-10-18,499,42277.74,False,Resolved,1
CC-2024-0805,High Court — Chancery Division,JUD-03,2024-06-06,Medium,2396520.5,3,False,False,Settled,2025-12-31,573,911760.88,False,Resolved,1
CC-2024-0060,US District Court — S.D.N.Y.,JUD-07,2024-06-06,Medium,343370.74,1,False,False,Settled,2025-05-06,334,102673.82,False,Resolved,1
CC-2024-0770,Singapore International Comm.,JUD-09,2024-06-07,Low,190631.04,0,False,False,Trial Judgment,2025-03-26,292,0.0,False,Resolved,1
CC-2024-1092,US District Court — N.D. Cal.,JUD-08,2024-06-07,Low,383294.6,1,True,False,Settled,2024-12-10,186,149252.24,False,Resolved,1
CC-2024-0788,Dubai International Fin. Centre,JUD-10,2024-06-07,Low,881590.62,2,False,False,Settled,2025-04-22,319,445069.16,False,Resolved,1
CC-2024-0321,US District Court — S.D.N.Y.,JUD-07,2024-06-08,Medium,3223510.6,1,True,False,,,752,,,Ongoing,0
CC-2024-0318,US District Court — S.D.N.Y.,JUD-07,2024-06-08,Low,713920.77,1,True,False,Settled,2025-01-19,225,202264.84,False,Resolved,1
CC-2024-1181,High Court — Chancery Division,JUD-04,2024-06-08,Low,1153093.19,2,True,False,Settled,2025-03-22,287,398764.36,False,Resolved,1
CC-2024-0083,London Commercial Court,JUD-01,2024-06-08,Medium,6174945.65,0,True,False,Settled,2025-12-27,567,3590561.76,False,Resolved,1
CC-2024-0199,High Court — KBD (TCC),JUD-05,2024-06-08,High,199805.16,6,False,False,,,752,,,Ongoing,0
CC-2024-0936,Singapore International Comm.,JUD-09,2024-06-09,Medium,390724.9,3,False,False,Settled,2025-05-21,346,169130.18,False,Resolved,1
CC-2024-0894,US District Court — S.D.N.Y.,JUD-07,2024-06-09,Medium,525304.36,2,True,False,,,751,,,Ongoing,0
CC-2024-0897,Dubai International Fin. Centre,JUD-10,2024-06-09,Low,523225.79,1,False,False,Dismissed,2024-12-10,184,0.0,False,Resolved,1
CC-2024-0387,US District Court — S.D.N.Y.,JUD-06,2024-06-09,High,672081.19,3,False,False,,,751,,,Ongoing,0
CC-2024-0989,London Commercial Court,JUD-02,2024-06-10,Low,734875.79,0,False,False,Settled,2025-04-08,302,204967.19,False,Resolved,1
CC-2024-0762,US District Court — S.D.N.Y.,JUD-06,2024-06-10,Medium,907240.21,5,True,False,Settled,2025-06-06,361,501874.12,False,Resolved,1
CC-2024-1093,High Court — KBD (TCC),JUD-05,2024-06-10,Medium,614238.07,3,False,False,Settled,2026-02-02,602,105983.04,False,Resolved,1
CC-2024-1038,High Court — Chancery Division,JUD-03,2024-06-10,Low,379344.9,0,False,False,Dismissed,2024-12-31,204,0.0,False,Resolved,1
CC-2024-0290,High Court — Chancery Division,JUD-04,2024-06-11,Low,483172.56,0,True,False,Settled,2025-07-02,386,181285.74,False,Resolved,1
CC-2024-0170,Dubai International Fin. Centre,JUD-10,2024-06-11,Medium,412518.45,5,False,False,Settled,2025-07-07,391,148298.11,False,Resolved,1
CC-2024-1198,High Court — KBD (TCC),JUD-05,2024-06-11,Low,939558.35,0,True,False,Dismissed,2025-03-29,291,0.0,False,Resolved,1
CC-2024-1079,US District Court — S.D.N.Y.,JUD-06,2024-06-11,High,102742.13,5,True,False,Settled,2026-03-30,657,74200.38,False,Resolved,1
CC-2024-0818,US District Court — S.D.N.Y.,JUD-06,2024-06-11,High,679851.26,7,True,True,Dismissed,2025-12-09,546,0.0,False,Resolved,1
CC-2024-0896,US District Court — S.D.N.Y.,JUD-06,2024-06-12,Low,305919.76,1,True,False,Dismissed,2024-10-19,129,0.0,False,Resolved,1
CC-2024-0407,London Commercial Court,JUD-01,2024-06-12,Medium,3321072.68,3,True,True,Dismissed,2025-07-21,404,0.0,False,Resolved,1
CC-2024-1208,US District Court — S.D.N.Y.,JUD-06,2024-06-12,Medium,720173.73,2,False,False,Settled,2025-02-26,259,204427.56,False,Resolved,1
CC-2024-0799,Singapore International Comm.,JUD-09,2024-06-13,Low,88080.6,1,True,False,Settled,2025-01-20,221,11979.64,False,Resolved,1
CC-2024-0355,Dubai International Fin. Centre,JUD-10,2024-06-13,Low,1075523.13,4,True,True,Dismissed,2024-10-16,125,0.0,False,Resolved,1
CC-2024-1080,Dubai International Fin. Centre,JUD-10,2024-06-13,Medium,4300395.91,4,True,False,Settled,2026-05-07,693,1327596.74,False,Resolved,1
CC-2024-0880,US District Court — S.D.N.Y.,JUD-07,2024-06-14,Medium,349085.6,3,False,False,,,746,,,Ongoing,0
CC-2024-0015,High Court — Chancery Division,JUD-03,2024-06-14,Medium,304205.79,3,True,False,Dismissed,2025-04-22,312,0.0,False,Resolved,1
CC-2024-1124,High Court — KBD (TCC),JUD-05,2024-06-15,Medium,549589.45,3,True,False,Dismissed,2025-10-15,487,0.0,False,Resolved,1
CC-2024-1104,London Commercial Court,JUD-02,2024-06-15,High,496260.54,2,True,False,Settled,2025-07-29,409,272415.26,False,Resolved,1
CC-2024-0730,US District Court — S.D.N.Y.,JUD-07,2024-06-15,Medium,573900.43,0,False,False,Settled,2025-08-16,427,29899.04,False,Resolved,1
CC-2024-0777,London Commercial Court,JUD-01,2024-06-15,High,395585.29,2,False,False,,,745,,,Ongoing,0
CC-2024-0956,Dubai International Fin. Centre,JUD-10,2024-06-15,High,343421.09,0,False,False,Settled,2026-03-07,630,69707.5,False,Resolved,1
CC-2024-0273,US District Court — S.D.N.Y.,JUD-07,2024-06-15,Low,2614643.21,2,True,True,Dismissed,2025-02-15,245,0.0,False,Resolved,1
CC-2024-1259,US District Court — N.D. Cal.,JUD-08,2024-06-15,Low,754559.89,0,True,True,Dismissed,2024-10-21,128,0.0,False,Resolved,1
CC-2024-0262,High Court — KBD (TCC),JUD-05,2024-06-16,Low,1176074.33,2,False,False,Settled,2025-07-09,388,906738.89,False,Resolved,1
CC-2024-1082,US District Court — S.D.N.Y.,JUD-07,2024-06-16,Medium,86605.32,0,False,False,Settled,2025-03-27,284,19023.12,False,Resolved,1
CC-2024-0118,High Court — KBD (TCC),JUD-05,2024-06-16,Medium,278509.97,2,False,False,Dismissed,2026-03-02,624,0.0,False,Resolved,1
CC-2024-1076,US District Court — S.D.N.Y.,JUD-06,2024-06-16,Medium,1308503.05,4,False,False,Settled,2025-09-19,460,807631.6,False,Resolved,1
CC-2024-0313,US District Court — S.D.N.Y.,JUD-07,2024-06-16,Low,231822.86,0,True,True,Dismissed,2024-10-30,136,0.0,False,Resolved,1
CC-2024-0665,US District Court — S.D.N.Y.,JUD-06,2024-06-16,Low,326829.75,1,False,False,Settled,2025-03-18,275,139438.81,False,Resolved,1
CC-2024-1237,High Court — Chancery Division,JUD-03,2024-06-16,High,136681.27,7,True,True,Settled,2026-06-15,729,58510.4,True,Resolved,1
CC-2024-0964,Dubai International Fin. Centre,JUD-10,2024-06-17,Medium,469517.59,4,False,False,Settled,2025-06-22,370,163392.55,False,Resolved,1
CC-2024-0330,London Commercial Court,JUD-02,2024-06-17,Low,1399983.22,1,True,True,Dismissed,2024-12-22,188,0.0,False,Resolved,1
CC-2024-1131,London Commercial Court,JUD-02,2024-06-18,Low,403260.8,1,False,False,Settled,2025-06-13,360,121697.45,False,Resolved,1
CC-2024-0488,US District Court — S.D.N.Y.,JUD-06,2024-06-19,Medium,92581.87,1,False,False,Settled,2025-09-07,445,11103.12,False,Resolved,1
CC-2024-0260,Dubai International Fin. Centre,JUD-10,2024-06-20,Medium,1960673.17,1,False,False,Settled,2024-10-27,129,745844.77,False,Resolved,1
CC-2024-0193,High Court — Chancery Division,JUD-03,2024-06-20,Medium,178790.43,2,True,False,Dismissed,2025-12-21,549,0.0,False,Resolved,1
CC-2024-0453,High Court — Chancery Division,JUD-04,2024-06-21,Medium,484308.02,1,False,False,Settled,2025-08-15,420,159304.64,False,Resolved,1
CC-2024-1071,London Commercial Court,JUD-01,2024-06-21,Medium,3325116.36,2,True,True,Dismissed,2025-07-26,400,0.0,False,Resolved,1
CC-2024-0724,London Commercial Court,JUD-02,2024-06-21,High,1618215.25,3,True,False,,,739,,,Ongoing,0
CC-2024-0217,London Commercial Court,JUD-02,2024-06-21,Medium,481615.95,1,True,False,Settled,2025-12-04,531,402841.18,False,Resolved,1
CC-2024-0202,High Court — Chancery Division,JUD-04,2024-06-21,Medium,234474.61,2,False,False,Dismissed,2025-08-31,436,0.0,False,Resolved,1
CC-2024-0145,Dubai International Fin. Centre,JUD-10,2024-06-22,High,903597.97,7,True,False,,,738,,,Ongoing,0
CC-2024-1029,US District Court — S.D.N.Y.,JUD-07,2024-06-23,Medium,265511.22,4,False,False,Settled,2025-09-05,439,79759.61,False,Resolved,1
CC-2024-0439,Dubai International Fin. Centre,JUD-10,2024-06-23,Medium,223922.86,1,True,False,Settled,2024-12-23,183,127135.74,False,Resolved,1
CC-2024-0531,High Court — Chancery Division,JUD-04,2024-06-23,Low,82864.5,0,True,False,Settled,2026-01-02,558,7798.92,False,Resolved,1
CC-2024-0512,London Commercial Court,JUD-01,2024-06-23,High,543623.98,1,True,False,Settled,2026-06-16,723,305488.46,False,Resolved,1
CC-2024-0935,Singapore International Comm.,JUD-09,2024-06-24,Medium,435692.19,0,False,False,Settled,2025-07-09,380,81165.82,False,Resolved,1
CC-2024-1025,US District Court — S.D.N.Y.,JUD-06,2024-06-24,Low,1362735.89,3,False,False,Dismissed,2025-06-02,343,0.0,False,Resolved,1
CC-2024-0459,US District Court — N.D. Cal.,JUD-08,2024-06-24,High,986335.18,6,True,False,,,736,,,Ongoing,0
CC-2024-0451,US District Court — N.D. Cal.,JUD-08,2024-06-25,Medium,340885.22,2,True,False,Settled,2025-10-17,479,102426.49,False,Resolved,1
CC-2024-0206,US District Court — S.D.N.Y.,JUD-07,2024-06-25,Medium,464912.85,2,True,False,Settled,2025-12-17,540,208974.6,False,Resolved,1
CC-2024-0852,Singapore International Comm.,JUD-09,2024-06-25,Low,386477.18,1,False,False,Settled,2025-01-05,194,164590.58,False,Resolved,1
CC-2024-1146,London Commercial Court,JUD-02,2024-06-25,Medium,219632.98,1,False,False,Dismissed,2025-06-24,364,0.0,False,Resolved,1
CC-2024-0949,High Court — KBD (TCC),JUD-05,2024-06-25,Medium,566229.56,4,True,False,Settled,2025-10-29,491,248589.72,False,Resolved,1
CC-2024-1154,High Court — Chancery Division,JUD-03,2024-06-27,High,623670.81,5,True,True,Dismissed,2025-03-18,264,0.0,False,Resolved,1
CC-2024-0813,London Commercial Court,JUD-01,2024-06-27,Medium,2130163.98,4,True,False,,,733,,,Ongoing,0
CC-2024-0136,High Court — Chancery Division,JUD-03,2024-06-27,Low,379638.82,4,True,False,Settled,2025-08-24,423,169015.83,False,Resolved,1
CC-2024-0462,US District Court — S.D.N.Y.,JUD-07,2024-06-27,Medium,280231.04,0,False,False,Dismissed,2025-06-16,354,0.0,False,Resolved,1
CC-2024-1070,Singapore International Comm.,JUD-09,2024-06-27,Medium,638598.71,4,True,True,Dismissed,2025-08-02,401,0.0,False,Resolved,1
CC-2024-0957,US District Court — S.D.N.Y.,JUD-07,2024-06-28,Low,1126729.57,1,False,False,Settled,2025-04-11,287,306924.29,False,Resolved,1
CC-2024-0932,London Commercial Court,JUD-01,2024-06-28,Medium,646476.28,3,False,False,Settled,2025-09-15,444,197062.96,True,Resolved,1
CC-2024-0119,US District Court — N.D. Cal.,JUD-08,2024-06-28,Medium,415204.33,3,False,False,Settled,2025-02-11,228,274927.82,False,Resolved,1
CC-2024-0316,London Commercial Court,JUD-01,2024-06-28,Medium,758950.12,3,True,False,Settled,2025-08-24,422,167993.56,False,Resolved,1
CC-2024-0134,High Court — KBD (TCC),JUD-05,2024-06-29,Medium,1219710.37,5,False,False,Dismissed,2025-09-30,458,0.0,False,Resolved,1
CC-2024-0430,US District Court — N.D. Cal.,JUD-08,2024-06-29,Medium,1760043.34,3,False,False,Settled,2025-06-01,337,919332.74,False,Resolved,1
CC-2024-1088,US District Court — S.D.N.Y.,JUD-07,2024-06-29,High,1488339.25,5,True,False,Settled,2026-03-30,639,653486.67,False,Resolved,1
CC-2024-0004,High Court — KBD (TCC),JUD-05,2024-06-30,Low,507750.75,1,False,False,Settled,2025-02-19,234,195472.39,False,Resolved,1
CC-2024-0817,London Commercial Court,JUD-02,2024-06-30,Low,106853.69,0,False,False,Dismissed,2025-01-31,215,0.0,False,Resolved,1
CC-2024-0362,London Commercial Court,JUD-01,2024-06-30,Medium,1550841.42,3,False,False,Dismissed,2026-05-08,677,0.0,False,Resolved,1
CC-2024-0003,London Commercial Court,JUD-02,2024-06-30,Low,438193.78,2,True,False,Settled,2025-08-19,415,127331.11,False,Resolved,1
CC-2024-0743,London Commercial Court,JUD-01,2024-07-01,High,455385.42,2,False,False,Dismissed,2026-03-10,617,0.0,False,Resolved,1
CC-2024-0526,London Commercial Court,JUD-01,2024-07-01,Medium,378148.12,2,False,False,Dismissed,2025-02-27,241,0.0,False,Resolved,1
CC-2024-0833,US District Court — S.D.N.Y.,JUD-06,2024-07-02,Medium,1117443.3,1,False,False,Settled,2026-06-14,712,329134.4,False,Resolved,1
CC-2024-0915,High Court — Chancery Division,JUD-04,2024-07-02,High,900541.37,6,False,False,,,728,,,Ongoing,0
CC-2024-0826,US District Court — S.D.N.Y.,JUD-06,2024-07-02,High,2313249.48,7,False,False,,,728,,,Ongoing,0
CC-2024-0278,High Court — KBD (TCC),JUD-05,2024-07-02,Low,1749546.57,3,True,False,Settled,2026-04-14,651,437146.42,False,Resolved,1
CC-2024-0159,High Court — Chancery Division,JUD-03,2024-07-02,High,3205878.25,3,False,False,Dismissed,2026-01-13,560,0.0,False,Resolved,1
CC-2024-1098,London Commercial Court,JUD-01,2024-07-02,Medium,359173.16,2,True,False,Settled,2025-05-19,321,191661.2,False,Resolved,1
CC-2024-0675,Singapore International Comm.,JUD-09,2024-07-03,Low,5281127.57,2,False,False,Settled,2025-03-19,259,3299561.14,False,Resolved,1
CC-2024-0180,London Commercial Court,JUD-02,2024-07-03,Medium,1720480.23,3,False,False,Settled,2025-08-02,395,520885.28,False,Resolved,1
CC-2024-0925,Singapore International Comm.,JUD-09,2024-07-04,Medium,369982.4,4,True,False,Settled,2025-12-24,538,218170.68,False,Resolved,1
CC-2024-0221,High Court — Chancery Division,JUD-04,2024-07-04,Medium,2713164.23,2,False,False,,,726,,,Ongoing,0
CC-2024-0658,US District Court — S.D.N.Y.,JUD-07,2024-07-05,Low,2350732.36,1,True,False,Settled,2025-09-24,446,419771.6,True,Resolved,1
CC-2024-0372,High Court — KBD (TCC),JUD-05,2024-07-06,Low,1139233.36,1,True,False,Dismissed,2025-05-17,315,0.0,False,Resolved,1
CC-2024-0421,London Commercial Court,JUD-01,2024-07-06,Low,509199.01,0,False,False,Dismissed,2025-02-02,211,0.0,False,Resolved,1
CC-2024-1132,London Commercial Court,JUD-01,2024-07-06,Low,719818.96,1,False,False,Settled,2024-12-22,169,299260.37,False,Resolved,1
CC-2024-0354,Singapore International Comm.,JUD-09,2024-07-06,Medium,268893.7,1,True,False,Dismissed,2025-05-22,320,0.0,False,Resolved,1
CC-2024-0408,US District Court — N.D. Cal.,JUD-08,2024-07-06,Medium,749681.74,2,False,False,Settled,2025-09-25,446,202782.85,False,Resolved,1
CC-2024-1234,US District Court — S.D.N.Y.,JUD-07,2024-07-06,Low,465777.1,1,True,True,Settled,2025-05-24,322,92835.04,False,Resolved,1
CC-2024-0790,London Commercial Court,JUD-01,2024-07-06,Medium,357143.5,3,True,False,Dismissed,2025-04-27,295,0.0,False,Resolved,1
CC-2024-1223,High Court — KBD (TCC),JUD-05,2024-07-07,Low,1882072.09,1,False,False,,,723,,,Ongoing,0
CC-2024-0310,London Commercial Court,JUD-02,2024-07-07,Low,69244.97,0,False,False,Dismissed,2025-01-21,198,0.0,False,Resolved,1
CC-2024-0748,London Commercial Court,JUD-01,2024-07-07,Low,220364.29,0,True,False,Settled,2025-02-03,211,13159.79,False,Resolved,1
CC-2024-0352,Singapore International Comm.,JUD-09,2024-07-07,Medium,122807.43,1,False,False,Settled,2025-03-24,260,45428.14,False,Resolved,1
CC-2024-0558,Dubai International Fin. Centre,JUD-10,2024-07-07,Low,697591.04,0,True,True,Dismissed,2025-03-04,240,0.0,False,Resolved,1
CC-2024-0849,US District Court — S.D.N.Y.,JUD-07,2024-07-07,Low,567871.24,2,False,False,Settled,2025-05-24,321,112611.64,False,Resolved,1
CC-2024-1169,London Commercial Court,JUD-01,2024-07-07,Medium,735897.09,4,False,False,Settled,2025-08-14,403,191864.27,False,Resolved,1
CC-2024-0187,US District Court — N.D. Cal.,JUD-08,2024-07-08,Medium,692892.52,1,True,False,Dismissed,2025-03-08,243,0.0,False,Resolved,1
CC-2024-0427,US District Court — S.D.N.Y.,JUD-06,2024-07-08,Low,307024.89,1,True,False,Settled,2025-07-23,380,114976.25,False,Resolved,1
CC-2024-1256,High Court — Chancery Division,JUD-03,2024-07-08,Medium,224694.87,2,False,False,Dismissed,2025-07-16,373,0.0,False,Resolved,1
CC-2024-0963,High Court — KBD (TCC),JUD-05,2024-07-08,Medium,510718.24,3,True,False,,,722,,,Ongoing,0
CC-2024-0870,US District Court — N.D. Cal.,JUD-08,2024-07-08,Medium,1646329.06,3,True,False,Settled,2026-01-22,563,533754.93,False,Resolved,1
CC-2024-0569,High Court — Chancery Division,JUD-04,2024-07-08,High,1154102.25,5,False,False,,,722,,,Ongoing,0
CC-2024-1151,London Commercial Court,JUD-02,2024-07-08,Medium,663539.42,5,False,False,Settled,2025-03-09,244,399976.71,False,Resolved,1
CC-2024-1140,US District Court — S.D.N.Y.,JUD-07,2024-07-09,Medium,192039.32,3,False,False,Dismissed,2026-01-04,544,0.0,False,Resolved,1
CC-2024-0492,London Commercial Court,JUD-01,2024-07-09,Medium,2407941.37,3,False,False,Settled,2025-12-29,538,1390858.65,False,Resolved,1
CC-2024-0063,High Court — Chancery Division,JUD-04,2024-07-09,High,1622231.99,2,True,False,,,721,,,Ongoing,0
CC-2024-0583,US District Court — N.D. Cal.,JUD-08,2024-07-10,Low,1986840.96,0,False,False,Dismissed,2025-06-05,330,0.0,False,Resolved,1
CC-2024-0727,US District Court — S.D.N.Y.,JUD-07,2024-07-10,Medium,196220.38,2,False,False,Trial Judgment,2026-01-18,557,66710.28,False,Resolved,1
CC-2024-0254,US District Court — S.D.N.Y.,JUD-07,2024-07-10,Medium,2540168.3,2,False,False,Settled,2025-04-18,282,468388.72,False,Resolved,1
CC-2024-0238,High Court — KBD (TCC),JUD-05,2024-07-11,Medium,422610.58,1,False,False,Dismissed,2025-06-18,342,0.0,False,Resolved,1
CC-2024-0687,US District Court — N.D. Cal.,JUD-08,2024-07-11,Medium,478000.95,5,True,False,Dismissed,2025-08-31,416,0.0,False,Resolved,1
CC-2024-0982,US District Court — N.D. Cal.,JUD-08,2024-07-11,Medium,687561.12,2,False,False,Settled,2025-11-27,504,180085.26,False,Resolved,1
CC-2024-1004,London Commercial Court,JUD-02,2024-07-11,Low,1330554.27,1,True,False,,,719,,,Ongoing,0
CC-2024-0360,London Commercial Court,JUD-01,2024-07-11,Medium,1169980.97,5,False,False,Settled,2025-10-29,475,900739.27,False,Resolved,1
CC-2024-0326,High Court — Chancery Division,JUD-04,2024-07-11,Low,83090.5,0,False,False,Settled,2024-12-03,145,47351.54,False,Resolved,1
CC-2024-0156,High Court — KBD (TCC),JUD-05,2024-07-12,Low,1567114.1,1,True,False,Settled,2025-10-25,470,450722.72,False,Resolved,1
CC-2024-0577,London Commercial Court,JUD-01,2024-07-12,Low,170834.27,2,False,False,Dismissed,2025-05-23,315,0.0,False,Resolved,1
CC-2024-1175,London Commercial Court,JUD-02,2024-07-13,Low,122520.39,0,False,False,Dismissed,2025-01-16,187,0.0,False,Resolved,1
CC-2024-0670,US District Court — S.D.N.Y.,JUD-06,2024-07-13,High,326163.93,4,True,False,Settled,2025-05-08,299,10793.41,False,Resolved,1
CC-2024-0929,High Court — Chancery Division,JUD-04,2024-07-13,High,662040.51,3,True,False,Settled,2026-03-05,600,499529.54,False,Resolved,1
CC-2024-0612,High Court — Chancery Division,JUD-04,2024-07-14,High,3271839.93,2,True,False,,,716,,,Ongoing,0
CC-2024-0370,London Commercial Court,JUD-02,2024-07-14,Low,287284.73,1,True,False,Settled,2025-05-19,309,243392.55,False,Resolved,1
CC-2024-0112,High Court — KBD (TCC),JUD-05,2024-07-14,High,107820.53,1,False,False,Trial Judgment,2026-04-01,626,41776.29,False,Resolved,1
CC-2024-0374,London Commercial Court,JUD-01,2024-07-14,Low,1073269.12,2,False,False,Settled,2025-09-06,419,158853.96,False,Resolved,1
CC-2024-0286,Singapore International Comm.,JUD-09,2024-07-14,High,1424195.84,4,False,False,,,716,,,Ongoing,0
CC-2024-1135,US District Court — S.D.N.Y.,JUD-07,2024-07-15,High,1039797.24,8,True,False,,,715,,,Ongoing,0
CC-2024-0756,US District Court — S.D.N.Y.,JUD-07,2024-07-15,Medium,122213.13,2,False,False,Dismissed,2025-08-10,391,0.0,False,Resolved,1
CC-2024-0712,High Court — Chancery Division,JUD-03,2024-07-15,Low,917048.85,2,True,False,Settled,2025-10-24,466,198060.88,False,Resolved,1
CC-2024-0975,London Commercial Court,JUD-01,2024-07-15,Medium,404119.19,3,False,False,Settled,2025-02-05,205,71166.14,False,Resolved,1
CC-2024-0435,High Court — Chancery Division,JUD-03,2024-07-16,Medium,478588.73,4,True,False,Settled,2026-03-14,606,102677.26,False,Resolved,1
CC-2024-1026,London Commercial Court,JUD-01,2024-07-16,Medium,2009560.78,2,True,False,,,714,,,Ongoing,0
CC-2024-0157,US District Court — S.D.N.Y.,JUD-06,2024-07-16,Low,385483.26,1,False,False,Dismissed,2025-04-07,265,0.0,False,Resolved,1
CC-2024-0098,London Commercial Court,JUD-01,2024-07-16,High,356169.65,3,False,False,,,714,,,Ongoing,0
CC-2024-0704,High Court — KBD (TCC),JUD-05,2024-07-16,Low,1586500.91,1,False,False,Dismissed,2025-10-24,465,0.0,False,Resolved,1
CC-2024-0760,US District Court — S.D.N.Y.,JUD-07,2024-07-16,Medium,523193.51,1,True,False,,,714,,,Ongoing,0
CC-2024-0184,High Court — Chancery Division,JUD-03,2024-07-16,Medium,834737.54,0,False,False,Settled,2025-07-30,379,486440.88,False,Resolved,1
CC-2024-0233,Singapore International Comm.,JUD-09,2024-07-17,High,477477.94,3,True,False,Settled,2025-07-05,353,243586.91,False,Resolved,1
CC-2024-0186,High Court — KBD (TCC),JUD-05,2024-07-17,Medium,236333.16,1,True,True,Dismissed,2025-01-10,177,0.0,False,Resolved,1
CC-2024-0695,US District Court — S.D.N.Y.,JUD-06,2024-07-17,Medium,171452.18,3,False,False,Settled,2025-12-02,503,41785.33,False,Resolved,1
CC-2024-1174,High Court — Chancery Division,JUD-04,2024-07-18,Medium,261771.18,1,False,False,Settled,2025-07-31,378,41257.62,False,Resolved,1
CC-2024-0574,High Court — Chancery Division,JUD-04,2024-07-18,Low,92505.33,1,False,False,Settled,2025-01-06,172,36717.16,True,Resolved,1
CC-2024-0511,Dubai International Fin. Centre,JUD-10,2024-07-18,Low,660468.33,1,False,False,Settled,2025-04-26,282,89373.62,False,Resolved,1
CC-2024-0023,US District Court — S.D.N.Y.,JUD-06,2024-07-19,Medium,452908.14,3,False,False,Trial Judgment,2026-02-25,586,0.0,False,Resolved,1
CC-2024-0690,High Court — KBD (TCC),JUD-05,2024-07-19,Low,309641.59,1,True,False,Settled,2026-03-15,604,39060.76,True,Resolved,1
CC-2024-0066,London Commercial Court,JUD-02,2024-07-19,High,611993.89,2,False,False,Settled,2026-01-23,553,192712.83,False,Resolved,1
CC-2024-0904,London Commercial Court,JUD-02,2024-07-19,Low,300148.39,3,False,False,Settled,2025-01-14,179,99873.63,False,Resolved,1
CC-2024-1125,London Commercial Court,JUD-01,2024-07-20,High,373891.6,3,False,False,Settled,2026-04-01,620,224488.35,False,Resolved,1
CC-2024-0494,London Commercial Court,JUD-01,2024-07-20,Medium,401827.18,3,False,False,Dismissed,2025-08-25,401,0.0,False,Resolved,1
CC-2024-0803,High Court — Chancery Division,JUD-03,2024-07-20,Medium,778524.23,2,False,False,Settled,2025-11-18,486,276703.56,False,Resolved,1
CC-2024-0349,Dubai International Fin. Centre,JUD-10,2024-07-20,Medium,846724.55,2,True,False,Trial Judgment,2025-09-25,432,0.0,False,Resolved,1
CC-2024-1172,Singapore International Comm.,JUD-09,2024-07-20,Medium,602421.52,2,True,False,Settled,2025-07-23,368,90088.12,False,Resolved,1
CC-2024-0067,High Court — Chancery Division,JUD-03,2024-07-21,Medium,908484.75,3,True,False,,,709,,,Ongoing,0
CC-2024-0853,London Commercial Court,JUD-01,2024-07-21,Medium,839565.76,4,True,True,Dismissed,2025-02-20,214,0.0,False,Resolved,1
CC-2024-0101,US District Court — N.D. Cal.,JUD-08,2024-07-21,Medium,305752.5,2,False,False,Dismissed,2025-08-10,385,0.0,False,Resolved,1
CC-2024-1137,US District Court — N.D. Cal.,JUD-08,2024-07-22,High,528094.12,6,True,False,,,708,,,Ongoing,0
CC-2024-0155,London Commercial Court,JUD-02,2024-07-22,Medium,136649.42,0,False,False,Settled,2025-07-30,373,77898.34,False,Resolved,1
CC-2024-0678,Singapore International Comm.,JUD-09,2024-07-23,Medium,162635.55,2,False,False,Dismissed,2025-06-18,330,0.0,False,Resolved,1
CC-2024-0446,London Commercial Court,JUD-02,2024-07-23,Medium,1361518.05,1,True,False,,,707,,,Ongoing,0
CC-2024-0994,US District Court — S.D.N.Y.,JUD-06,2024-07-23,Medium,923335.64,3,True,False,Settled,2025-10-09,443,405623.79,False,Resolved,1
CC-2024-1059,Singapore International Comm.,JUD-09,2024-07-23,Medium,126880.91,1,False,False,Settled,2025-05-03,284,31674.26,False,Resolved,1
CC-2024-0036,London Commercial Court,JUD-02,2024-07-24,Low,364003.95,0,False,False,Dismissed,2024-11-22,121,0.0,False,Resolved,1
CC-2024-0033,London Commercial Court,JUD-02,2024-07-24,Low,5940157.61,4,True,False,Settled,2025-01-14,174,1734992.17,False,Resolved,1
CC-2024-0576,High Court — KBD (TCC),JUD-05,2024-07-24,Low,3230562.35,1,False,False,Settled,2025-05-15,295,959329.52,False,Resolved,1
CC-2024-1053,London Commercial Court,JUD-01,2024-07-24,Low,917603.68,0,True,True,Dismissed,2025-01-31,191,0.0,False,Resolved,1
CC-2024-0630,London Commercial Court,JUD-01,2024-07-24,Low,222823.78,0,False,False,Settled,2024-12-18,147,154022.61,False,Resolved,1
CC-2024-0043,US District Court — N.D. Cal.,JUD-08,2024-07-24,Medium,290676.02,2,True,False,Settled,2025-05-05,285,46471.88,False,Resolved,1
CC-2024-0248,High Court — KBD (TCC),JUD-05,2024-07-25,Medium,453749.09,1,False,False,Settled,2025-05-07,286,232655.66,False,Resolved,1
CC-2024-0335,High Court — KBD (TCC),JUD-05,2024-07-25,High,437139.11,4,True,True,,,705,,,Ongoing,0
CC-2024-0633,US District Court — N.D. Cal.,JUD-08,2024-07-25,Medium,320863.68,1,False,False,Dismissed,2025-06-16,326,0.0,False,Resolved,1
CC-2024-1123,London Commercial Court,JUD-02,2024-07-26,Low,1313598.52,1,False,False,Settled,2026-03-01,583,193392.99,True,Resolved,1
CC-2024-1049,US District Court — S.D.N.Y.,JUD-07,2024-07-26,Medium,693756.17,1,False,False,Settled,2026-02-25,579,212842.08,False,Resolved,1
CC-2024-0341,High Court — KBD (TCC),JUD-05,2024-07-26,Low,1306512.66,2,True,False,Settled,2025-09-18,419,870982.75,False,Resolved,1
CC-2024-0347,High Court — KBD (TCC),JUD-05,2024-07-26,Low,687927.32,0,False,False,Settled,2025-05-19,297,285783.33,False,Resolved,1
CC-2024-0501,London Commercial Court,JUD-02,2024-07-27,Medium,363307.92,1,True,False,Trial Judgment,2026-05-11,653,78292.93,False,Resolved,1
CC-2024-0705,US District Court — N.D. Cal.,JUD-08,2024-07-27,High,242156.08,1,True,False,,,703,,,Ongoing,0
CC-2024-1067,High Court — Chancery Division,JUD-04,2024-07-27,Medium,329425.74,1,False,False,Settled,2026-04-29,641,249857.78,False,Resolved,1
CC-2024-0654,High Court — KBD (TCC),JUD-05,2024-07-27,Low,158387.66,1,False,False,Settled,2025-09-07,407,34834.21,False,Resolved,1
CC-2024-0234,High Court — Chancery Division,JUD-03,2024-07-28,High,201215.05,2,False,False,Dismissed,2025-12-23,513,0.0,False,Resolved,1
CC-2024-0988,Dubai International Fin. Centre,JUD-10,2024-07-28,Medium,251690.13,4,True,True,Settled,2025-10-31,460,78861.39,False,Resolved,1
CC-2024-0527,London Commercial Court,JUD-02,2024-07-28,High,398617.44,6,False,False,,,702,,,Ongoing,0
CC-2024-0859,London Commercial Court,JUD-02,2024-07-28,High,222212.41,3,False,False,Dismissed,2025-09-02,401,0.0,False,Resolved,1
CC-2024-0879,US District Court — S.D.N.Y.,JUD-07,2024-07-28,High,1378768.78,7,True,False,,,702,,,Ongoing,0
CC-2024-0237,US District Court — N.D. Cal.,JUD-08,2024-07-29,Low,330564.89,3,True,False,Settled,2025-04-22,267,116525.74,False,Resolved,1
CC-2024-0713,High Court — KBD (TCC),JUD-05,2024-07-29,High,1170043.35,4,True,False,,,701,,,Ongoing,0
CC-2024-0175,US District Court — N.D. Cal.,JUD-08,2024-07-29,Medium,2219486.9,1,True,False,,,701,,,Ongoing,0
CC-2024-0605,High Court — KBD (TCC),JUD-05,2024-07-30,Medium,1300622.9,3,True,True,,,700,,,Ongoing,0
CC-2024-0917,Dubai International Fin. Centre,JUD-10,2024-07-30,Medium,763043.06,4,True,False,Settled,2025-12-14,502,167888.76,False,Resolved,1
CC-2024-0480,Singapore International Comm.,JUD-09,2024-07-30,Medium,766703.35,1,False,False,Settled,2025-07-11,346,214929.05,False,Resolved,1
CC-2024-0386,US District Court — S.D.N.Y.,JUD-07,2024-07-31,Low,1317366.17,1,True,False,Dismissed,2025-06-24,328,0.0,False,Resolved,1
CC-2024-0022,US District Court — N.D. Cal.,JUD-08,2024-07-31,High,3195170.34,5,True,True,Dismissed,2025-11-05,462,0.0,False,Resolved,1
CC-2024-0814,High Court — Chancery Division,JUD-04,2024-07-31,High,1453757.38,3,False,False,,,699,,,Ongoing,0
CC-2024-0322,Dubai International Fin. Centre,JUD-10,2024-07-31,Low,238354.04,0,True,False,Settled,2025-02-02,186,120344.87,False,Resolved,1
CC-2024-0521,London Commercial Court,JUD-02,2024-08-01,Low,1325490.48,1,False,False,Trial Judgment,2025-09-04,399,1175186.5,False,Resolved,1
CC-2024-1225,High Court — KBD (TCC),JUD-05,2024-08-02,Low,192002.76,0,False,False,Dismissed,2025-02-19,201,0.0,False,Resolved,1
CC-2024-0039,High Court — Chancery Division,JUD-04,2024-08-02,Low,712477.97,1,False,False,Settled,2025-07-13,345,131401.97,False,Resolved,1
CC-2024-1019,Singapore International Comm.,JUD-09,2024-08-03,Medium,629819.91,2,True,True,Dismissed,2025-04-23,263,0.0,False,Resolved,1
CC-2024-1228,High Court — Chancery Division,JUD-03,2024-08-04,Medium,230182.98,2,False,False,Settled,2025-03-17,225,73893.06,False,Resolved,1
CC-2024-0247,London Commercial Court,JUD-01,2024-08-04,High,727231.32,3,False,False,,,695,,,Ongoing,0
CC-2024-0597,Singapore International Comm.,JUD-09,2024-08-05,High,332671.33,3,False,False,Dismissed,2026-05-03,636,0.0,False,Resolved,1
CC-2024-0876,London Commercial Court,JUD-01,2024-08-05,Medium,1434464.3,2,True,False,Dismissed,2025-07-20,349,0.0,False,Resolved,1
CC-2024-0580,US District Court — S.D.N.Y.,JUD-07,2024-08-05,Medium,188673.32,2,True,False,,,694,,,Ongoing,0
CC-2024-1122,High Court — KBD (TCC),JUD-05,2024-08-05,High,379313.77,2,False,False,Settled,2026-04-22,625,183893.58,False,Resolved,1
CC-2024-0487,US District Court — N.D. Cal.,JUD-08,2024-08-06,High,119486.52,3,False,False,Dismissed,2025-12-29,510,0.0,False,Resolved,1
CC-2024-0032,Singapore International Comm.,JUD-09,2024-08-06,Low,1627595.29,0,True,False,Dismissed,2025-01-23,170,0.0,False,Resolved,1
CC-2024-0302,High Court — Chancery Division,JUD-03,2024-08-06,Medium,333611.29,5,False,False,,,693,,,Ongoing,0
CC-2024-0467,High Court — KBD (TCC),JUD-05,2024-08-06,Low,248594.13,0,True,False,Dismissed,2025-02-23,201,0.0,False,Resolved,1
CC-2024-0148,High Court — KBD (TCC),JUD-05,2024-08-06,Medium,427674.9,1,False,False,,,693,,,Ongoing,0
CC-2024-0652,London Commercial Court,JUD-01,2024-08-06,Low,122335.22,0,False,False,Settled,2025-04-04,241,13207.08,False,Resolved,1
CC-2024-0496,US District Court — N.D. Cal.,JUD-08,2024-08-08,Medium,265892.24,0,False,False,Settled,2025-06-18,314,96001.01,False,Resolved,1
CC-2024-0737,High Court — KBD (TCC),JUD-05,2024-08-08,Medium,346593.2,0,False,False,,,691,,,Ongoing,0
CC-2024-0980,US District Court — N.D. Cal.,JUD-08,2024-08-08,Medium,1511081.52,5,True,False,Settled,2025-09-27,415,412596.77,False,Resolved,1
CC-2024-1015,High Court — KBD (TCC),JUD-05,2024-08-08,Medium,380643.6,1,True,True,Dismissed,2026-02-25,566,0.0,False,Resolved,1
CC-2024-0614,Singapore International Comm.,JUD-09,2024-08-08,High,66827.76,3,True,False,Settled,2026-02-14,555,21842.63,False,Resolved,1
CC-2024-0482,US District Court — S.D.N.Y.,JUD-07,2024-08-08,Low,805316.58,1,True,False,Settled,2025-07-24,350,115469.88,False,Resolved,1
CC-2024-1210,US District Court — N.D. Cal.,JUD-08,2024-08-09,Low,351988.25,1,False,False,Trial Judgment,2025-05-24,288,289099.24,False,Resolved,1
CC-2024-0034,High Court — Chancery Division,JUD-03,2024-08-09,Low,3709061.02,1,True,True,Dismissed,2025-04-27,261,0.0,False,Resolved,1
CC-2024-0402,US District Court — S.D.N.Y.,JUD-07,2024-08-09,Medium,523093.36,0,False,False,Settled,2025-06-20,315,183444.01,False,Resolved,1
CC-2024-0976,High Court — KBD (TCC),JUD-05,2024-08-10,Low,320189.09,1,True,True,Settled,2025-09-03,389,175347.65,False,Resolved,1
CC-2024-0160,High Court — Chancery Division,JUD-04,2024-08-10,Medium,230549.87,1,False,False,,,689,,,Ongoing,0
CC-2024-0460,High Court — Chancery Division,JUD-03,2024-08-10,Medium,630369.0,2,False,False,Settled,2025-12-04,481,298656.59,False,Resolved,1
CC-2024-0117,High Court — Chancery Division,JUD-04,2024-08-10,Medium,288493.38,2,False,False,Dismissed,2026-03-15,582,0.0,False,Resolved,1
CC-2024-0040,Dubai International Fin. Centre,JUD-10,2024-08-11,Medium,1464348.92,1,True,False,Settled,2026-06-28,686,308953.69,True,Resolved,1
CC-2024-0811,Dubai International Fin. Centre,JUD-10,2024-08-11,Medium,93825.39,5,False,False,Settled,2026-04-01,598,12598.89,False,Resolved,1
CC-2024-0911,High Court — KBD (TCC),JUD-05,2024-08-11,Low,980325.95,1,True,False,,,688,,,Ongoing,0
CC-2024-0703,London Commercial Court,JUD-02,2024-08-11,Medium,386465.67,2,False,False,Dismissed,2025-11-06,452,0.0,False,Resolved,1
CC-2024-0519,High Court — Chancery Division,JUD-03,2024-08-12,Low,205405.22,2,False,False,Settled,2025-05-25,286,63979.26,False,Resolved,1
CC-2024-0524,London Commercial Court,JUD-01,2024-08-12,Medium,759289.53,3,False,False,,,687,,,Ongoing,0
CC-2024-0940,US District Court — N.D. Cal.,JUD-08,2024-08-12,Low,171344.06,3,True,True,Dismissed,2025-02-18,190,0.0,False,Resolved,1
CC-2024-0224,Dubai International Fin. Centre,JUD-10,2024-08-12,Medium,1083770.73,2,False,False,Settled,2025-12-05,480,584960.6,False,Resolved,1
CC-2024-0933,High Court — Chancery Division,JUD-03,2024-08-13,High,404077.82,2,True,False,,,686,,,Ongoing,0
CC-2024-0363,London Commercial Court,JUD-01,2024-08-13,Medium,102192.17,1,False,False,Settled,2025-04-12,242,44836.06,False,Resolved,1
CC-2024-0856,High Court — Chancery Division,JUD-04,2024-08-13,Low,981783.4,2,False,False,Settled,2025-11-24,468,352453.43,False,Resolved,1
CC-2024-0686,Dubai International Fin. Centre,JUD-10,2024-08-13,High,91665.56,4,True,False,Settled,2026-01-31,536,16464.74,False,Resolved,1
CC-2024-1030,London Commercial Court,JUD-01,2024-08-13,Low,4449663.78,1,True,True,Dismissed,2025-03-22,221,0.0,False,Resolved,1
CC-2024-0445,Singapore International Comm.,JUD-09,2024-08-13,Medium,287723.53,5,False,False,Settled,2025-10-15,428,156692.83,False,Resolved,1
CC-2024-0618,London Commercial Court,JUD-01,2024-08-13,Low,286414.11,1,False,False,Settled,2026-01-13,518,25378.21,False,Resolved,1
CC-2024-0456,US District Court — S.D.N.Y.,JUD-06,2024-08-14,High,997241.91,8,True,False,,,685,,,Ongoing,0
CC-2024-0945,London Commercial Court,JUD-01,2024-08-14,Low,117066.79,1,False,False,Dismissed,2025-03-27,225,0.0,False,Resolved,1
CC-2024-1072,London Commercial Court,JUD-01,2024-08-14,Medium,106245.16,2,True,True,Dismissed,2025-07-08,328,0.0,False,Resolved,1
CC-2024-0176,High Court — KBD (TCC),JUD-05,2024-08-14,Low,320915.35,1,False,False,Settled,2025-05-27,286,182932.71,False,Resolved,1
CC-2024-0093,Singapore International Comm.,JUD-09,2024-08-14,Medium,185616.97,1,False,False,Dismissed,2025-02-16,186,0.0,False,Resolved,1
CC-2024-0359,Dubai International Fin. Centre,JUD-10,2024-08-14,High,568855.93,1,False,False,Settled,2025-08-14,365,133971.02,False,Resolved,1
CC-2024-0096,Singapore International Comm.,JUD-09,2024-08-15,Low,157336.22,0,False,False,Settled,2025-04-14,242,64724.74,True,Resolved,1
CC-2024-0072,High Court — Chancery Division,JUD-04,2024-08-15,Medium,1159261.18,4,True,False,Settled,2026-04-02,595,470098.5,False,Resolved,1
CC-2024-0428,London Commercial Court,JUD-01,2024-08-15,Medium,1794669.45,7,False,False,,,684,,,Ongoing,0
CC-2024-0434,Singapore International Comm.,JUD-09,2024-08-15,Medium,591050.6,0,True,False,Settled,2025-06-24,313,227105.7,False,Resolved,1
CC-2024-0899,Singapore International Comm.,JUD-09,2024-08-15,Medium,2472836.5,1,False,False,Settled,2025-08-07,357,667648.63,False,Resolved,1
CC-2024-0691,US District Court — N.D. Cal.,JUD-08,2024-08-15,Low,494270.75,3,False,False,Settled,2025-04-28,256,43292.96,False,Resolved,1
CC-2024-0626,US District Court — N.D. Cal.,JUD-08,2024-08-15,Medium,2797311.27,3,True,False,,,684,,,Ongoing,0
CC-2024-0902,US District Court — N.D. Cal.,JUD-08,2024-08-15,High,127911.87,1,False,False,Settled,2025-09-17,398,43578.56,False,Resolved,1
CC-2024-1153,US District Court — S.D.N.Y.,JUD-06,2024-08-15,Low,250499.95,1,False,False,Trial Judgment,2025-05-23,281,0.0,False,Resolved,1
CC-2024-0105,London Commercial Court,JUD-01,2024-08-16,Medium,191379.3,2,True,True,Dismissed,2025-04-07,234,0.0,False,Resolved,1
CC-2024-0778,London Commercial Court,JUD-01,2024-08-16,Low,491620.46,0,False,False,Settled,2025-03-16,212,91833.14,False,Resolved,1
CC-2024-0646,Dubai International Fin. Centre,JUD-10,2024-08-16,Low,1295722.9,0,True,False,Settled,2025-05-02,259,636952.99,False,Resolved,1
CC-2024-0271,London Commercial Court,JUD-01,2024-08-16,High,5631380.39,1,True,False,,,683,,,Ongoing,0
CC-2024-0948,Singapore International Comm.,JUD-09,2024-08-16,Low,965841.96,2,False,False,Settled,2025-05-07,264,292071.76,False,Resolved,1
CC-2024-0545,US District Court — N.D. Cal.,JUD-08,2024-08-16,High,138463.13,3,False,False,Settled,2025-10-29,439,2476.5,False,Resolved,1
CC-2024-0707,High Court — Chancery Division,JUD-03,2024-08-17,Medium,119571.49,1,False,False,Settled,2025-08-02,350,66432.01,False,Resolved,1
CC-2024-0417,US District Court — S.D.N.Y.,JUD-06,2024-08-17,High,1118741.65,2,False,False,,,682,,,Ongoing,0
CC-2024-0317,High Court — KBD (TCC),JUD-05,2024-08-17,High,587436.74,3,True,False,,,682,,,Ongoing,0
CC-2024-0644,High Court — KBD (TCC),JUD-05,2024-08-17,Low,835065.72,2,False,False,,,682,,,Ongoing,0
CC-2024-1065,High Court — KBD (TCC),JUD-05,2024-08-18,High,2467431.93,3,True,False,,,681,,,Ongoing,0
CC-2024-0947,High Court — Chancery Division,JUD-03,2024-08-19,Low,688332.5,3,True,False,Settled,2026-05-10,629,358481.96,False,Resolved,1
CC-2024-0950,London Commercial Court,JUD-01,2024-08-19,Medium,831720.2,0,False,False,Dismissed,2025-11-24,462,0.0,False,Resolved,1
CC-2024-0867,Singapore International Comm.,JUD-09,2024-08-19,High,416098.76,2,False,False,Settled,2026-02-07,537,91650.96,False,Resolved,1
CC-2024-1062,London Commercial Court,JUD-02,2024-08-19,Low,337462.89,0,True,True,Dismissed,2025-03-08,201,0.0,False,Resolved,1
CC-2024-0893,High Court — Chancery Division,JUD-04,2024-08-19,Medium,436536.49,3,False,False,,,680,,,Ongoing,0
CC-2024-0731,London Commercial Court,JUD-01,2024-08-19,High,302504.13,2,False,False,Settled,2025-10-20,427,163367.1,False,Resolved,1
CC-2024-0068,Singapore International Comm.,JUD-09,2024-08-19,Medium,2651911.35,4,True,False,Settled,2025-12-09,477,940447.7,False,Resolved,1
CC-2024-0565,Singapore International Comm.,JUD-09,2024-08-20,Low,619329.64,2,True,False,Settled,2025-08-10,355,28776.61,False,Resolved,1
CC-2024-0984,US District Court — S.D.N.Y.,JUD-06,2024-08-20,Medium,1181946.22,1,False,False,Settled,2025-07-28,342,525311.11,False,Resolved,1
CC-2024-1191,High Court — Chancery Division,JUD-03,2024-08-20,Medium,210701.13,2,False,False,Settled,2025-12-10,477,75335.34,False,Resolved,1
CC-2024-1058,US District Court — S.D.N.Y.,JUD-06,2024-08-21,Low,874410.21,2,True,False,Settled,2025-05-23,275,471776.67,False,Resolved,1
CC-2024-0958,High Court — KBD (TCC),JUD-05,2024-08-21,Low,211032.6,0,False,False,Dismissed,2025-02-21,184,0.0,False,Resolved,1
CC-2024-0863,High Court — Chancery Division,JUD-04,2024-08-21,Low,3572934.19,4,False,False,Dismissed,2025-11-15,451,0.0,False,Resolved,1
CC-2024-0242,Dubai International Fin. Centre,JUD-10,2024-08-22,Low,728471.99,1,True,False,Settled,2025-06-06,288,217390.24,False,Resolved,1
CC-2024-0655,Dubai International Fin. Centre,JUD-10,2024-08-23,Medium,652690.06,1,False,False,Settled,2025-09-01,374,234776.38,False,Resolved,1
CC-2024-0827,US District Court — N.D. Cal.,JUD-08,2024-08-23,High,3785869.33,8,True,False,,,676,,,Ongoing,0
CC-2024-0685,Dubai International Fin. Centre,JUD-10,2024-08-25,Medium,581372.18,0,True,False,Dismissed,2025-09-22,393,0.0,False,Resolved,1
CC-2024-1155,London Commercial Court,JUD-02,2024-08-25,Medium,85573.32,0,False,False,Settled,2025-12-13,475,14266.66,False,Resolved,1
CC-2024-0643,High Court — KBD (TCC),JUD-05,2024-08-26,Medium,418650.14,3,False,False,Dismissed,2025-08-06,345,0.0,False,Resolved,1
CC-2024-0699,London Commercial Court,JUD-02,2024-08-26,Low,1877194.61,3,True,False,Dismissed,2025-08-01,340,0.0,False,Resolved,1
CC-2024-1032,Dubai International Fin. Centre,JUD-10,2024-08-27,Medium,227297.2,4,False,False,Dismissed,2026-02-04,526,0.0,False,Resolved,1
CC-2024-0334,London Commercial Court,JUD-02,2024-08-27,Medium,353105.99,2,True,False,Settled,2026-03-21,571,107261.58,True,Resolved,1
CC-2024-0651,US District Court — S.D.N.Y.,JUD-06,2024-08-27,Medium,1311855.84,4,False,False,Settled,2025-10-31,430,380992.77,False,Resolved,1
CC-2024-0939,London Commercial Court,JUD-01,2024-08-27,High,378899.8,5,True,False,,,672,,,Ongoing,0
CC-2024-0094,US District Court — S.D.N.Y.,JUD-06,2024-08-27,Low,743545.07,0,False,False,Settled,2025-06-13,290,204282.48,False,Resolved,1
CC-2024-0552,US District Court — N.D. Cal.,JUD-08,2024-08-28,Low,210368.28,0,False,False,Settled,2025-02-09,165,93746.02,False,Resolved,1
CC-2024-0415,High Court — Chancery Division,JUD-03,2024-08-28,Low,562221.79,2,True,False,Settled,2025-07-13,319,190427.03,False,Resolved,1
CC-2024-0057,High Court — Chancery Division,JUD-04,2024-08-28,Low,780399.98,1,True,True,Dismissed,2025-03-27,211,0.0,False,Resolved,1
CC-2024-0844,US District Court — S.D.N.Y.,JUD-06,2024-08-29,Medium,2289211.25,5,True,False,,,670,,,Ongoing,0
CC-2024-0883,London Commercial Court,JUD-02,2024-08-29,Low,110509.65,0,False,False,Settled,2025-04-06,220,43701.58,False,Resolved,1
CC-2024-1034,US District Court — S.D.N.Y.,JUD-06,2024-08-29,High,1406337.8,1,False,False,Dismissed,2025-08-24,360,0.0,False,Resolved,1
CC-2024-0839,Dubai International Fin. Centre,JUD-10,2024-08-29,High,279223.48,4,False,False,Settled,2026-05-17,626,171020.88,False,Resolved,1
CC-2024-0615,London Commercial Court,JUD-02,2024-08-29,Medium,692256.52,4,False,False,Settled,2025-10-14,411,256461.74,False,Resolved,1
CC-2024-1001,London Commercial Court,JUD-01,2024-08-29,High,287804.02,6,False,False,Settled,2025-12-20,478,213448.36,False,Resolved,1
CC-2024-1112,Dubai International Fin. Centre,JUD-10,2024-08-29,Medium,517435.52,1,True,False,Settled,2026-01-22,511,304012.42,False,Resolved,1
CC-2024-0525,London Commercial Court,JUD-02,2024-08-30,Medium,227952.38,0,False,False,Settled,2025-04-17,230,156135.05,False,Resolved,1
CC-2024-1128,London Commercial Court,JUD-02,2024-08-30,Medium,913708.84,3,False,False,Settled,2025-08-19,354,238049.97,False,Resolved,1
CC-2024-0542,London Commercial Court,JUD-01,2024-08-31,Low,4009763.67,3,False,False,Settled,2025-04-03,215,1586930.86,False,Resolved,1
CC-2024-0270,Singapore International Comm.,JUD-09,2024-08-31,High,917265.89,7,True,False,,,668,,,Ongoing,0
CC-2024-1190,US District Court — S.D.N.Y.,JUD-07,2024-08-31,Low,231383.67,1,False,False,Settled,2025-06-24,297,129544.03,False,Resolved,1
CC-2024-0600,London Commercial Court,JUD-01,2024-08-31,Low,168689.78,0,False,False,Dismissed,2025-02-28,181,0.0,False,Resolved,1
CC-2024-0255,London Commercial Court,JUD-02,2024-09-01,High,769380.27,4,True,False,,,667,,,Ongoing,0
CC-2024-0913,High Court — KBD (TCC),JUD-05,2024-09-01,Medium,386213.29,1,False,False,,,667,,,Ongoing,0
CC-2024-0127,Dubai International Fin. Centre,JUD-10,2024-09-01,Medium,184565.25,2,True,False,Settled,2026-04-08,584,22931.69,False,Resolved,1
CC-2024-0179,High Court — KBD (TCC),JUD-05,2024-09-01,Medium,474546.38,4,True,True,Settled,2026-02-15,532,152185.06,False,Resolved,1
CC-2024-0502,Singapore International Comm.,JUD-09,2024-09-01,Low,112875.36,0,False,False,Dismissed,2025-01-14,135,0.0,False,Resolved,1
CC-2024-0301,High Court — Chancery Division,JUD-04,2024-09-01,High,441502.02,2,False,False,,,667,,,Ongoing,0
CC-2024-0258,Dubai International Fin. Centre,JUD-10,2024-09-02,Medium,849646.66,5,False,False,Settled,2026-05-04,609,598370.51,False,Resolved,1
CC-2024-0927,High Court — KBD (TCC),JUD-05,2024-09-02,Low,412740.94,0,False,False,Settled,2025-04-24,234,13529.69,False,Resolved,1
CC-2024-1240,Singapore International Comm.,JUD-09,2024-09-02,High,344120.2,5,False,False,Settled,2026-05-27,632,60436.92,False,Resolved,1
CC-2024-0222,High Court — Chancery Division,JUD-04,2024-09-02,High,2079412.93,6,True,True,,,666,,,Ongoing,0
CC-2024-0629,US District Court — S.D.N.Y.,JUD-06,2024-09-02,Medium,146008.78,2,False,False,Settled,2025-04-03,213,17939.22,False,Resolved,1
CC-2024-0901,London Commercial Court,JUD-01,2024-09-02,Medium,1033790.43,2,False,False,Settled,2025-09-13,376,344100.65,False,Resolved,1
CC-2024-0613,High Court — Chancery Division,JUD-03,2024-09-02,Medium,1800202.42,5,True,False,,,666,,,Ongoing,0
CC-2024-0433,High Court — Chancery Division,JUD-04,2024-09-03,Medium,187334.56,3,True,False,Settled,2026-05-13,617,17878.15,False,Resolved,1
CC-2024-0144,US District Court — S.D.N.Y.,JUD-06,2024-09-03,Low,329508.85,1,True,False,Dismissed,2025-07-30,330,0.0,False,Resolved,1
CC-2024-0418,High Court — Chancery Division,JUD-04,2024-09-03,Low,283805.39,0,False,False,Settled,2025-09-29,391,113319.81,False,Resolved,1
CC-2024-1054,US District Court — S.D.N.Y.,JUD-06,2024-09-03,Medium,379043.51,2,False,False,Settled,2025-08-12,343,132667.02,False,Resolved,1
CC-2024-0264,US District Court — S.D.N.Y.,JUD-06,2024-09-03,Low,256337.95,0,False,False,Settled,2025-01-12,131,169373.36,False,Resolved,1
CC-2024-0161,London Commercial Court,JUD-02,2024-09-04,Medium,4419792.63,5,False,False,,,664,,,Ongoing,0
CC-2024-0914,Singapore International Comm.,JUD-09,2024-09-04,Low,77661.36,0,False,False,Settled,2025-05-06,244,11836.15,False,Resolved,1
CC-2024-0138,High Court — Chancery Division,JUD-03,2024-09-04,Low,739499.24,2,True,False,Dismissed,2025-10-05,396,0.0,False,Resolved,1
CC-2024-0100,Singapore International Comm.,JUD-09,2024-09-05,Medium,112216.82,5,False,False,Settled,2025-09-08,368,50045.83,False,Resolved,1
CC-2024-0784,Singapore International Comm.,JUD-09,2024-09-05,High,688031.78,1,False,False,,,663,,,Ongoing,0
CC-2024-1185,High Court — KBD (TCC),JUD-05,2024-09-05,Low,184870.69,0,True,False,Settled,2025-12-16,467,132687.13,True,Resolved,1
CC-2024-0642,London Commercial Court,JUD-02,2024-09-05,High,545399.16,9,True,False,,,663,,,Ongoing,0
CC-2024-1239,High Court — Chancery Division,JUD-03,2024-09-06,High,411711.54,2,True,True,Settled,2025-10-22,411,216700.6,False,Resolved,1
CC-2024-1130,US District Court — S.D.N.Y.,JUD-06,2024-09-06,Low,1167572.24,1,False,False,Settled,2025-03-28,203,289486.21,False,Resolved,1
CC-2024-0062,Singapore International Comm.,JUD-09,2024-09-06,Medium,638594.68,4,True,False,Settled,2025-08-25,353,220968.09,False,Resolved,1
CC-2024-0249,High Court — Chancery Division,JUD-04,2024-09-07,Low,391461.35,3,False,False,Settled,2025-11-20,439,131802.23,False,Resolved,1
CC-2024-0074,Singapore International Comm.,JUD-09,2024-09-07,Medium,399459.83,7,False,False,Settled,2026-06-19,650,8656.26,False,Resolved,1
CC-2024-0139,US District Court — S.D.N.Y.,JUD-06,2024-09-07,High,399128.0,2,False,False,,,661,,,Ongoing,0
CC-2024-0556,High Court — KBD (TCC),JUD-05,2024-09-07,Low,1519648.21,0,True,True,Dismissed,2025-06-27,293,0.0,False,Resolved,1
CC-2024-0481,US District Court — N.D. Cal.,JUD-08,2024-09-08,High,365796.65,6,False,False,,,660,,,Ongoing,0
CC-2024-0794,US District Court — N.D. Cal.,JUD-08,2024-09-08,Medium,5323956.27,5,True,False,,,660,,,Ongoing,0
CC-2024-1074,Dubai International Fin. Centre,JUD-10,2024-09-09,Medium,1108951.23,1,False,False,Dismissed,2025-08-31,356,0.0,False,Resolved,1
CC-2024-0924,US District Court — N.D. Cal.,JUD-08,2024-09-09,Medium,239224.1,4,True,False,Settled,2026-04-24,592,121384.7,False,Resolved,1
CC-2024-0910,High Court — Chancery Division,JUD-03,2024-09-09,Low,1193006.5,2,True,True,Dismissed,2025-02-24,168,0.0,False,Resolved,1
CC-2024-0073,High Court — KBD (TCC),JUD-05,2024-09-11,Medium,131363.4,3,False,False,,,657,,,Ongoing,0
CC-2024-0973,London Commercial Court,JUD-01,2024-09-11,Low,234881.69,2,False,False,Dismissed,2025-07-15,307,0.0,False,Resolved,1
CC-2024-0168,High Court — Chancery Division,JUD-04,2024-09-11,Medium,2827483.94,3,True,False,,,657,,,Ongoing,0
CC-2024-0394,US District Court — N.D. Cal.,JUD-08,2024-09-11,High,393445.36,5,False,False,Settled,2026-03-30,565,164308.95,False,Resolved,1
CC-2024-0167,High Court — KBD (TCC),JUD-05,2024-09-11,Low,2681386.79,3,True,False,Settled,2026-04-09,575,803901.55,True,Resolved,1
CC-2024-0752,London Commercial Court,JUD-02,2024-09-11,Low,786920.4,3,True,False,Settled,2025-06-06,268,384856.25,False,Resolved,1
CC-2024-0106,London Commercial Court,JUD-01,2024-09-12,High,116548.5,7,True,False,,,656,,,Ongoing,0
CC-2024-1232,High Court — KBD (TCC),JUD-05,2024-09-12,Medium,325731.97,1,False,False,Settled,2026-04-01,566,232301.32,False,Resolved,1
CC-2024-0437,US District Court — S.D.N.Y.,JUD-06,2024-09-12,High,1722864.05,1,False,False,Settled,2025-09-19,372,454539.56,False,Resolved,1
CC-2024-0376,US District Court — S.D.N.Y.,JUD-07,2024-09-12,High,1016133.17,9,True,False,,,656,,,Ongoing,0
CC-2024-0793,US District Court — S.D.N.Y.,JUD-07,2024-09-13,Low,707819.54,0,True,False,Settled,2025-10-12,394,249951.73,False,Resolved,1
CC-2024-0423,High Court — Chancery Division,JUD-04,2024-09-14,Low,1733770.18,2,True,True,Dismissed,2025-05-13,241,0.0,False,Resolved,1
CC-2024-1014,US District Court — S.D.N.Y.,JUD-06,2024-09-14,Low,886613.17,3,True,False,Settled,2025-06-20,279,766955.91,False,Resolved,1
CC-2024-0769,High Court — Chancery Division,JUD-04,2024-09-15,Medium,233275.82,1,True,False,,,653,,,Ongoing,0
CC-2024-1133,Dubai International Fin. Centre,JUD-10,2024-09-15,High,396958.88,3,False,False,Settled,2026-03-05,536,62391.93,False,Resolved,1
CC-2024-1002,Dubai International Fin. Centre,JUD-10,2024-09-15,Low,419520.94,0,True,False,Settled,2025-07-10,298,198661.97,False,Resolved,1
CC-2024-0990,Singapore International Comm.,JUD-09,2024-09-15,Low,68020.31,1,True,True,Dismissed,2024-12-02,78,0.0,False,Resolved,1
CC-2024-1171,US District Court — S.D.N.Y.,JUD-07,2024-09-16,Medium,209660.23,1,False,False,Dismissed,2025-05-22,248,0.0,False,Resolved,1
CC-2024-1011,High Court — Chancery Division,JUD-04,2024-09-16,Medium,573688.27,1,False,False,Dismissed,2025-11-10,420,0.0,False,Resolved,1
CC-2024-0549,US District Court — N.D. Cal.,JUD-08,2024-09-16,Medium,552985.49,1,False,False,Settled,2026-04-19,580,234707.48,False,Resolved,1
CC-2024-0979,US District Court — S.D.N.Y.,JUD-06,2024-09-16,Low,158702.11,0,False,False,Dismissed,2024-12-22,97,0.0,False,Resolved,1
CC-2024-0076,US District Court — S.D.N.Y.,JUD-07,2024-09-17,Medium,315706.72,3,False,False,Settled,2026-04-10,570,265750.59,False,Resolved,1
CC-2024-1103,London Commercial Court,JUD-01,2024-09-17,Medium,215009.87,5,False,False,Settled,2025-05-28,253,41524.86,False,Resolved,1
CC-2024-1189,High Court — Chancery Division,JUD-03,2024-09-17,High,701796.9,4,False,False,Settled,2026-05-18,608,237917.18,False,Resolved,1
CC-2024-0767,Dubai International Fin. Centre,JUD-10,2024-09-17,Low,683651.84,4,False,False,Settled,2025-11-07,416,177748.55,True,Resolved,1
CC-2024-0391,Singapore International Comm.,JUD-09,2024-09-17,High,526667.49,2,True,False,Settled,2026-05-25,615,126688.12,False,Resolved,1
CC-2024-1188,High Court — KBD (TCC),JUD-05,2024-09-17,Medium,135366.51,0,False,False,Settled,2025-12-31,470,61421.22,False,Resolved,1
CC-2024-0877,High Court — Chancery Division,JUD-03,2024-09-18,High,470146.17,6,True,False,,,650,,,Ongoing,0
CC-2024-0309,High Court — Chancery Division,JUD-03,2024-09-18,Low,285848.22,0,False,False,Settled,2026-01-02,471,187584.49,False,Resolved,1
CC-2024-0567,London Commercial Court,JUD-02,2024-09-19,Medium,876261.98,3,False,False,Settled,2026-01-16,484,560690.75,False,Resolved,1
CC-2024-0819,Dubai International Fin. Centre,JUD-10,2024-09-19,Medium,202153.04,2,False,False,Settled,2025-10-10,386,111847.0,False,Resolved,1
CC-2024-1056,London Commercial Court,JUD-02,2024-09-21,High,2134719.5,7,True,False,,,647,,,Ongoing,0
CC-2024-0999,London Commercial Court,JUD-01,2024-09-21,Medium,2028920.31,5,True,True,Dismissed,2025-09-09,353,0.0,False,Resolved,1
CC-2024-0367,US District Court — N.D. Cal.,JUD-08,2024-09-21,Medium,487526.0,2,True,False,Dismissed,2026-01-21,487,0.0,False,Resolved,1
CC-2024-0934,US District Court — S.D.N.Y.,JUD-07,2024-09-22,High,113989.09,2,True,False,Settled,2025-09-28,371,60934.98,False,Resolved,1
CC-2024-1127,High Court — Chancery Division,JUD-03,2024-09-22,High,166392.33,2,False,False,Settled,2026-04-20,575,20368.06,False,Resolved,1
CC-2024-0954,London Commercial Court,JUD-02,2024-09-22,Medium,439582.41,6,True,True,Dismissed,2025-04-03,193,0.0,False,Resolved,1
CC-2024-0733,London Commercial Court,JUD-01,2024-09-22,Medium,476322.41,2,True,False,,,646,,,Ongoing,0
CC-2024-0018,US District Court — N.D. Cal.,JUD-08,2024-09-22,Low,604390.68,2,True,False,Settled,2025-09-23,366,193244.95,False,Resolved,1
CC-2024-0256,Singapore International Comm.,JUD-09,2024-09-23,Medium,176058.73,2,True,False,Settled,2026-05-30,614,43216.91,False,Resolved,1
CC-2024-0163,London Commercial Court,JUD-02,2024-09-24,High,1829149.66,4,True,False,,,644,,,Ongoing,0
CC-2024-0392,US District Court — N.D. Cal.,JUD-08,2024-09-24,Medium,94042.67,1,False,False,Settled,2025-10-11,382,37397.45,False,Resolved,1
CC-2024-0534,London Commercial Court,JUD-02,2024-09-24,Medium,1212626.49,2,True,False,,,644,,,Ongoing,0
CC-2024-0414,London Commercial Court,JUD-01,2024-09-25,Medium,666762.73,3,True,False,Dismissed,2026-03-26,547,0.0,False,Resolved,1
CC-2024-0490,London Commercial Court,JUD-02,2024-09-25,Low,137153.29,1,True,False,Dismissed,2025-04-06,193,0.0,False,Resolved,1
CC-2024-0585,London Commercial Court,JUD-02,2024-09-25,Medium,1222979.29,2,False,False,Settled,2026-05-17,599,684371.61,False,Resolved,1
CC-2024-0056,London Commercial Court,JUD-01,2024-09-26,Medium,1090566.29,0,True,False,Settled,2025-11-09,409,155915.81,False,Resolved,1
CC-2024-0009,High Court — KBD (TCC),JUD-05,2024-09-26,Medium,432012.84,1,False,False,Settled,2026-04-30,581,194630.43,True,Resolved,1
CC-2024-0808,London Commercial Court,JUD-01,2024-09-26,Medium,1867560.27,3,False,False,Settled,2026-03-25,545,470885.75,False,Resolved,1
CC-2024-0861,High Court — Chancery Division,JUD-03,2024-09-27,Low,3394652.45,1,True,True,Dismissed,2025-04-04,189,0.0,False,Resolved,1
CC-2024-0406,Singapore International Comm.,JUD-09,2024-09-28,High,347164.91,7,False,False,,,640,,,Ongoing,0
CC-2024-1048,Singapore International Comm.,JUD-09,2024-09-28,Low,678930.98,2,False,False,Settled,2026-04-18,567,339124.4,True,Resolved,1
CC-2024-1143,US District Court — S.D.N.Y.,JUD-06,2024-09-30,High,82304.21,2,True,False,Settled,2026-04-23,570,33775.8,False,Resolved,1
CC-2024-0739,High Court — Chancery Division,JUD-03,2024-10-01,Medium,2611139.09,2,True,False,,,637,,,Ongoing,0
CC-2024-0961,London Commercial Court,JUD-02,2024-10-01,Low,270744.46,3,False,False,Settled,2025-07-03,275,32615.7,False,Resolved,1
CC-2024-1209,High Court — KBD (TCC),JUD-05,2024-10-01,Low,623231.45,2,True,True,Dismissed,2025-04-03,184,0.0,False,Resolved,1
CC-2024-0284,London Commercial Court,JUD-01,2024-10-02,High,270260.47,3,False,False,Settled,2026-04-05,550,41807.22,False,Resolved,1
CC-2024-0201,High Court — Chancery Division,JUD-03,2024-10-02,Low,58156.37,0,False,False,Settled,2025-07-01,272,9237.29,False,Resolved,1
CC-2024-1110,US District Court — S.D.N.Y.,JUD-06,2024-10-02,Medium,316678.65,2,True,False,Settled,2025-08-10,312,133262.63,False,Resolved,1
CC-2024-0212,London Commercial Court,JUD-01,2024-10-02,High,911616.67,0,False,False,,,636,,,Ongoing,0
CC-2024-0518,High Court — Chancery Division,JUD-03,2024-10-03,Low,398630.39,1,True,False,,,635,,,Ongoing,0
CC-2024-0339,High Court — Chancery Division,JUD-04,2024-10-04,Medium,354015.87,0,True,False,,,634,,,Ongoing,0
CC-2024-0801,US District Court — S.D.N.Y.,JUD-06,2024-10-04,Medium,1457789.7,4,True,False,,,634,,,Ongoing,0
CC-2024-1226,US District Court — S.D.N.Y.,JUD-07,2024-10-04,Medium,1191363.86,1,True,False,Dismissed,2026-01-22,475,0.0,False,Resolved,1
CC-2024-0447,US District Court — N.D. Cal.,JUD-08,2024-10-05,Low,446508.77,1,True,True,Dismissed,2025-03-05,151,0.0,False,Resolved,1
CC-2024-0836,High Court — Chancery Division,JUD-03,2024-10-05,High,826808.96,6,True,False,,,633,,,Ongoing,0
CC-2024-0601,Singapore International Comm.,JUD-09,2024-10-06,Medium,727957.17,1,True,True,Dismissed,2025-10-27,386,0.0,False,Resolved,1
CC-2024-0405,Dubai International Fin. Centre,JUD-10,2024-10-06,Low,6624326.75,2,True,False,Trial Judgment,2025-12-11,431,2575046.6,False,Resolved,1
CC-2024-0377,US District Court — N.D. Cal.,JUD-08,2024-10-06,Medium,2624271.59,3,True,False,Settled,2026-04-26,567,279015.58,False,Resolved,1
CC-2024-0506,London Commercial Court,JUD-02,2024-10-06,High,1234474.41,2,False,False,Settled,2026-06-13,615,560055.79,False,Resolved,1
CC-2024-1214,Singapore International Comm.,JUD-09,2024-10-06,Medium,706460.71,1,True,False,,,632,,,Ongoing,0
CC-2024-0869,London Commercial Court,JUD-02,2024-10-06,Low,502496.38,3,True,False,Settled,2025-09-16,345,154855.75,False,Resolved,1
CC-2024-0978,US District Court — S.D.N.Y.,JUD-07,2024-10-07,High,255930.12,5,False,False,Settled,2025-10-26,384,142308.92,False,Resolved,1
CC-2024-0541,High Court — Chancery Division,JUD-03,2024-10-07,Medium,788168.89,3,True,False,,,631,,,Ongoing,0
CC-2024-0637,US District Court — S.D.N.Y.,JUD-07,2024-10-07,Medium,1491091.37,3,False,False,,,631,,,Ongoing,0
CC-2024-0128,High Court — Chancery Division,JUD-04,2024-10-08,Low,211986.24,0,True,True,Dismissed,2025-04-23,197,0.0,False,Resolved,1
CC-2024-0048,London Commercial Court,JUD-02,2024-10-08,High,1432420.63,2,True,False,,,630,,,Ongoing,0
CC-2024-1250,US District Court — N.D. Cal.,JUD-08,2024-10-08,Medium,149377.79,1,True,True,Dismissed,2025-05-01,205,0.0,False,Resolved,1
CC-2024-1184,US District Court — N.D. Cal.,JUD-08,2024-10-09,Low,1239089.93,0,True,False,Dismissed,2025-09-04,330,0.0,False,Resolved,1
CC-2024-0789,Dubai International Fin. Centre,JUD-10,2024-10-09,High,182351.62,4,False,False,Settled,2025-11-15,402,22394.98,False,Resolved,1
CC-2024-0650,High Court — KBD (TCC),JUD-05,2024-10-09,Medium,968157.64,2,False,False,,,629,,,Ongoing,0
CC-2024-0635,London Commercial Court,JUD-02,2024-10-09,Low,311476.04,1,True,False,Settled,2025-09-06,332,194064.39,False,Resolved,1
CC-2024-0324,US District Court — N.D. Cal.,JUD-08,2024-10-09,Low,401212.87,1,True,False,Settled,2025-06-01,235,51253.6,False,Resolved,1
CC-2024-0424,High Court — Chancery Division,JUD-03,2024-10-10,Medium,968574.97,4,False,False,Dismissed,2025-10-08,363,0.0,False,Resolved,1
CC-2024-1179,US District Court — N.D. Cal.,JUD-08,2024-10-10,High,181422.51,2,True,True,Dismissed,2025-06-18,251,0.0,False,Resolved,1
CC-2024-1010,US District Court — N.D. Cal.,JUD-08,2024-10-10,Low,1649874.24,2,True,False,Dismissed,2025-08-02,296,0.0,False,Resolved,1
CC-2024-0001,US District Court — N.D. Cal.,JUD-08,2024-10-11,Medium,1356533.44,6,False,False,Settled,2025-11-24,409,677906.61,False,Resolved,1
CC-2024-1213,Singapore International Comm.,JUD-09,2024-10-11,Medium,1493842.93,2,False,False,Settled,2025-10-03,357,801955.34,False,Resolved,1
CC-2024-0674,Singapore International Comm.,JUD-09,2024-10-12,Medium,1646518.32,5,True,False,,,626,,,Ongoing,0
CC-2024-0010,US District Court — N.D. Cal.,JUD-08,2024-10-12,Medium,667563.75,1,True,True,Dismissed,2025-04-21,191,0.0,False,Resolved,1
CC-2024-0660,London Commercial Court,JUD-02,2024-10-13,High,6915575.05,9,True,False,,,625,,,Ongoing,0
CC-2024-0725,US District Court — N.D. Cal.,JUD-08,2024-10-13,Medium,1075416.7,1,True,True,Settled,2026-03-30,533,134651.89,False,Resolved,1
CC-2024-0177,Dubai International Fin. Centre,JUD-10,2024-10-13,Low,160466.03,0,False,False,Settled,2025-10-31,383,69713.64,False,Resolved,1
CC-2024-1220,US District Court — N.D. Cal.,JUD-08,2024-10-13,Medium,489785.54,2,False,False,Settled,2026-01-06,450,171537.3,False,Resolved,1
CC-2024-0037,High Court — Chancery Division,JUD-04,2024-10-13,Low,775129.48,1,True,True,Dismissed,2025-02-11,121,0.0,False,Resolved,1
CC-2024-1077,US District Court — N.D. Cal.,JUD-08,2024-10-13,Medium,324752.74,2,False,False,Dismissed,2025-09-22,344,0.0,False,Resolved,1
CC-2024-0812,US District Court — S.D.N.Y.,JUD-06,2024-10-14,Medium,745287.01,3,True,False,Settled,2025-03-26,163,274357.86,False,Resolved,1
CC-2024-1261,High Court — Chancery Division,JUD-04,2024-10-14,Medium,900458.37,1,False,False,Settled,2026-02-15,489,220058.8,False,Resolved,1
CC-2024-0923,High Court — Chancery Division,JUD-04,2024-10-14,Medium,416675.43,3,True,True,Dismissed,2025-08-29,319,0.0,False,Resolved,1
CC-2024-0623,Dubai International Fin. Centre,JUD-10,2024-10-15,High,754882.79,2,False,False,Settled,2025-09-07,327,592255.15,False,Resolved,1
CC-2024-0873,High Court — KBD (TCC),JUD-05,2024-10-15,Medium,184108.85,2,True,False,Settled,2026-05-22,584,57423.57,False,Resolved,1
CC-2024-0561,London Commercial Court,JUD-01,2024-10-15,Low,114381.76,0,False,False,Trial Judgment,2025-06-30,258,0.0,False,Resolved,1
CC-2024-0400,High Court — KBD (TCC),JUD-05,2024-10-16,High,522064.99,7,False,False,,,622,,,Ongoing,0
CC-2024-0641,Dubai International Fin. Centre,JUD-10,2024-10-16,Low,628490.39,0,False,False,Settled,2025-12-25,435,254521.5,False,Resolved,1
CC-2024-1156,US District Court — S.D.N.Y.,JUD-07,2024-10-16,Low,305268.45,2,False,False,Dismissed,2025-05-05,201,0.0,False,Resolved,1
CC-2024-0323,High Court — Chancery Division,JUD-04,2024-10-16,Medium,645176.95,3,True,False,,,622,,,Ongoing,0
CC-2024-1144,London Commercial Court,JUD-02,2024-10-17,Medium,869662.24,4,False,False,,,621,,,Ongoing,0
CC-2024-0226,London Commercial Court,JUD-01,2024-10-17,Low,923428.48,0,False,False,Settled,2025-07-20,276,580414.92,False,Resolved,1
CC-2024-0781,US District Court — N.D. Cal.,JUD-08,2024-10-17,Low,306022.73,1,False,False,Settled,2025-10-19,367,243199.88,True,Resolved,1
CC-2024-0154,US District Court — N.D. Cal.,JUD-08,2024-10-18,Medium,1618955.41,2,True,False,Dismissed,2026-02-11,481,0.0,False,Resolved,1
CC-2024-0150,US District Court — S.D.N.Y.,JUD-07,2024-10-18,High,2382960.64,2,False,False,,,620,,,Ongoing,0
CC-2024-0005,Singapore International Comm.,JUD-09,2024-10-18,High,1498801.91,4,False,False,,,620,,,Ongoing,0
CC-2024-0483,High Court — Chancery Division,JUD-04,2024-10-19,Medium,8540527.24,2,True,False,,,619,,,Ongoing,0
CC-2024-0864,Singapore International Comm.,JUD-09,2024-10-19,Medium,584290.26,2,False,False,Settled,2025-07-06,260,123634.96,False,Resolved,1
CC-2024-0129,US District Court — S.D.N.Y.,JUD-06,2024-10-19,Low,398413.07,0,False,False,Settled,2025-02-26,130,165557.9,False,Resolved,1
CC-2024-0393,High Court — Chancery Division,JUD-03,2024-10-19,High,189482.26,5,False,False,Settled,2026-06-20,609,57378.15,False,Resolved,1
CC-2024-0860,High Court — Chancery Division,JUD-03,2024-10-20,Medium,1785923.11,3,False,False,,,618,,,Ongoing,0
CC-2024-0389,US District Court — N.D. Cal.,JUD-08,2024-10-20,High,738001.66,3,True,False,,,618,,,Ongoing,0
CC-2024-0213,London Commercial Court,JUD-01,2024-10-20,Low,2935854.85,2,True,True,Dismissed,2025-07-18,271,0.0,False,Resolved,1
CC-2024-0299,US District Court — N.D. Cal.,JUD-08,2024-10-20,Medium,370529.26,5,False,False,Settled,2026-01-02,439,129397.59,False,Resolved,1
CC-2024-0602,London Commercial Court,JUD-01,2024-10-21,Low,286138.97,1,True,True,Dismissed,2025-02-01,103,0.0,False,Resolved,1
CC-2024-0962,High Court — KBD (TCC),JUD-05,2024-10-21,Medium,1159303.7,0,True,False,,,617,,,Ongoing,0
CC-2024-0215,High Court — Chancery Division,JUD-04,2024-10-21,Medium,6492891.17,2,True,True,,,617,,,Ongoing,0
CC-2024-0287,Singapore International Comm.,JUD-09,2024-10-22,Medium,2750575.5,3,True,True,Dismissed,2026-01-10,445,0.0,False,Resolved,1
CC-2024-0620,US District Court — N.D. Cal.,JUD-08,2024-10-22,Medium,235327.09,0,False,False,Settled,2025-08-07,289,182780.55,False,Resolved,1
CC-2024-0749,London Commercial Court,JUD-02,2024-10-22,High,687228.58,6,False,False,,,616,,,Ongoing,0
CC-2024-0097,Singapore International Comm.,JUD-09,2024-10-22,Low,1156973.03,5,True,False,Settled,2025-10-01,344,776867.66,False,Resolved,1
CC-2024-0535,London Commercial Court,JUD-02,2024-10-22,Medium,296882.69,3,True,False,Settled,2026-02-01,467,184881.32,False,Resolved,1
CC-2024-0311,Singapore International Comm.,JUD-09,2024-10-23,Medium,1227506.24,3,True,False,Settled,2026-01-14,448,539781.95,False,Resolved,1
CC-2024-0586,US District Court — N.D. Cal.,JUD-08,2024-10-23,Low,446383.33,1,True,True,Dismissed,2025-03-10,138,0.0,False,Resolved,1
CC-2024-0164,High Court — Chancery Division,JUD-04,2024-10-23,Low,1181025.24,1,False,False,Settled,2025-09-24,336,287501.96,False,Resolved,1
CC-2024-0411,High Court — KBD (TCC),JUD-05,2024-10-23,Low,211264.02,0,True,False,Settled,2025-04-19,178,29921.98,False,Resolved,1
CC-2024-0868,Dubai International Fin. Centre,JUD-10,2024-10-24,Medium,106622.23,2,False,False,Settled,2025-09-11,322,37953.07,False,Resolved,1
CC-2024-0293,US District Court — N.D. Cal.,JUD-08,2024-10-24,High,218112.73,2,True,False,,,614,,,Ongoing,0
CC-2024-1166,Dubai International Fin. Centre,JUD-10,2024-10-24,Low,238417.89,1,True,False,Settled,2025-10-01,342,122428.91,False,Resolved,1
CC-2024-0930,US District Court — S.D.N.Y.,JUD-06,2024-10-24,High,286321.57,2,False,False,Dismissed,2025-07-19,268,0.0,False,Resolved,1
CC-2024-1017,London Commercial Court,JUD-01,2024-10-24,Medium,765986.21,3,True,False,Dismissed,2025-08-07,287,0.0,False,Resolved,1
CC-2024-0042,High Court — Chancery Division,JUD-04,2024-10-24,Low,248041.59,3,True,False,Settled,2026-01-16,449,151169.39,False,Resolved,1
CC-2024-1183,High Court — KBD (TCC),JUD-05,2024-10-24,Low,353562.74,1,True,False,Settled,2025-06-05,224,163235.06,False,Resolved,1
CC-2024-0922,US District Court — N.D. Cal.,JUD-08,2024-10-25,High,1369449.79,7,False,False,,,613,,,Ongoing,0
CC-2024-0796,US District Court — S.D.N.Y.,JUD-06,2024-10-25,Medium,328880.76,5,False,False,Dismissed,2025-06-07,225,0.0,False,Resolved,1
CC-2024-0532,High Court — Chancery Division,JUD-04,2024-10-25,Low,252941.38,2,True,False,Trial Judgment,2026-03-25,516,101705.69,False,Resolved,1
CC-2024-0404,US District Court — S.D.N.Y.,JUD-06,2024-10-25,Low,551476.53,0,True,False,Dismissed,2025-02-06,104,0.0,False,Resolved,1
CC-2024-0006,US District Court — S.D.N.Y.,JUD-07,2024-10-26,Low,781453.39,0,True,True,Dismissed,2025-02-15,112,0.0,False,Resolved,1
CC-2024-0830,London Commercial Court,JUD-02,2024-10-27,Medium,195308.8,1,True,False,,,611,,,Ongoing,0
CC-2024-1182,High Court — Chancery Division,JUD-03,2024-10-27,Medium,447118.84,4,True,False,Settled,2025-12-28,427,192603.26,False,Resolved,1
CC-2024-1243,US District Court — S.D.N.Y.,JUD-06,2024-10-27,Low,221148.07,0,True,False,Settled,2025-10-05,343,33524.98,False,Resolved,1
CC-2024-0983,US District Court — S.D.N.Y.,JUD-06,2024-10-27,Low,552010.95,1,False,False,Dismissed,2025-04-19,174,0.0,False,Resolved,1
CC-2024-1060,High Court — KBD (TCC),JUD-05,2024-10-27,Low,1106870.81,3,False,False,Dismissed,2025-08-02,279,0.0,False,Resolved,1
CC-2024-0303,High Court — KBD (TCC),JUD-05,2024-10-27,Medium,195367.42,4,False,False,Settled,2025-11-12,381,94778.72,False,Resolved,1
CC-2024-0044,High Court — Chancery Division,JUD-04,2024-10-28,Medium,1246297.81,3,False,False,,,610,,,Ongoing,0
CC-2024-0333,High Court — KBD (TCC),JUD-05,2024-10-28,High,625641.7,3,False,False,,,610,,,Ongoing,0
CC-2024-0348,Dubai International Fin. Centre,JUD-10,2024-10-28,Low,788570.36,2,True,False,Settled,2026-04-29,548,418476.47,True,Resolved,1
CC-2024-1252,US District Court — N.D. Cal.,JUD-08,2024-10-28,High,329388.56,6,False,False,Settled,2026-03-23,511,154947.47,False,Resolved,1
CC-2024-0515,US District Court — S.D.N.Y.,JUD-06,2024-10-28,High,250278.01,4,False,False,Dismissed,2025-10-30,367,0.0,False,Resolved,1
CC-2024-1028,London Commercial Court,JUD-02,2024-10-29,High,1546548.35,3,True,False,,,609,,,Ongoing,0
CC-2024-0054,Dubai International Fin. Centre,JUD-10,2024-10-29,Low,624378.0,1,False,False,Settled,2025-04-16,169,111531.79,False,Resolved,1
CC-2024-0281,London Commercial Court,JUD-01,2024-10-29,Medium,167161.11,2,True,True,Dismissed,2025-07-18,262,0.0,False,Resolved,1
CC-2024-0507,High Court — Chancery Division,JUD-04,2024-10-29,Medium,212467.41,2,True,False,,,609,,,Ongoing,0
CC-2024-0312,London Commercial Court,JUD-01,2024-10-31,Medium,267647.48,4,False,False,Settled,2026-02-17,474,143786.7,False,Resolved,1
CC-2024-0742,Dubai International Fin. Centre,JUD-10,2024-10-31,Low,8164249.47,4,True,False,,,607,,,Ongoing,0
CC-2024-0890,Singapore International Comm.,JUD-09,2024-10-31,Low,129004.47,0,False,False,Settled,2025-03-30,150,25502.96,False,Resolved,1
CC-2024-1078,US District Court — N.D. Cal.,JUD-08,2024-10-31,Low,203937.17,0,True,False,Dismissed,2025-09-08,312,0.0,False,Resolved,1
CC-2024-0596,High Court — KBD (TCC),JUD-05,2024-10-31,Medium,695861.48,0,False,False,Settled,2026-01-13,439,122620.95,False,Resolved,1
CC-2024-1254,London Commercial Court,JUD-02,2024-11-01,Low,352454.35,2,False,False,Settled,2025-12-20,414,59270.18,False,Resolved,1
CC-2024-0169,High Court — KBD (TCC),JUD-05,2024-11-01,Low,519550.74,0,False,False,Settled,2026-05-07,552,164178.05,False,Resolved,1
CC-2024-0702,High Court — KBD (TCC),JUD-05,2024-11-02,Low,233261.97,1,False,False,Settled,2026-03-28,511,27484.07,True,Resolved,1
CC-2024-0205,High Court — Chancery Division,JUD-04,2024-11-02,High,3439531.57,4,True,False,,,605,,,Ongoing,0
CC-2024-0572,US District Court — S.D.N.Y.,JUD-07,2024-11-02,Medium,1024081.65,3,False,False,,,605,,,Ongoing,0
CC-2024-0380,London Commercial Court,JUD-01,2024-11-02,Medium,1251989.51,2,False,False,Settled,2026-05-02,546,686158.79,False,Resolved,1
CC-2024-0684,US District Court — N.D. Cal.,JUD-08,2024-11-03,Low,4277010.96,2,True,False,Settled,2025-11-21,383,2644058.92,False,Resolved,1
CC-2024-0080,London Commercial Court,JUD-01,2024-11-03,Medium,756933.15,1,False,False,Settled,2026-04-08,521,122878.54,False,Resolved,1
CC-2024-0172,High Court — Chancery Division,JUD-03,2024-11-04,Low,418328.98,1,True,True,Dismissed,2025-07-15,253,0.0,False,Resolved,1
CC-2024-0726,High Court — Chancery Division,JUD-04,2024-11-04,Medium,1753130.1,2,False,False,Settled,2025-11-05,366,362055.18,False,Resolved,1
CC-2024-0178,London Commercial Court,JUD-02,2024-11-04,High,716341.13,5,False,False,,,603,,,Ongoing,0
CC-2024-0782,High Court — Chancery Division,JUD-04,2024-11-05,Medium,244875.07,2,True,False,,,602,,,Ongoing,0
CC-2024-1099,London Commercial Court,JUD-02,2024-11-05,Low,456835.13,0,False,False,Dismissed,2025-07-07,244,0.0,False,Resolved,1
CC-2024-0035,London Commercial Court,JUD-01,2024-11-06,Low,242891.95,0,False,False,Settled,2025-08-03,270,223567.81,False,Resolved,1
CC-2024-0508,Singapore International Comm.,JUD-09,2024-11-06,Medium,247912.77,3,False,False,Dismissed,2025-08-04,271,0.0,False,Resolved,1
CC-2024-1141,High Court — Chancery Division,JUD-04,2024-11-07,High,246900.99,4,False,False,,,600,,,Ongoing,0
CC-2024-0065,London Commercial Court,JUD-02,2024-11-08,Medium,1952978.44,2,False,False,Dismissed,2025-07-08,242,0.0,False,Resolved,1
CC-2024-0013,High Court — Chancery Division,JUD-04,2024-11-08,Low,187051.41,0,False,False,Dismissed,2025-08-21,286,0.0,False,Resolved,1
CC-2024-0621,US District Court — N.D. Cal.,JUD-08,2024-11-08,High,1192526.85,5,True,False,,,599,,,Ongoing,0
CC-2024-0131,Singapore International Comm.,JUD-09,2024-11-08,High,308365.64,4,True,False,,,599,,,Ongoing,0
CC-2024-0050,London Commercial Court,JUD-01,2024-11-08,High,410620.73,3,True,False,,,599,,,Ongoing,0
CC-2024-0543,High Court — Chancery Division,JUD-03,2024-11-08,Medium,1223609.48,2,False,False,Settled,2025-11-22,379,515384.84,False,Resolved,1
CC-2024-0611,US District Court — S.D.N.Y.,JUD-06,2024-11-09,Medium,114803.72,1,False,False,Trial Judgment,2025-09-04,299,83727.4,False,Resolved,1
CC-2024-0498,London Commercial Court,JUD-02,2024-11-10,Medium,205052.81,2,False,False,Settled,2026-01-20,436,87955.0,False,Resolved,1
CC-2024-0216,High Court — Chancery Division,JUD-04,2024-11-10,Low,523986.92,0,True,True,Settled,2025-07-12,244,74954.01,False,Resolved,1
CC-2024-0350,London Commercial Court,JUD-01,2024-11-10,Low,2919156.05,0,True,False,Settled,2025-05-31,202,2036953.8,False,Resolved,1
CC-2024-0375,High Court — KBD (TCC),JUD-05,2024-11-10,Medium,1467490.87,3,False,False,,,597,,,Ongoing,0
CC-2024-1052,Singapore International Comm.,JUD-09,2024-11-10,Medium,1673637.63,2,False,False,Settled,2026-03-05,480,579899.75,False,Resolved,1
CC-2024-0568,London Commercial Court,JUD-01,2024-11-10,High,402405.72,5,True,False,,,597,,,Ongoing,0
CC-2024-0522,US District Court — S.D.N.Y.,JUD-06,2024-11-10,Medium,1172391.25,4,True,False,Settled,2025-09-29,323,106487.85,False,Resolved,1
CC-2024-0657,Dubai International Fin. Centre,JUD-10,2024-11-10,Low,879316.01,0,True,False,Settled,2025-08-03,266,440079.74,False,Resolved,1
CC-2024-0449,US District Court — S.D.N.Y.,JUD-07,2024-11-11,Medium,313261.99,2,True,False,,,596,,,Ongoing,0
CC-2024-0332,London Commercial Court,JUD-02,2024-11-11,Low,95342.39,0,True,False,Settled,2025-08-10,272,63133.22,False,Resolved,1
CC-2024-0432,US District Court — N.D. Cal.,JUD-08,2024-11-11,Medium,772694.29,4,True,False,Dismissed,2026-05-16,551,0.0,False,Resolved,1
CC-2024-0425,Singapore International Comm.,JUD-09,2024-11-12,Low,260729.7,0,False,False,Dismissed,2025-03-10,118,0.0,False,Resolved,1
CC-2024-0158,High Court — Chancery Division,JUD-04,2024-11-12,Low,114358.57,1,True,False,Dismissed,2026-01-31,445,0.0,False,Resolved,1
CC-2024-0328,High Court — Chancery Division,JUD-03,2024-11-12,Low,433427.57,1,True,False,Settled,2025-12-06,389,84585.48,False,Resolved,1
CC-2024-0230,High Court — Chancery Division,JUD-04,2024-11-12,Low,5298286.9,0,True,False,Settled,2026-06-28,593,1886393.72,False,Resolved,1
CC-2024-0698,London Commercial Court,JUD-02,2024-11-13,Low,497392.46,0,False,False,Dismissed,2025-08-25,285,0.0,False,Resolved,1
CC-2024-1083,US District Court — N.D. Cal.,JUD-08,2024-11-13,Medium,3671736.13,4,False,False,Settled,2026-04-14,517,1263050.84,False,Resolved,1
CC-2024-0570,High Court — Chancery Division,JUD-04,2024-11-13,Medium,133080.92,1,False,False,Settled,2025-10-14,335,25943.57,False,Resolved,1
CC-2024-0304,High Court — Chancery Division,JUD-04,2024-11-14,Medium,197735.88,1,False,False,Settled,2025-07-16,244,27685.83,False,Resolved,1
CC-2024-0841,London Commercial Court,JUD-02,2024-11-14,Low,118930.09,0,False,False,Dismissed,2025-02-26,104,0.0,False,Resolved,1
CC-2024-0343,London Commercial Court,JUD-01,2024-11-14,Medium,473519.2,2,False,False,,,593,,,Ongoing,0
CC-2024-0546,Dubai International Fin. Centre,JUD-10,2024-11-15,Low,814878.56,0,True,False,Settled,2026-01-28,439,344494.97,True,Resolved,1
CC-2024-0121,London Commercial Court,JUD-01,2024-11-16,Medium,287907.37,2,False,False,Settled,2025-11-16,365,133221.22,False,Resolved,1
CC-2024-0353,London Commercial Court,JUD-01,2024-11-16,Low,1025425.6,1,True,False,Settled,2026-06-06,567,573956.0,True,Resolved,1
CC-2024-0191,High Court — Chancery Division,JUD-04,2024-11-16,Low,775845.49,0,False,False,,,591,,,Ongoing,0
CC-2024-1177,London Commercial Court,JUD-02,2024-11-16,Medium,1276774.85,1,True,False,Settled,2026-02-04,445,138865.95,False,Resolved,1
CC-2024-0810,US District Court — N.D. Cal.,JUD-08,2024-11-16,Low,135218.48,1,True,True,Dismissed,2025-02-22,98,0.0,False,Resolved,1
CC-2024-0151,Dubai International Fin. Centre,JUD-10,2024-11-16,Low,158174.18,1,False,False,Settled,2025-08-29,286,71660.9,False,Resolved,1
CC-2024-0640,London Commercial Court,JUD-02,2024-11-16,Medium,533003.29,3,False,False,Settled,2025-12-22,401,101106.07,False,Resolved,1
CC-2024-0327,Dubai International Fin. Centre,JUD-10,2024-11-16,Low,218223.13,1,False,False,Settled,2025-06-18,214,23267.84,False,Resolved,1
CC-2024-0045,High Court — Chancery Division,JUD-04,2024-11-17,Medium,1660361.78,3,False,False,,,590,,,Ongoing,0
CC-2024-0478,Dubai International Fin. Centre,JUD-10,2024-11-17,Low,892285.18,0,False,False,Settled,2025-05-02,166,513094.58,False,Resolved,1
CC-2024-0668,US District Court — S.D.N.Y.,JUD-07,2024-11-17,High,291839.11,3,False,False,Settled,2026-05-20,549,106452.89,False,Resolved,1
CC-2024-0246,US District Court — S.D.N.Y.,JUD-07,2024-11-18,Medium,2303298.32,4,True,False,Settled,2025-10-27,343,643745.08,False,Resolved,1
CC-2024-1197,Dubai International Fin. Centre,JUD-10,2024-11-18,Low,404539.88,0,False,False,Settled,2025-11-23,370,127117.84,True,Resolved,1
CC-2024-0244,High Court — Chancery Division,JUD-04,2024-11-18,Medium,3238883.05,2,False,False,,,589,,,Ongoing,0
CC-2024-0095,London Commercial Court,JUD-01,2024-11-19,Low,6943896.46,3,False,False,Settled,2025-07-09,232,4418729.3,False,Resolved,1
CC-2024-0378,High Court — Chancery Division,JUD-03,2024-11-19,Low,233413.17,1,False,False,Settled,2025-06-22,215,97613.02,False,Resolved,1
CC-2024-0759,London Commercial Court,JUD-02,2024-11-19,Low,999703.41,1,False,False,Settled,2025-11-26,372,384782.83,False,Resolved,1
CC-2024-1163,London Commercial Court,JUD-02,2024-11-19,Medium,1045588.3,1,False,False,,,588,,,Ongoing,0
CC-2024-0816,Dubai International Fin. Centre,JUD-10,2024-11-19,Low,1014953.04,0,False,False,Settled,2025-10-24,339,510442.33,True,Resolved,1
CC-2024-0409,US District Court — N.D. Cal.,JUD-08,2024-11-19,Medium,207396.38,2,False,False,Dismissed,2025-11-22,368,0.0,False,Resolved,1
CC-2024-0603,London Commercial Court,JUD-01,2024-11-20,Low,411707.68,2,False,False,Settled,2025-07-17,239,301240.28,False,Resolved,1
CC-2024-0384,London Commercial Court,JUD-01,2024-11-20,High,748795.14,2,False,False,Settled,2025-11-21,366,277637.63,False,Resolved,1
CC-2024-1106,High Court — Chancery Division,JUD-03,2024-11-21,Medium,782683.62,0,True,False,,,586,,,Ongoing,0
CC-2024-0381,High Court — KBD (TCC),JUD-05,2024-11-21,Medium,308712.29,3,False,False,,,586,,,Ongoing,0
CC-2024-0282,Singapore International Comm.,JUD-09,2024-11-21,High,339240.42,9,True,False,,,586,,,Ongoing,0
CC-2024-0590,High Court — Chancery Division,JUD-03,2024-11-21,Medium,3605491.22,5,True,False,,,586,,,Ongoing,0
CC-2024-0235,London Commercial Court,JUD-01,2024-11-22,High,721508.92,0,False,False,,,585,,,Ongoing,0
CC-2024-0832,London Commercial Court,JUD-01,2024-11-22,Low,817617.64,0,True,False,Dismissed,2025-07-27,247,0.0,False,Resolved,1
CC-2024-0965,US District Court — N.D. Cal.,JUD-08,2024-11-23,Medium,1108554.25,2,True,False,,,584,,,Ongoing,0
CC-2024-0831,US District Court — S.D.N.Y.,JUD-07,2024-11-23,Low,2714531.6,3,False,False,Dismissed,2025-10-28,339,0.0,False,Resolved,1
CC-2024-0025,US District Court — S.D.N.Y.,JUD-07,2024-11-23,Medium,2187815.86,0,False,False,Dismissed,2026-02-21,455,0.0,False,Resolved,1
CC-2024-0907,London Commercial Court,JUD-01,2024-11-24,Low,1755176.8,1,True,False,Settled,2025-10-27,337,693196.38,False,Resolved,1
CC-2024-1108,US District Court — S.D.N.Y.,JUD-06,2024-11-24,Low,599656.73,0,False,False,Settled,2025-06-29,217,100613.62,False,Resolved,1
CC-2024-0174,US District Court — S.D.N.Y.,JUD-06,2024-11-24,Low,539054.61,0,False,False,Dismissed,2025-03-27,123,0.0,False,Resolved,1
CC-2024-0746,High Court — Chancery Division,JUD-03,2024-11-25,Medium,464427.63,2,False,False,Settled,2026-01-10,411,133346.32,False,Resolved,1
CC-2024-0466,High Court — KBD (TCC),JUD-05,2024-11-25,Low,177336.14,2,False,False,Settled,2025-08-23,271,23739.61,False,Resolved,1
CC-2024-0135,Singapore International Comm.,JUD-09,2024-11-25,Low,252307.73,1,True,True,Dismissed,2025-05-23,179,0.0,False,Resolved,1
CC-2024-0196,London Commercial Court,JUD-01,2024-11-26,High,235678.15,1,True,False,,,581,,,Ongoing,0
CC-2024-0450,London Commercial Court,JUD-02,2024-11-27,Low,2755487.58,1,True,False,Settled,2025-06-22,207,533296.33,False,Resolved,1
CC-2024-0484,High Court — Chancery Division,JUD-04,2024-11-27,Medium,197350.53,3,False,False,Settled,2026-04-11,500,60549.72,False,Resolved,1
CC-2024-0891,US District Court — N.D. Cal.,JUD-08,2024-11-27,Medium,282304.68,3,False,False,Settled,2025-10-16,323,138675.61,False,Resolved,1
CC-2024-0738,High Court — KBD (TCC),JUD-05,2024-11-28,Low,172646.69,0,False,False,Dismissed,2025-04-05,128,0.0,False,Resolved,1
CC-2024-0338,High Court — KBD (TCC),JUD-05,2024-11-28,Low,335755.27,0,False,False,Settled,2025-07-04,218,75947.84,False,Resolved,1
CC-2024-0030,High Court — KBD (TCC),JUD-05,2024-11-28,High,1164603.68,6,True,False,,,579,,,Ongoing,0
CC-2024-0457,US District Court — S.D.N.Y.,JUD-06,2024-11-29,Low,410349.29,0,False,False,Settled,2025-05-26,178,92507.35,False,Resolved,1
CC-2024-0732,London Commercial Court,JUD-02,2024-11-29,Low,5036191.27,3,True,False,Settled,2026-06-03,551,3219381.16,False,Resolved,1
CC-2024-0114,London Commercial Court,JUD-01,2024-11-29,Medium,780819.59,2,True,False,Dismissed,2025-10-04,309,0.0,False,Resolved,1
CC-2024-0081,High Court — KBD (TCC),JUD-05,2024-11-29,Medium,452629.08,1,False,False,,,578,,,Ongoing,0
CC-2024-1193,Singapore International Comm.,JUD-09,2024-11-29,Low,166336.02,0,False,False,Dismissed,2025-08-19,263,0.0,False,Resolved,1
CC-2024-0986,US District Court — S.D.N.Y.,JUD-07,2024-11-30,Low,2899054.43,3,True,False,Dismissed,2025-04-28,149,0.0,False,Resolved,1
CC-2024-1016,High Court — KBD (TCC),JUD-05,2024-11-30,Low,690399.76,0,False,False,Dismissed,2025-05-27,178,0.0,False,Resolved,1
CC-2024-0688,Singapore International Comm.,JUD-09,2024-11-30,High,172515.69,4,False,False,Settled,2026-02-26,453,90064.33,False,Resolved,1
CC-2024-0834,US District Court — S.D.N.Y.,JUD-07,2024-11-30,Low,289819.87,0,True,False,Settled,2025-06-12,194,42389.73,False,Resolved,1
CC-2024-0598,High Court — Chancery Division,JUD-03,2024-11-30,High,483604.82,6,False,False,,,577,,,Ongoing,0
CC-2024-0141,London Commercial Court,JUD-01,2024-11-30,Low,451599.71,2,False,False,Trial Judgment,2026-04-30,516,182888.44,False,Resolved,1
CC-2024-0491,London Commercial Court,JUD-01,2024-11-30,High,519509.85,2,False,False,Settled,2025-11-13,348,134792.94,False,Resolved,1
CC-2024-0412,Singapore International Comm.,JUD-09,2024-12-01,Medium,512007.4,4,True,False,Dismissed,2025-07-30,241,0.0,False,Resolved,1
CC-2024-0882,London Commercial Court,JUD-01,2024-12-01,Medium,1625488.47,1,False,False,,,576,,,Ongoing,0
CC-2024-0592,High Court — Chancery Division,JUD-03,2024-12-02,Medium,418398.44,3,True,False,Settled,2026-06-07,552,268921.03,False,Resolved,1
CC-2024-0616,London Commercial Court,JUD-01,2024-12-02,Low,1007332.69,1,False,False,Settled,2025-11-18,351,756736.6,False,Resolved,1
CC-2024-0120,Dubai International Fin. Centre,JUD-10,2024-12-03,Medium,350393.65,1,True,False,Settled,2025-09-07,278,69972.28,False,Resolved,1
CC-2024-0049,London Commercial Court,JUD-01,2024-12-03,Medium,478345.28,3,False,False,,,574,,,Ongoing,0
CC-2024-0227,US District Court — S.D.N.Y.,JUD-06,2024-12-05,Medium,880435.86,3,False,False,Settled,2026-03-19,469,188741.65,True,Resolved,1
CC-2024-0968,Dubai International Fin. Centre,JUD-10,2024-12-05,Low,353699.28,0,True,True,Dismissed,2025-03-29,114,0.0,False,Resolved,1
CC-2024-0916,Singapore International Comm.,JUD-09,2024-12-05,Low,1073444.78,1,True,False,Settled,2025-08-31,269,525669.72,False,Resolved,1
CC-2024-0779,US District Court — N.D. Cal.,JUD-08,2024-12-05,Medium,170664.77,2,False,False,Dismissed,2026-01-10,401,0.0,False,Resolved,1
CC-2024-0881,London Commercial Court,JUD-01,2024-12-05,Medium,328175.37,0,False,False,Settled,2025-09-05,274,200352.72,False,Resolved,1
CC-2024-1203,High Court — Chancery Division,JUD-04,2024-12-05,High,4511816.71,6,True,False,,,572,,,Ongoing,0
CC-2024-0110,Dubai International Fin. Centre,JUD-10,2024-12-05,Medium,2355591.5,2,False,False,Settled,2026-03-20,470,1430992.11,True,Resolved,1
CC-2024-0513,High Court — KBD (TCC),JUD-05,2024-12-06,Medium,4260293.74,1,True,False,,,571,,,Ongoing,0
CC-2024-0718,US District Court — S.D.N.Y.,JUD-06,2024-12-06,Low,753389.35,0,True,False,Settled,2025-08-09,246,152223.34,False,Resolved,1
CC-2024-0051,High Court — KBD (TCC),JUD-05,2024-12-07,Low,3511030.81,1,True,False,,,570,,,Ongoing,0
CC-2024-0648,US District Court — S.D.N.Y.,JUD-06,2024-12-07,Medium,119527.27,1,False,False,Settled,2026-02-19,439,37868.27,False,Resolved,1
CC-2024-0656,US District Court — S.D.N.Y.,JUD-07,2024-12-08,Medium,745956.94,2,True,False,Settled,2026-04-17,495,145468.21,False,Resolved,1
CC-2024-0325,High Court — Chancery Division,JUD-03,2024-12-08,High,747066.67,6,True,False,,,569,,,Ongoing,0
CC-2024-0146,High Court — Chancery Division,JUD-03,2024-12-08,High,363876.06,5,True,False,,,569,,,Ongoing,0
CC-2024-0219,Dubai International Fin. Centre,JUD-10,2024-12-08,Low,828342.13,1,False,False,Settled,2025-08-15,250,421913.05,True,Resolved,1
CC-2024-0473,London Commercial Court,JUD-01,2024-12-08,Medium,176586.62,1,True,False,,,569,,,Ongoing,0
CC-2024-0850,High Court — Chancery Division,JUD-03,2024-12-09,Medium,2669470.42,1,False,False,Settled,2026-03-16,462,1919541.51,False,Resolved,1
CC-2024-0906,London Commercial Court,JUD-01,2024-12-09,High,432075.98,2,False,False,Settled,2025-11-27,353,129399.07,False,Resolved,1
CC-2024-0413,London Commercial Court,JUD-01,2024-12-10,Low,928799.34,1,False,False,Settled,2025-07-29,231,177177.9,False,Resolved,1
CC-2024-0677,London Commercial Court,JUD-02,2024-12-10,Medium,503281.45,1,True,False,Dismissed,2026-06-04,541,0.0,False,Resolved,1
CC-2024-0078,US District Court — N.D. Cal.,JUD-08,2024-12-10,Low,282550.31,2,False,False,Settled,2025-06-04,176,54601.51,False,Resolved,1
CC-2024-0887,High Court — KBD (TCC),JUD-05,2024-12-10,Low,328738.66,2,False,False,Trial Judgment,2026-04-03,479,282568.64,False,Resolved,1
CC-2024-0529,High Court — KBD (TCC),JUD-05,2024-12-11,Medium,619433.38,1,False,False,Settled,2026-02-16,432,279958.09,False,Resolved,1
CC-2024-0969,Singapore International Comm.,JUD-09,2024-12-11,Medium,638624.79,3,False,False,,,566,,,Ongoing,0
CC-2024-1042,High Court — KBD (TCC),JUD-05,2024-12-11,Medium,228594.39,4,False,False,Settled,2026-05-07,512,119994.84,False,Resolved,1
CC-2024-0595,London Commercial Court,JUD-02,2024-12-12,Medium,988075.89,2,False,False,Settled,2026-06-02,537,301698.33,False,Resolved,1
CC-2024-0871,High Court — KBD (TCC),JUD-05,2024-12-12,Medium,1793513.22,5,False,False,,,565,,,Ongoing,0
CC-2024-0008,US District Court — S.D.N.Y.,JUD-07,2024-12-12,High,300034.06,2,True,False,,,565,,,Ongoing,0
CC-2024-0993,London Commercial Court,JUD-02,2024-12-12,Medium,785204.17,2,False,False,,,565,,,Ongoing,0
CC-2024-0162,US District Court — N.D. Cal.,JUD-08,2024-12-12,Low,147409.64,1,False,False,Settled,2025-10-10,302,86399.07,False,Resolved,1
CC-2024-0443,US District Court — N.D. Cal.,JUD-08,2024-12-13,High,224624.06,1,False,False,,,564,,,Ongoing,0
CC-2024-0298,US District Court — S.D.N.Y.,JUD-07,2024-12-13,High,107667.27,1,False,False,Settled,2025-08-17,247,24305.73,False,Resolved,1
CC-2024-1012,US District Court — S.D.N.Y.,JUD-07,2024-12-13,Low,924812.9,3,False,False,Dismissed,2025-11-26,348,0.0,False,Resolved,1
CC-2024-0365,US District Court — N.D. Cal.,JUD-08,2024-12-13,High,286275.72,2,False,False,,,564,,,Ongoing,0
CC-2024-0866,High Court — KBD (TCC),JUD-05,2024-12-13,Medium,396745.46,1,True,False,Settled,2026-02-15,429,43207.85,False,Resolved,1
CC-2024-0581,London Commercial Court,JUD-02,2024-12-13,Low,517466.3,0,False,False,Settled,2026-03-08,450,256671.5,False,Resolved,1
CC-2024-0735,High Court — KBD (TCC),JUD-05,2024-12-13,Medium,616276.64,4,True,False,,,564,,,Ongoing,0
CC-2024-1159,US District Court — S.D.N.Y.,JUD-06,2024-12-14,Low,231068.76,0,False,False,Dismissed,2025-05-21,158,0.0,False,Resolved,1
CC-2024-0966,High Court — KBD (TCC),JUD-05,2024-12-14,Low,2141756.36,0,False,False,Settled,2026-01-19,401,1136729.45,False,Resolved,1
CC-2024-1192,High Court — Chancery Division,JUD-04,2024-12-14,Low,853615.07,1,False,False,Settled,2025-12-09,360,280041.1,False,Resolved,1
CC-2024-1087,High Court — Chancery Division,JUD-04,2024-12-15,Medium,124270.66,2,False,False,Settled,2025-10-02,291,59162.18,False,Resolved,1
CC-2024-1055,US District Court — N.D. Cal.,JUD-08,2024-12-15,Medium,2330550.83,2,False,False,,,562,,,Ongoing,0
CC-2024-0967,US District Court — N.D. Cal.,JUD-08,2024-12-15,Medium,1653972.56,3,False,False,,,562,,,Ongoing,0
CC-2024-0828,High Court — Chancery Division,JUD-04,2024-12-15,High,1450587.17,6,False,False,,,562,,,Ongoing,0
CC-2024-0791,US District Court — S.D.N.Y.,JUD-07,2024-12-15,Medium,200023.52,3,True,False,,,562,,,Ongoing,0
CC-2024-0710,London Commercial Court,JUD-02,2024-12-15,Medium,646074.81,3,True,False,Settled,2025-12-12,362,268356.58,False,Resolved,1
CC-2024-0825,London Commercial Court,JUD-01,2024-12-16,Medium,1750025.83,4,False,False,Settled,2025-12-19,368,578991.22,False,Resolved,1
CC-2024-0319,London Commercial Court,JUD-01,2024-12-16,Low,170869.81,1,False,False,Dismissed,2025-06-11,177,0.0,False,Resolved,1
CC-2024-0909,London Commercial Court,JUD-01,2024-12-16,Low,1812594.17,1,True,True,Dismissed,2025-05-23,158,0.0,False,Resolved,1
CC-2024-0165,London Commercial Court,JUD-01,2024-12-17,Low,79947.41,1,False,False,Settled,2025-09-18,275,25708.05,False,Resolved,1
CC-2024-0723,Singapore International Comm.,JUD-09,2024-12-18,High,77673.42,0,False,False,Dismissed,2026-02-24,433,0.0,False,Resolved,1
CC-2024-0225,Dubai International Fin. Centre,JUD-10,2024-12-19,High,3860509.2,9,True,False,,,558,,,Ongoing,0
CC-2024-0544,London Commercial Court,JUD-02,2024-12-19,Low,2552642.26,3,False,False,Settled,2025-11-12,328,1577691.25,False,Resolved,1
CC-2024-0768,London Commercial Court,JUD-02,2024-12-20,Medium,404540.25,3,True,False,Settled,2026-06-05,532,217950.81,False,Resolved,1
CC-2024-0198,High Court — KBD (TCC),JUD-05,2024-12-20,High,449161.96,8,True,False,,,557,,,Ongoing,0
CC-2024-0981,US District Court — S.D.N.Y.,JUD-07,2024-12-21,Medium,195721.56,3,False,False,Settled,2026-04-05,470,65687.41,True,Resolved,1
CC-2024-0708,High Court — Chancery Division,JUD-03,2024-12-21,Medium,256319.96,1,False,False,Dismissed,2025-08-29,251,0.0,False,Resolved,1
CC-2024-0631,High Court — Chancery Division,JUD-04,2024-12-23,Low,569412.03,1,True,False,Settled,2026-01-16,389,213856.69,False,Resolved,1
CC-2024-0843,US District Court — S.D.N.Y.,JUD-07,2024-12-24,Medium,402874.78,2,True,False,Settled,2025-09-13,263,137623.4,False,Resolved,1
CC-2024-1200,High Court — KBD (TCC),JUD-05,2024-12-25,High,130726.33,1,False,False,Settled,2026-05-24,515,43867.69,False,Resolved,1
CC-2024-0632,US District Court — S.D.N.Y.,JUD-06,2024-12-26,Low,531359.8,1,True,False,Dismissed,2025-08-18,235,0.0,False,Resolved,1
CC-2024-0564,US District Court — S.D.N.Y.,JUD-06,2024-12-26,High,520434.39,2,False,False,Settled,2026-03-28,457,142476.02,False,Resolved,1
CC-2024-0107,High Court — KBD (TCC),JUD-05,2024-12-26,Medium,1502066.15,3,False,False,,,551,,,Ongoing,0
CC-2024-0892,High Court — Chancery Division,JUD-04,2024-12-26,High,213019.68,3,True,False,,,551,,,Ongoing,0
CC-2024-0792,US District Court — S.D.N.Y.,JUD-06,2024-12-27,Low,514941.69,1,True,True,Dismissed,2025-04-04,98,0.0,False,Resolved,1
CC-2024-0776,High Court — Chancery Division,JUD-03,2024-12-27,Low,433761.0,1,False,False,Dismissed,2025-06-17,172,0.0,False,Resolved,1
CC-2024-0578,London Commercial Court,JUD-02,2024-12-27,Medium,1782978.64,4,False,False,Dismissed,2025-09-23,270,0.0,False,Resolved,1
CC-2024-0274,High Court — KBD (TCC),JUD-05,2024-12-28,Low,77431.73,1,True,False,Dismissed,2026-03-14,441,0.0,False,Resolved,1
CC-2024-0714,London Commercial Court,JUD-02,2024-12-28,Low,1442458.28,0,True,False,Dismissed,2025-04-28,121,0.0,False,Resolved,1
CC-2024-0537,US District Court — N.D. Cal.,JUD-08,2024-12-28,Low,389618.59,2,True,False,Settled,2026-04-24,482,284038.94,False,Resolved,1
CC-2024-1047,US District Court — S.D.N.Y.,JUD-06,2024-12-28,Medium,3293978.39,6,False,False,Settled,2026-01-24,392,1079547.14,False,Resolved,1
CC-2024-0289,US District Court — N.D. Cal.,JUD-08,2024-12-28,Medium,845119.37,4,True,False,,,549,,,Ongoing,0
CC-2024-1129,High Court — Chancery Division,JUD-03,2024-12-28,Medium,204408.61,3,True,False,,,549,,,Ongoing,0
CC-2024-1119,High Court — Chancery Division,JUD-04,2024-12-28,High,304061.66,4,False,False,,,549,,,Ongoing,0
CC-2024-0228,US District Court — N.D. Cal.,JUD-08,2024-12-28,High,571079.8,5,False,False,,,549,,,Ongoing,0
CC-2024-0064,London Commercial Court,JUD-02,2024-12-29,Low,250250.54,2,True,False,Settled,2025-11-26,332,83891.42,False,Resolved,1
CC-2024-0912,London Commercial Court,JUD-02,2024-12-30,Low,1746739.99,0,True,False,,,547,,,Ongoing,0
CC-2024-0804,London Commercial Court,JUD-01,2024-12-30,Medium,1882619.59,4,False,False,,,547,,,Ongoing,0
CC-2024-0052,London Commercial Court,JUD-01,2024-12-31,Medium,342798.06,1,False,False,Settled,2026-05-31,516,115190.01,False,Resolved,1
CC-2024-0862,High Court — Chancery Division,JUD-04,2024-12-31,High,225870.14,2,False,False,,,546,,,Ongoing,0
CC-2024-0787,US District Court — S.D.N.Y.,JUD-07,2024-12-31,High,136405.79,6,False,False,,,546,,,Ongoing,0
CC-2024-0087,Dubai International Fin. Centre,JUD-10,2024-12-31,Medium,569810.08,2,False,False,Dismissed,2025-07-31,212,0.0,False,Resolved,1
CC-2024-0195,Singapore International Comm.,JUD-09,2024-12-31,Low,54908.52,1,False,False,Dismissed,2025-04-01,91,0.0,False,Resolved,1
CC-2025-0293,Singapore International Comm.,JUD-09,2025-01-01,Medium,1272928.11,2,True,True,Dismissed,2025-09-11,253,0.0,False,Resolved,1
CC-2025-0343,London Commercial Court,JUD-02,2025-01-01,Low,266400.6,2,False,False,Settled,2026-01-26,390,108299.89,False,Resolved,1
CC-2025-1003,Singapore International Comm.,JUD-09,2025-01-01,High,265881.88,7,False,False,,,545,,,Ongoing,0
CC-2025-0456,Singapore International Comm.,JUD-09,2025-01-01,Medium,91956.05,2,True,True,Dismissed,2025-09-16,258,0.0,False,Resolved,1
CC-2025-0812,High Court — KBD (TCC),JUD-05,2025-01-01,High,705298.08,3,True,False,,,545,,,Ongoing,0
CC-2025-0554,London Commercial Court,JUD-01,2025-01-02,Medium,690211.66,2,False,False,,,544,,,Ongoing,0
CC-2025-0562,US District Court — S.D.N.Y.,JUD-07,2025-01-02,Low,220584.14,1,False,False,Settled,2025-07-03,182,138293.69,False,Resolved,1
CC-2025-0370,Dubai International Fin. Centre,JUD-10,2025-01-02,Low,920092.32,1,False,False,Settled,2025-07-27,206,252918.76,False,Resolved,1
CC-2025-0610,High Court — Chancery Division,JUD-04,2025-01-02,Low,2004743.07,6,True,False,,,544,,,Ongoing,0
CC-2025-0246,Singapore International Comm.,JUD-09,2025-01-02,Medium,850383.11,2,False,False,Dismissed,2025-12-12,344,0.0,False,Resolved,1
CC-2025-0906,US District Court — N.D. Cal.,JUD-08,2025-01-03,Low,238861.47,0,False,False,Settled,2025-10-11,281,79909.4,False,Resolved,1
CC-2025-1236,Singapore International Comm.,JUD-09,2025-01-03,Low,1144023.9,1,True,False,Settled,2025-12-24,355,668867.53,False,Resolved,1
CC-2025-0765,US District Court — S.D.N.Y.,JUD-07,2025-01-03,Medium,196434.03,2,False,False,,,543,,,Ongoing,0
CC-2025-1142,London Commercial Court,JUD-01,2025-01-03,Medium,985291.22,2,True,True,Dismissed,2025-10-24,294,0.0,False,Resolved,1
CC-2025-1074,London Commercial Court,JUD-02,2025-01-03,Low,248340.22,2,True,False,Settled,2026-05-12,494,150225.97,False,Resolved,1
CC-2025-0800,Singapore International Comm.,JUD-09,2025-01-04,Low,819203.03,0,True,True,Dismissed,2025-03-31,86,0.0,False,Resolved,1
CC-2025-0136,London Commercial Court,JUD-01,2025-01-04,Low,76866.67,2,False,False,Dismissed,2025-10-08,277,0.0,False,Resolved,1
CC-2025-0655,High Court — Chancery Division,JUD-03,2025-01-05,Medium,560185.7,2,True,True,Dismissed,2025-09-10,248,0.0,False,Resolved,1
CC-2025-0457,US District Court — N.D. Cal.,JUD-08,2025-01-05,Medium,88136.44,1,False,False,Dismissed,2025-11-19,318,0.0,False,Resolved,1
CC-2025-0847,London Commercial Court,JUD-02,2025-01-05,Medium,3675879.1,2,True,False,,,541,,,Ongoing,0
CC-2025-0450,US District Court — N.D. Cal.,JUD-08,2025-01-06,Low,1269597.58,0,True,True,Dismissed,2026-02-14,404,0.0,False,Resolved,1
CC-2025-0267,High Court — Chancery Division,JUD-03,2025-01-06,Medium,203038.23,1,True,False,Dismissed,2026-06-19,529,0.0,False,Resolved,1
CC-2025-0160,High Court — KBD (TCC),JUD-05,2025-01-07,Low,1174952.96,1,True,False,Settled,2025-09-14,250,850088.76,False,Resolved,1
CC-2025-0577,Dubai International Fin. Centre,JUD-10,2025-01-07,High,710798.47,3,False,False,Settled,2026-04-22,470,284956.0,False,Resolved,1
CC-2025-1197,London Commercial Court,JUD-02,2025-01-07,Medium,1343938.7,4,True,False,Settled,2026-04-17,465,668353.74,False,Resolved,1
CC-2025-1207,Singapore International Comm.,JUD-09,2025-01-07,Low,621583.17,1,False,False,Settled,2025-08-11,216,434141.29,False,Resolved,1
CC-2025-1156,London Commercial Court,JUD-01,2025-01-07,Low,2070312.88,1,True,False,Settled,2025-12-26,353,1931724.16,False,Resolved,1
CC-2025-0572,London Commercial Court,JUD-01,2025-01-07,Medium,1617813.22,5,True,False,,,539,,,Ongoing,0
CC-2025-1209,US District Court — N.D. Cal.,JUD-08,2025-01-08,Medium,684439.3,1,True,False,,,538,,,Ongoing,0
CC-2025-0880,London Commercial Court,JUD-01,2025-01-08,Medium,121246.06,0,True,False,,,538,,,Ongoing,0
CC-2025-1242,US District Court — N.D. Cal.,JUD-08,2025-01-08,Low,1335899.06,1,False,False,Settled,2025-09-28,263,498818.08,False,Resolved,1
CC-2025-0508,London Commercial Court,JUD-01,2025-01-09,Medium,343121.21,2,True,False,,,537,,,Ongoing,0
CC-2025-0259,High Court — Chancery Division,JUD-04,2025-01-09,Low,95186.08,0,False,False,Settled,2025-08-09,212,22634.82,False,Resolved,1
CC-2025-0808,High Court — KBD (TCC),JUD-05,2025-01-09,High,1164806.68,3,True,False,,,537,,,Ongoing,0
CC-2025-0001,High Court — KBD (TCC),JUD-05,2025-01-09,Low,739554.61,3,True,False,Settled,2026-05-31,507,266779.52,False,Resolved,1
CC-2025-0424,London Commercial Court,JUD-01,2025-01-09,Medium,527847.55,0,True,True,Dismissed,2025-09-08,242,0.0,False,Resolved,1
CC-2025-0984,High Court — Chancery Division,JUD-03,2025-01-09,Low,333636.14,1,False,False,,,537,,,Ongoing,0
CC-2025-0265,London Commercial Court,JUD-02,2025-01-09,High,383465.72,3,False,False,Dismissed,2026-06-29,536,0.0,False,Resolved,1
CC-2025-0868,US District Court — S.D.N.Y.,JUD-06,2025-01-10,High,1588199.77,5,True,False,,,536,,,Ongoing,0
CC-2025-0264,London Commercial Court,JUD-01,2025-01-10,Low,1472272.65,1,False,False,Settled,2025-11-13,307,543356.46,False,Resolved,1
CC-2025-0506,London Commercial Court,JUD-01,2025-01-10,Medium,89150.72,0,False,False,Dismissed,2025-12-23,347,0.0,False,Resolved,1
CC-2025-0759,Singapore International Comm.,JUD-09,2025-01-11,Medium,2781820.77,2,True,True,Dismissed,2025-09-06,238,0.0,False,Resolved,1
CC-2025-0539,High Court — Chancery Division,JUD-03,2025-01-12,Low,224098.74,1,False,False,Dismissed,2026-01-25,378,0.0,False,Resolved,1
CC-2025-1117,London Commercial Court,JUD-02,2025-01-12,High,654078.35,6,True,False,,,534,,,Ongoing,0
CC-2025-0223,High Court — Chancery Division,JUD-04,2025-01-12,Medium,3963926.16,6,False,False,,,534,,,Ongoing,0
CC-2025-0368,High Court — KBD (TCC),JUD-05,2025-01-12,Low,476714.18,0,False,False,Settled,2025-06-28,167,151057.37,False,Resolved,1
CC-2025-0257,High Court — Chancery Division,JUD-04,2025-01-12,Low,3334629.3,0,True,False,Settled,2026-03-01,413,1802079.02,False,Resolved,1
CC-2025-1078,London Commercial Court,JUD-02,2025-01-13,Low,170689.78,0,False,False,Dismissed,2025-09-07,237,0.0,False,Resolved,1
CC-2025-0105,Dubai International Fin. Centre,JUD-10,2025-01-13,Low,1145353.52,0,False,False,Settled,2025-12-16,337,107263.71,False,Resolved,1
CC-2025-0923,London Commercial Court,JUD-02,2025-01-14,Medium,212865.73,3,True,False,Settled,2026-01-10,361,46238.43,False,Resolved,1
CC-2025-0513,High Court — Chancery Division,JUD-04,2025-01-14,High,2878819.4,5,False,False,,,532,,,Ongoing,0
CC-2025-0846,High Court — Chancery Division,JUD-04,2025-01-14,Low,710133.11,1,True,True,Settled,2025-09-03,232,165681.18,False,Resolved,1
CC-2025-0152,US District Court — N.D. Cal.,JUD-08,2025-01-14,Medium,546436.71,4,True,False,Settled,2026-05-27,498,101116.16,False,Resolved,1
CC-2025-1203,High Court — KBD (TCC),JUD-05,2025-01-15,Medium,319799.01,2,False,False,,,531,,,Ongoing,0
CC-2025-0910,US District Court — N.D. Cal.,JUD-08,2025-01-15,Low,1221030.83,2,True,True,Settled,2025-08-24,221,525742.16,False,Resolved,1
CC-2025-0391,Singapore International Comm.,JUD-09,2025-01-15,Medium,91757.7,1,False,False,Settled,2025-06-04,140,14200.13,False,Resolved,1
CC-2025-0825,London Commercial Court,JUD-02,2025-01-15,Medium,201573.65,1,False,False,Settled,2026-03-25,434,93405.52,False,Resolved,1
CC-2025-0805,US District Court — S.D.N.Y.,JUD-07,2025-01-16,Low,667054.23,0,False,False,Dismissed,2025-05-19,123,0.0,False,Resolved,1
CC-2025-0595,US District Court — S.D.N.Y.,JUD-06,2025-01-16,Low,128205.16,1,True,False,Settled,2025-11-05,293,49834.17,False,Resolved,1
CC-2025-1079,High Court — KBD (TCC),JUD-05,2025-01-16,Low,1133504.1,2,False,False,Settled,2026-05-16,485,780493.22,False,Resolved,1
CC-2025-0938,US District Court — N.D. Cal.,JUD-08,2025-01-16,Low,462142.38,0,False,False,Dismissed,2025-07-19,184,0.0,False,Resolved,1
CC-2025-1146,Singapore International Comm.,JUD-09,2025-01-17,Medium,3439620.06,0,True,True,Dismissed,2025-09-20,246,0.0,False,Resolved,1
CC-2025-1174,US District Court — S.D.N.Y.,JUD-07,2025-01-17,Low,744549.35,0,False,False,Settled,2025-10-14,270,292691.66,True,Resolved,1
CC-2025-0875,High Court — Chancery Division,JUD-03,2025-01-17,High,394518.95,4,True,False,,,529,,,Ongoing,0
CC-2025-0702,US District Court — N.D. Cal.,JUD-08,2025-01-17,High,1317587.61,3,True,False,,,529,,,Ongoing,0
CC-2025-0221,High Court — KBD (TCC),JUD-05,2025-01-17,High,539615.5,5,True,False,,,529,,,Ongoing,0
CC-2025-0155,Singapore International Comm.,JUD-09,2025-01-18,Medium,125953.13,3,False,False,Settled,2025-10-20,275,66581.63,False,Resolved,1
CC-2025-0422,Singapore International Comm.,JUD-09,2025-01-18,Medium,684170.18,1,False,False,Settled,2026-05-11,478,118507.23,False,Resolved,1
CC-2025-1091,Singapore International Comm.,JUD-09,2025-01-19,Medium,346782.89,3,True,False,Settled,2025-09-06,230,134594.08,False,Resolved,1
CC-2025-1216,Dubai International Fin. Centre,JUD-10,2025-01-19,High,1085509.53,6,True,False,,,527,,,Ongoing,0
CC-2025-0310,London Commercial Court,JUD-01,2025-01-19,High,1130143.91,1,True,False,,,527,,,Ongoing,0
CC-2025-0397,High Court — Chancery Division,JUD-04,2025-01-20,Medium,399505.17,1,True,True,Dismissed,2025-10-09,262,0.0,False,Resolved,1
CC-2025-0723,US District Court — N.D. Cal.,JUD-08,2025-01-20,Medium,1369286.26,6,False,False,Settled,2026-03-06,410,423226.73,False,Resolved,1
CC-2025-0291,US District Court — S.D.N.Y.,JUD-06,2025-01-20,Medium,2119928.21,5,True,False,Settled,2026-05-15,480,1365131.17,False,Resolved,1
CC-2025-0171,High Court — Chancery Division,JUD-03,2025-01-20,High,446624.29,5,True,False,Dismissed,2026-01-02,347,0.0,False,Resolved,1
CC-2025-0458,High Court — Chancery Division,JUD-04,2025-01-20,Low,4015137.73,0,False,False,Dismissed,2025-12-09,323,0.0,False,Resolved,1
CC-2025-0060,US District Court — N.D. Cal.,JUD-08,2025-01-20,Medium,719994.6,2,True,True,Dismissed,2025-10-04,257,0.0,False,Resolved,1
CC-2025-0410,Singapore International Comm.,JUD-09,2025-01-21,Medium,81919.2,0,False,False,Settled,2025-11-16,299,57770.0,False,Resolved,1
CC-2025-0801,Dubai International Fin. Centre,JUD-10,2025-01-21,Low,693835.15,4,False,False,Settled,2025-12-18,331,412900.73,False,Resolved,1
CC-2025-0710,Dubai International Fin. Centre,JUD-10,2025-01-22,Low,485005.5,1,True,True,Dismissed,2025-06-23,152,0.0,False,Resolved,1
CC-2025-0345,High Court — Chancery Division,JUD-03,2025-01-22,Medium,699055.87,2,True,True,Dismissed,2026-01-11,354,0.0,False,Resolved,1
CC-2025-0501,High Court — Chancery Division,JUD-03,2025-01-22,Medium,845990.59,4,False,False,Dismissed,2025-08-17,207,0.0,False,Resolved,1
CC-2025-0375,US District Court — N.D. Cal.,JUD-08,2025-01-23,High,322796.52,5,True,False,,,523,,,Ongoing,0
CC-2025-0385,High Court — Chancery Division,JUD-04,2025-01-23,Medium,279383.63,3,True,False,,,523,,,Ongoing,0
CC-2025-0394,High Court — Chancery Division,JUD-04,2025-01-24,High,804317.65,6,False,False,,,522,,,Ongoing,0
CC-2025-0266,US District Court — N.D. Cal.,JUD-08,2025-01-24,Low,966723.89,2,True,False,Settled,2025-11-02,282,433751.61,False,Resolved,1
CC-2025-0311,London Commercial Court,JUD-02,2025-01-24,High,261833.43,0,False,False,Dismissed,2026-04-21,452,0.0,False,Resolved,1
CC-2025-0164,London Commercial Court,JUD-02,2025-01-24,Low,314306.4,0,False,False,Dismissed,2025-11-13,293,0.0,False,Resolved,1
CC-2025-0650,US District Court — S.D.N.Y.,JUD-06,2025-01-25,Low,2538343.06,1,False,False,Settled,2025-10-08,256,809036.86,False,Resolved,1
CC-2025-0326,High Court — Chancery Division,JUD-04,2025-01-25,Low,272716.7,0,True,False,Trial Judgment,2026-04-03,433,105369.89,False,Resolved,1
CC-2025-0074,London Commercial Court,JUD-02,2025-01-25,Medium,135828.62,2,False,False,Dismissed,2025-09-21,239,0.0,False,Resolved,1
CC-2025-0895,London Commercial Court,JUD-02,2025-01-26,High,1656593.29,7,False,False,,,520,,,Ongoing,0
CC-2025-0018,London Commercial Court,JUD-01,2025-01-26,Low,484588.3,0,False,False,Settled,2026-01-22,361,123570.26,False,Resolved,1
CC-2025-0737,US District Court — S.D.N.Y.,JUD-07,2025-01-27,Medium,227744.45,1,True,False,Dismissed,2025-09-21,237,0.0,False,Resolved,1
CC-2025-0908,High Court — Chancery Division,JUD-03,2025-01-27,Medium,323451.28,6,False,False,,,519,,,Ongoing,0
CC-2025-1149,Singapore International Comm.,JUD-09,2025-01-27,Medium,86151.78,0,True,True,Dismissed,2025-03-31,63,0.0,False,Resolved,1
CC-2025-0670,Dubai International Fin. Centre,JUD-10,2025-01-28,Medium,1765655.61,3,False,False,Settled,2026-04-29,456,521294.32,False,Resolved,1
CC-2025-0200,London Commercial Court,JUD-01,2025-01-28,Low,360317.71,1,True,True,Dismissed,2025-12-18,324,0.0,False,Resolved,1
CC-2025-1221,London Commercial Court,JUD-02,2025-01-28,Medium,278762.04,5,False,False,Settled,2026-06-02,490,78337.08,False,Resolved,1
CC-2025-0359,High Court — KBD (TCC),JUD-05,2025-01-28,Medium,591365.2,1,False,False,,,518,,,Ongoing,0
CC-2025-0585,Singapore International Comm.,JUD-09,2025-01-28,Medium,1802905.2,3,True,False,,,518,,,Ongoing,0
CC-2025-0071,London Commercial Court,JUD-02,2025-01-29,Medium,114555.08,2,True,False,,,517,,,Ongoing,0
CC-2025-0648,US District Court — S.D.N.Y.,JUD-07,2025-01-29,Medium,143990.7,1,False,False,,,517,,,Ongoing,0
CC-2025-0302,US District Court — S.D.N.Y.,JUD-06,2025-01-30,High,326237.89,5,True,False,Settled,2026-03-21,415,126771.47,False,Resolved,1
CC-2025-0556,US District Court — S.D.N.Y.,JUD-06,2025-01-30,Low,265778.71,1,False,False,Settled,2026-04-11,436,37275.96,False,Resolved,1
CC-2025-0037,Dubai International Fin. Centre,JUD-10,2025-01-30,Medium,975073.97,1,False,False,Dismissed,2026-03-07,401,0.0,False,Resolved,1
CC-2025-0668,London Commercial Court,JUD-01,2025-01-30,High,887927.59,2,True,True,Dismissed,2025-12-25,329,0.0,False,Resolved,1
CC-2025-0478,London Commercial Court,JUD-01,2025-01-31,High,1842008.26,8,False,False,,,515,,,Ongoing,0
CC-2025-0407,US District Court — N.D. Cal.,JUD-08,2025-01-31,Medium,3714443.13,2,True,False,Settled,2026-06-24,509,630373.26,False,Resolved,1
CC-2025-0036,Dubai International Fin. Centre,JUD-10,2025-01-31,Medium,1815845.01,1,True,False,Dismissed,2026-06-10,495,0.0,False,Resolved,1
CC-2025-0008,Singapore International Comm.,JUD-09,2025-01-31,Medium,68117.19,2,False,False,Settled,2026-01-29,363,17749.45,False,Resolved,1
CC-2025-0103,High Court — KBD (TCC),JUD-05,2025-02-01,Low,313109.65,2,True,False,Settled,2025-11-13,285,199052.67,False,Resolved,1
CC-2025-1150,London Commercial Court,JUD-02,2025-02-01,Low,670383.29,1,True,False,Settled,2025-12-01,303,115195.91,False,Resolved,1
CC-2025-0726,US District Court — S.D.N.Y.,JUD-07,2025-02-02,Low,499146.86,2,False,False,Settled,2026-02-03,366,252937.9,False,Resolved,1
CC-2025-0349,High Court — Chancery Division,JUD-03,2025-02-02,Low,959644.26,0,False,False,Settled,2026-02-19,382,409880.28,True,Resolved,1
CC-2025-0612,Singapore International Comm.,JUD-09,2025-02-02,Medium,512002.92,4,True,False,Settled,2026-06-03,486,219157.35,False,Resolved,1
CC-2025-0951,London Commercial Court,JUD-02,2025-02-03,Medium,1048187.45,2,True,False,,,512,,,Ongoing,0
CC-2025-1124,London Commercial Court,JUD-01,2025-02-03,Medium,1060177.86,4,True,False,,,512,,,Ongoing,0
CC-2025-1104,High Court — Chancery Division,JUD-03,2025-02-03,Low,463167.52,1,False,False,Settled,2025-09-09,218,162122.5,True,Resolved,1
CC-2025-0094,High Court — Chancery Division,JUD-04,2025-02-03,Medium,178248.98,3,False,False,Settled,2026-03-29,419,64352.43,False,Resolved,1
CC-2025-0166,Singapore International Comm.,JUD-09,2025-02-03,Low,258174.49,1,False,False,Settled,2025-08-09,187,122683.39,False,Resolved,1
CC-2025-0195,High Court — Chancery Division,JUD-03,2025-02-03,Medium,5119899.57,4,True,False,,,512,,,Ongoing,0
CC-2025-1114,US District Court — N.D. Cal.,JUD-08,2025-02-04,Low,187112.72,1,False,False,Settled,2025-09-24,232,73259.67,False,Resolved,1
CC-2025-1002,US District Court — S.D.N.Y.,JUD-06,2025-02-04,Medium,2902001.51,2,False,False,Settled,2026-05-13,463,1276069.77,False,Resolved,1
CC-2025-0099,US District Court — N.D. Cal.,JUD-08,2025-02-04,Low,672430.77,2,False,False,Settled,2025-10-31,269,237878.25,False,Resolved,1
CC-2025-1127,High Court — Chancery Division,JUD-03,2025-02-05,Medium,458821.85,6,False,False,Dismissed,2025-12-05,303,0.0,False,Resolved,1
CC-2025-0093,London Commercial Court,JUD-01,2025-02-05,Medium,1043462.41,3,True,True,Settled,2026-01-21,350,258137.94,False,Resolved,1
CC-2025-0273,London Commercial Court,JUD-01,2025-02-05,Medium,1028602.99,4,True,True,Dismissed,2025-12-30,328,0.0,False,Resolved,1
CC-2025-0005,High Court — Chancery Division,JUD-03,2025-02-06,High,501908.89,3,False,False,,,509,,,Ongoing,0
CC-2025-0694,US District Court — S.D.N.Y.,JUD-06,2025-02-06,Medium,229204.03,1,False,False,Dismissed,2025-12-09,306,0.0,False,Resolved,1
CC-2025-0454,US District Court — N.D. Cal.,JUD-08,2025-02-07,Medium,2016940.5,2,False,False,Settled,2025-09-09,214,504959.65,False,Resolved,1
CC-2025-0439,London Commercial Court,JUD-02,2025-02-07,Medium,115502.3,2,False,False,Settled,2025-12-24,320,28907.78,False,Resolved,1
CC-2025-0834,Singapore International Comm.,JUD-09,2025-02-08,Medium,842298.97,1,True,False,Settled,2026-03-05,390,125208.05,False,Resolved,1
CC-2025-0066,High Court — Chancery Division,JUD-03,2025-02-08,Low,321087.18,2,True,False,Settled,2025-12-03,298,193828.92,True,Resolved,1
CC-2025-0108,London Commercial Court,JUD-01,2025-02-08,Low,292863.0,0,True,False,Settled,2025-12-02,297,84911.68,False,Resolved,1
CC-2025-0639,London Commercial Court,JUD-01,2025-02-08,Medium,96862.51,2,False,False,Dismissed,2026-02-11,368,0.0,False,Resolved,1
CC-2025-0013,London Commercial Court,JUD-02,2025-02-08,Low,1117459.76,6,True,False,,,507,,,Ongoing,0
CC-2025-0523,High Court — KBD (TCC),JUD-05,2025-02-09,Medium,181078.45,1,False,False,Dismissed,2026-05-10,455,0.0,False,Resolved,1
CC-2025-1211,High Court — Chancery Division,JUD-04,2025-02-09,Low,371013.22,2,True,True,Settled,2025-10-08,241,94269.88,False,Resolved,1
CC-2025-0907,High Court — Chancery Division,JUD-04,2025-02-10,Low,535884.54,0,False,False,Settled,2026-02-16,371,138426.58,False,Resolved,1
CC-2025-0654,High Court — KBD (TCC),JUD-05,2025-02-10,Medium,1502299.32,2,False,False,Settled,2026-03-24,407,645340.38,False,Resolved,1
CC-2025-0083,London Commercial Court,JUD-02,2025-02-10,Medium,482551.62,3,False,False,,,505,,,Ongoing,0
CC-2025-0584,US District Court — N.D. Cal.,JUD-08,2025-02-10,Low,804324.31,0,True,False,Settled,2025-11-07,270,284688.72,False,Resolved,1
CC-2025-0993,Dubai International Fin. Centre,JUD-10,2025-02-10,Medium,454928.25,2,False,False,,,505,,,Ongoing,0
CC-2025-1134,London Commercial Court,JUD-02,2025-02-10,Low,1451573.85,2,True,False,Settled,2026-04-28,442,40860.87,False,Resolved,1
CC-2025-1083,London Commercial Court,JUD-02,2025-02-11,Low,697862.04,0,False,False,Dismissed,2025-06-10,119,0.0,False,Resolved,1
CC-2025-0505,Singapore International Comm.,JUD-09,2025-02-11,Medium,1091907.07,3,False,False,,,504,,,Ongoing,0
CC-2025-0912,High Court — KBD (TCC),JUD-05,2025-02-11,High,271839.97,3,False,False,Dismissed,2026-06-03,477,0.0,False,Resolved,1
CC-2025-0972,US District Court — S.D.N.Y.,JUD-06,2025-02-11,Medium,336173.08,3,False,False,Settled,2025-11-27,289,74756.08,False,Resolved,1
CC-2025-0780,US District Court — S.D.N.Y.,JUD-06,2025-02-11,Medium,758369.26,2,False,False,Settled,2026-02-16,370,78663.88,False,Resolved,1
CC-2025-0364,Dubai International Fin. Centre,JUD-10,2025-02-12,Medium,630836.81,3,False,False,Settled,2026-01-24,346,293049.58,False,Resolved,1
CC-2025-0268,London Commercial Court,JUD-02,2025-02-12,Medium,1088153.96,1,False,False,Settled,2025-12-02,293,250490.53,False,Resolved,1
CC-2025-0583,London Commercial Court,JUD-01,2025-02-13,Low,326425.14,2,True,True,Dismissed,2025-05-24,100,0.0,False,Resolved,1
CC-2025-0653,Singapore International Comm.,JUD-09,2025-02-13,Medium,157050.57,0,False,False,Settled,2025-09-14,213,69240.41,False,Resolved,1
CC-2025-0750,Singapore International Comm.,JUD-09,2025-02-13,Medium,352479.28,3,True,True,Dismissed,2025-07-17,154,0.0,False,Resolved,1
CC-2025-0587,US District Court — S.D.N.Y.,JUD-06,2025-02-13,Low,3060523.12,2,True,False,Dismissed,2026-02-06,358,0.0,False,Resolved,1
CC-2025-1054,Singapore International Comm.,JUD-09,2025-02-13,Medium,787183.71,5,True,False,,,502,,,Ongoing,0
CC-2025-0452,Dubai International Fin. Centre,JUD-10,2025-02-13,Low,1993286.48,2,False,False,Settled,2025-11-13,273,1068896.86,False,Resolved,1
CC-2025-1189,High Court — Chancery Division,JUD-03,2025-02-14,High,209921.73,4,False,False,,,501,,,Ongoing,0
CC-2025-0627,High Court — Chancery Division,JUD-04,2025-02-14,High,145752.09,6,False,False,,,501,,,Ongoing,0
CC-2025-0128,US District Court — S.D.N.Y.,JUD-06,2025-02-14,Medium,784113.35,5,True,True,Dismissed,2026-03-26,405,0.0,False,Resolved,1
CC-2025-1116,High Court — KBD (TCC),JUD-05,2025-02-15,High,358934.92,3,False,False,,,500,,,Ongoing,0
CC-2025-0563,US District Court — N.D. Cal.,JUD-08,2025-02-15,Low,100713.57,1,False,False,Settled,2025-08-19,185,8566.63,False,Resolved,1
CC-2025-0789,London Commercial Court,JUD-02,2025-02-15,Low,666929.83,2,True,False,Settled,2026-01-16,335,442794.36,False,Resolved,1
CC-2025-0125,US District Court — S.D.N.Y.,JUD-07,2025-02-15,Low,161325.15,1,False,False,Settled,2025-06-13,118,34621.05,False,Resolved,1
CC-2025-0466,High Court — Chancery Division,JUD-04,2025-02-15,High,231061.66,2,True,False,,,500,,,Ongoing,0
CC-2025-1000,London Commercial Court,JUD-01,2025-02-16,Low,1190739.86,0,True,True,Dismissed,2025-11-26,283,0.0,False,Resolved,1
CC-2025-0794,High Court — KBD (TCC),JUD-05,2025-02-16,High,1038300.19,4,True,False,,,499,,,Ongoing,0
CC-2025-0882,Singapore International Comm.,JUD-09,2025-02-16,Medium,387213.32,2,False,False,,,499,,,Ongoing,0
CC-2025-0806,US District Court — S.D.N.Y.,JUD-07,2025-02-16,Medium,1069286.97,2,True,True,,,499,,,Ongoing,0
CC-2025-0547,London Commercial Court,JUD-02,2025-02-16,Low,645800.0,4,False,False,Settled,2026-01-19,337,269546.34,False,Resolved,1
CC-2025-1090,High Court — Chancery Division,JUD-04,2025-02-16,Medium,165714.52,1,False,False,Settled,2026-01-04,322,62217.6,False,Resolved,1
CC-2025-0559,High Court — KBD (TCC),JUD-05,2025-02-17,Medium,945278.94,3,False,False,,,498,,,Ongoing,0
CC-2025-0927,US District Court — S.D.N.Y.,JUD-07,2025-02-18,Medium,304175.77,1,False,False,Settled,2026-01-23,339,73451.29,False,Resolved,1
CC-2025-1220,London Commercial Court,JUD-02,2025-02-18,Low,1675951.43,0,False,False,Settled,2026-02-02,349,470968.52,False,Resolved,1
CC-2025-0448,High Court — Chancery Division,JUD-03,2025-02-18,Low,739020.93,1,False,False,Settled,2025-11-19,274,94058.21,False,Resolved,1
CC-2025-0453,London Commercial Court,JUD-01,2025-02-18,Low,829647.18,2,False,False,Dismissed,2025-11-06,261,0.0,False,Resolved,1
CC-2025-0126,US District Court — S.D.N.Y.,JUD-06,2025-02-18,Medium,774519.7,4,True,False,Dismissed,2026-04-05,411,0.0,False,Resolved,1
CC-2025-1044,US District Court — N.D. Cal.,JUD-08,2025-02-19,Low,285670.54,0,False,False,,,496,,,Ongoing,0
CC-2025-0708,High Court — KBD (TCC),JUD-05,2025-02-19,High,137028.82,4,False,False,Settled,2026-04-06,411,14256.73,False,Resolved,1
CC-2025-0212,Dubai International Fin. Centre,JUD-10,2025-02-19,Medium,2256584.13,1,False,False,Settled,2026-03-21,395,257202.57,False,Resolved,1
CC-2025-0931,London Commercial Court,JUD-02,2025-02-20,Low,379350.31,0,True,False,Dismissed,2025-11-01,254,0.0,False,Resolved,1
CC-2025-0186,Dubai International Fin. Centre,JUD-10,2025-02-20,Medium,443728.35,3,True,False,,,495,,,Ongoing,0
CC-2025-0507,US District Court — S.D.N.Y.,JUD-06,2025-02-21,Low,1287618.35,1,False,False,Settled,2025-09-29,220,84522.13,False,Resolved,1
CC-2025-0489,Singapore International Comm.,JUD-09,2025-02-21,Medium,1980193.86,1,False,False,,,494,,,Ongoing,0
CC-2025-1113,London Commercial Court,JUD-01,2025-02-21,Low,652056.57,0,False,False,Settled,2025-10-24,245,149410.89,False,Resolved,1
CC-2025-1130,US District Court — S.D.N.Y.,JUD-07,2025-02-21,Medium,105702.56,2,True,False,Settled,2025-12-21,303,44749.16,False,Resolved,1
CC-2025-0687,London Commercial Court,JUD-02,2025-02-21,Low,513121.99,1,False,False,,,494,,,Ongoing,0
CC-2025-1011,London Commercial Court,JUD-01,2025-02-21,Low,161772.02,1,False,False,Settled,2025-08-24,184,38632.21,False,Resolved,1
CC-2025-0069,London Commercial Court,JUD-02,2025-02-21,Medium,637316.54,5,False,False,,,494,,,Ongoing,0
CC-2025-1065,High Court — Chancery Division,JUD-03,2025-02-22,Medium,1279205.14,1,True,False,,,493,,,Ongoing,0
CC-2025-0706,London Commercial Court,JUD-01,2025-02-22,Low,1608870.6,1,True,False,Settled,2025-10-29,249,293792.45,False,Resolved,1
CC-2025-0756,High Court — Chancery Division,JUD-03,2025-02-23,High,328848.22,3,False,False,,,492,,,Ongoing,0
CC-2025-0592,London Commercial Court,JUD-02,2025-02-23,Low,687391.93,0,False,False,Settled,2026-02-07,349,350680.41,False,Resolved,1
CC-2025-0088,High Court — Chancery Division,JUD-03,2025-02-23,High,2359242.24,7,True,False,,,492,,,Ongoing,0
CC-2025-0044,US District Court — S.D.N.Y.,JUD-07,2025-02-24,High,682533.58,5,False,False,Settled,2026-06-09,470,328668.79,False,Resolved,1
CC-2025-1023,Dubai International Fin. Centre,JUD-10,2025-02-24,Low,835651.84,4,True,False,Settled,2025-09-11,199,304328.4,False,Resolved,1
CC-2025-0175,London Commercial Court,JUD-02,2025-02-24,Medium,2810726.03,2,True,False,,,491,,,Ongoing,0
CC-2025-0185,London Commercial Court,JUD-02,2025-02-24,Medium,633970.56,3,True,False,,,491,,,Ongoing,0
CC-2025-0396,London Commercial Court,JUD-02,2025-02-24,Medium,495669.03,2,True,False,Dismissed,2025-10-12,230,0.0,False,Resolved,1
CC-2025-0080,US District Court — S.D.N.Y.,JUD-07,2025-02-25,Medium,304679.65,0,False,False,Settled,2026-01-06,315,61481.86,False,Resolved,1
CC-2025-0839,High Court — Chancery Division,JUD-03,2025-02-25,Medium,130942.01,3,False,False,Dismissed,2025-10-13,230,0.0,False,Resolved,1
CC-2025-0589,US District Court — S.D.N.Y.,JUD-06,2025-02-25,High,52190.74,7,False,False,,,490,,,Ongoing,0
CC-2025-1229,London Commercial Court,JUD-01,2025-02-25,Low,2181662.34,0,False,False,Settled,2025-12-15,293,613168.21,False,Resolved,1
CC-2025-0251,London Commercial Court,JUD-02,2025-02-26,Low,372103.3,2,True,False,Settled,2026-05-01,429,81622.99,False,Resolved,1
CC-2025-1169,London Commercial Court,JUD-02,2025-02-26,Low,1089137.19,3,False,False,Settled,2026-06-17,476,336562.25,False,Resolved,1
CC-2025-0039,Singapore International Comm.,JUD-09,2025-02-27,Medium,266494.85,0,False,False,Settled,2025-10-27,242,134274.21,False,Resolved,1
CC-2025-0570,High Court — KBD (TCC),JUD-05,2025-02-27,Medium,1010113.44,6,True,False,,,488,,,Ongoing,0
CC-2025-0332,High Court — Chancery Division,JUD-03,2025-02-27,Medium,693086.35,1,False,False,,,488,,,Ongoing,0
CC-2025-0963,High Court — KBD (TCC),JUD-05,2025-02-28,Low,287715.87,1,True,False,Settled,2025-12-20,295,231399.21,False,Resolved,1
CC-2025-1163,London Commercial Court,JUD-02,2025-02-28,Medium,609204.9,3,False,False,Settled,2026-01-01,307,172339.55,False,Resolved,1
CC-2025-0705,High Court — KBD (TCC),JUD-05,2025-02-28,Medium,268052.93,3,True,False,,,487,,,Ongoing,0
CC-2025-1223,High Court — Chancery Division,JUD-03,2025-02-28,High,431737.65,1,False,False,,,487,,,Ongoing,0
CC-2025-0444,US District Court — S.D.N.Y.,JUD-06,2025-03-01,High,766933.29,8,True,False,,,486,,,Ongoing,0
CC-2025-0599,High Court — KBD (TCC),JUD-05,2025-03-01,Medium,1306538.7,2,True,False,,,486,,,Ongoing,0
CC-2025-1222,London Commercial Court,JUD-01,2025-03-02,High,1317411.65,4,True,False,,,485,,,Ongoing,0
CC-2025-0033,High Court — KBD (TCC),JUD-05,2025-03-02,High,504976.01,4,False,False,,,485,,,Ongoing,0
CC-2025-0460,High Court — Chancery Division,JUD-04,2025-03-02,Low,1558503.97,0,False,False,,,485,,,Ongoing,0
CC-2025-0736,London Commercial Court,JUD-01,2025-03-02,High,2658756.3,5,False,False,,,485,,,Ongoing,0
CC-2025-0277,US District Court — S.D.N.Y.,JUD-07,2025-03-02,Medium,229117.05,0,False,False,Settled,2026-03-18,381,140184.28,False,Resolved,1
CC-2025-1103,US District Court — N.D. Cal.,JUD-08,2025-03-02,Low,262179.31,0,True,True,Dismissed,2025-07-29,149,0.0,False,Resolved,1
CC-2025-0217,London Commercial Court,JUD-01,2025-03-03,Medium,592035.17,1,False,False,,,484,,,Ongoing,0
CC-2025-0943,US District Court — S.D.N.Y.,JUD-06,2025-03-04,Low,245838.72,1,False,False,Settled,2025-09-12,192,148694.4,False,Resolved,1
CC-2025-0299,US District Court — S.D.N.Y.,JUD-06,2025-03-04,Low,151805.69,1,False,False,Dismissed,2025-09-06,186,0.0,False,Resolved,1
CC-2025-0949,London Commercial Court,JUD-01,2025-03-05,Medium,277957.16,5,True,False,,,482,,,Ongoing,0
CC-2025-0486,London Commercial Court,JUD-01,2025-03-05,Low,430884.5,2,False,False,,,482,,,Ongoing,0
CC-2025-0314,US District Court — S.D.N.Y.,JUD-07,2025-03-06,Low,239218.42,2,True,False,Settled,2025-08-16,163,40239.87,False,Resolved,1
CC-2025-0580,High Court — Chancery Division,JUD-03,2025-03-06,Medium,328804.11,1,True,False,,,481,,,Ongoing,0
CC-2025-1076,London Commercial Court,JUD-01,2025-03-06,Low,233484.58,0,False,False,Settled,2025-10-26,234,128552.02,False,Resolved,1
CC-2025-1030,London Commercial Court,JUD-02,2025-03-06,High,207187.74,1,False,False,,,481,,,Ongoing,0
CC-2025-1046,Singapore International Comm.,JUD-09,2025-03-06,Medium,851101.79,5,True,True,Dismissed,2026-02-28,359,0.0,False,Resolved,1
CC-2025-0848,Dubai International Fin. Centre,JUD-10,2025-03-07,Medium,1652946.91,6,True,False,,,480,,,Ongoing,0
CC-2025-1154,London Commercial Court,JUD-02,2025-03-07,High,169148.23,3,False,False,,,480,,,Ongoing,0
CC-2025-0240,London Commercial Court,JUD-02,2025-03-07,Medium,1314077.87,0,False,False,,,480,,,Ongoing,0
CC-2025-1048,US District Court — N.D. Cal.,JUD-08,2025-03-08,Medium,1867978.09,3,False,False,,,479,,,Ongoing,0
CC-2025-0226,London Commercial Court,JUD-01,2025-03-08,Medium,1847928.37,3,False,False,,,479,,,Ongoing,0
CC-2025-0327,US District Court — N.D. Cal.,JUD-08,2025-03-08,Medium,193003.79,1,True,False,,,479,,,Ongoing,0
CC-2025-0356,High Court — KBD (TCC),JUD-05,2025-03-08,Medium,409724.74,0,False,False,,,479,,,Ongoing,0
CC-2025-0499,US District Court — S.D.N.Y.,JUD-07,2025-03-09,High,251223.0,1,False,False,Dismissed,2026-06-19,467,0.0,False,Resolved,1
CC-2025-0020,US District Court — S.D.N.Y.,JUD-06,2025-03-09,Low,183171.79,2,True,False,Settled,2025-12-08,274,82610.01,False,Resolved,1
CC-2025-0038,High Court — KBD (TCC),JUD-05,2025-03-09,High,2478315.52,6,False,False,,,478,,,Ongoing,0
CC-2025-0372,US District Court — S.D.N.Y.,JUD-07,2025-03-09,Low,807573.33,2,False,False,Dismissed,2026-02-28,356,0.0,False,Resolved,1
CC-2025-0978,Dubai International Fin. Centre,JUD-10,2025-03-09,High,1420218.63,5,False,False,,,478,,,Ongoing,0
CC-2025-0555,High Court — Chancery Division,JUD-04,2025-03-10,Medium,267651.31,3,True,False,,,477,,,Ongoing,0
CC-2025-1082,London Commercial Court,JUD-01,2025-03-10,Medium,85300.18,1,True,True,Dismissed,2025-07-27,139,0.0,False,Resolved,1
CC-2025-0081,Singapore International Comm.,JUD-09,2025-03-10,Low,7807655.43,2,True,False,Settled,2026-04-24,410,122630.54,False,Resolved,1
CC-2025-0681,Dubai International Fin. Centre,JUD-10,2025-03-10,Low,1193702.97,2,True,False,Settled,2026-04-28,414,444885.69,False,Resolved,1
CC-2025-0642,High Court — KBD (TCC),JUD-05,2025-03-11,Low,1253834.86,1,False,False,Dismissed,2026-02-13,339,0.0,False,Resolved,1
CC-2025-0045,Singapore International Comm.,JUD-09,2025-03-11,Low,180570.81,1,False,False,Dismissed,2025-07-02,113,0.0,False,Resolved,1
CC-2025-0249,London Commercial Court,JUD-02,2025-03-11,Low,3983772.19,1,False,False,,,476,,,Ongoing,0
CC-2025-1153,High Court — Chancery Division,JUD-03,2025-03-12,Low,1038641.82,1,False,False,Dismissed,2025-10-08,210,0.0,False,Resolved,1
CC-2025-0227,US District Court — N.D. Cal.,JUD-08,2025-03-12,Low,1228354.03,0,False,False,Settled,2025-12-23,286,169535.21,False,Resolved,1
CC-2025-0004,Dubai International Fin. Centre,JUD-10,2025-03-12,High,182876.63,1,False,False,,,475,,,Ongoing,0
CC-2025-0826,Singapore International Comm.,JUD-09,2025-03-13,Low,215330.0,0,False,False,Settled,2025-10-17,218,94812.78,False,Resolved,1
CC-2025-0433,London Commercial Court,JUD-01,2025-03-14,High,898500.49,2,False,False,,,473,,,Ongoing,0
CC-2025-0204,High Court — Chancery Division,JUD-03,2025-03-14,High,1679078.53,3,True,False,,,473,,,Ongoing,0
CC-2025-0203,US District Court — N.D. Cal.,JUD-08,2025-03-14,High,482282.67,4,False,False,,,473,,,Ongoing,0
CC-2025-0962,High Court — KBD (TCC),JUD-05,2025-03-14,High,400176.55,2,True,False,,,473,,,Ongoing,0
CC-2025-0916,US District Court — S.D.N.Y.,JUD-07,2025-03-14,Low,1745881.45,0,True,True,Dismissed,2025-08-03,142,0.0,False,Resolved,1
CC-2025-0696,London Commercial Court,JUD-01,2025-03-14,High,768918.33,5,True,False,,,473,,,Ongoing,0
CC-2025-0491,US District Court — S.D.N.Y.,JUD-07,2025-03-14,Low,244978.35,2,False,False,Dismissed,2025-10-29,229,0.0,False,Resolved,1
CC-2025-0783,US District Court — N.D. Cal.,JUD-08,2025-03-14,Low,1520803.15,1,True,False,,,473,,,Ongoing,0
CC-2025-0897,London Commercial Court,JUD-01,2025-03-14,Low,131754.61,0,False,False,Settled,2025-12-22,283,49500.27,False,Resolved,1
CC-2025-1243,US District Court — N.D. Cal.,JUD-08,2025-03-15,Medium,932133.15,2,False,False,Settled,2026-03-24,374,532062.0,False,Resolved,1
CC-2025-0341,US District Court — N.D. Cal.,JUD-08,2025-03-15,Medium,449626.39,2,True,False,,,472,,,Ongoing,0
CC-2025-0811,US District Court — N.D. Cal.,JUD-08,2025-03-15,High,280298.22,5,False,False,Dismissed,2026-05-15,426,0.0,False,Resolved,1
CC-2025-0560,US District Court — S.D.N.Y.,JUD-06,2025-03-16,Medium,325112.05,2,False,False,Settled,2026-01-01,291,98586.92,False,Resolved,1
CC-2025-0258,US District Court — S.D.N.Y.,JUD-06,2025-03-16,Low,1237286.53,0,False,False,Settled,2025-06-07,83,615145.17,False,Resolved,1
CC-2025-0021,US District Court — N.D. Cal.,JUD-08,2025-03-16,Low,4684942.63,1,True,False,Settled,2026-01-28,318,1847938.21,False,Resolved,1
CC-2025-0742,High Court — KBD (TCC),JUD-05,2025-03-17,High,264281.9,3,False,False,,,470,,,Ongoing,0
CC-2025-0381,High Court — KBD (TCC),JUD-05,2025-03-17,Medium,82622.67,1,False,False,Settled,2026-03-28,376,16463.06,False,Resolved,1
CC-2025-0427,London Commercial Court,JUD-01,2025-03-18,Medium,441184.71,1,True,True,Dismissed,2025-10-21,217,0.0,False,Resolved,1
CC-2025-0899,US District Court — N.D. Cal.,JUD-08,2025-03-18,High,814989.29,7,False,False,,,469,,,Ongoing,0
CC-2025-0751,Singapore International Comm.,JUD-09,2025-03-18,High,1232694.45,3,True,False,,,469,,,Ongoing,0
CC-2025-0860,US District Court — N.D. Cal.,JUD-08,2025-03-18,Medium,245325.88,1,True,False,,,469,,,Ongoing,0
CC-2025-0932,London Commercial Court,JUD-01,2025-03-20,High,1622170.6,5,True,False,,,467,,,Ongoing,0
CC-2025-1019,High Court — Chancery Division,JUD-04,2025-03-20,High,419001.29,7,True,False,,,467,,,Ongoing,0
CC-2025-0306,London Commercial Court,JUD-01,2025-03-20,Medium,90980.61,2,False,False,,,467,,,Ongoing,0
CC-2025-0956,US District Court — S.D.N.Y.,JUD-07,2025-03-20,Low,401647.61,0,False,False,Settled,2025-10-28,222,201879.96,False,Resolved,1
CC-2025-0487,Dubai International Fin. Centre,JUD-10,2025-03-20,High,322651.74,2,False,False,,,467,,,Ongoing,0
CC-2025-0284,Dubai International Fin. Centre,JUD-10,2025-03-21,Low,1746557.73,2,False,False,Dismissed,2026-02-03,319,0.0,False,Resolved,1
CC-2025-0420,High Court — KBD (TCC),JUD-05,2025-03-22,Low,1550132.87,1,True,False,Settled,2026-02-19,334,442178.86,False,Resolved,1
CC-2025-0645,Dubai International Fin. Centre,JUD-10,2025-03-22,Medium,317901.06,2,True,False,Settled,2026-05-28,432,156205.63,False,Resolved,1
CC-2025-0210,High Court — Chancery Division,JUD-03,2025-03-22,Medium,251525.0,1,False,False,,,465,,,Ongoing,0
CC-2025-0620,London Commercial Court,JUD-02,2025-03-22,Low,323338.16,1,True,True,Dismissed,2025-11-23,246,0.0,False,Resolved,1
CC-2025-0746,London Commercial Court,JUD-01,2025-03-22,Medium,494994.59,3,True,False,,,465,,,Ongoing,0
CC-2025-0056,Dubai International Fin. Centre,JUD-10,2025-03-23,Medium,1196914.86,6,True,False,,,464,,,Ongoing,0
CC-2025-1167,London Commercial Court,JUD-01,2025-03-23,Medium,662907.56,6,False,False,,,464,,,Ongoing,0
CC-2025-1159,Singapore International Comm.,JUD-09,2025-03-24,Low,1614705.94,1,True,True,Dismissed,2025-07-22,120,0.0,False,Resolved,1
CC-2025-0609,US District Court — N.D. Cal.,JUD-08,2025-03-24,High,1893992.23,1,True,True,Dismissed,2025-11-12,233,0.0,False,Resolved,1
CC-2025-1198,High Court — KBD (TCC),JUD-05,2025-03-25,High,1165986.01,7,True,False,,,462,,,Ongoing,0
CC-2025-1171,US District Court — S.D.N.Y.,JUD-07,2025-03-25,Medium,352622.24,3,False,False,,,462,,,Ongoing,0
CC-2025-0040,US District Court — S.D.N.Y.,JUD-06,2025-03-25,High,56548.74,5,True,True,Dismissed,2025-12-03,253,0.0,False,Resolved,1
CC-2025-0281,High Court — Chancery Division,JUD-04,2025-03-25,High,596055.24,6,True,True,,,462,,,Ongoing,0
CC-2025-1224,High Court — Chancery Division,JUD-03,2025-03-26,Medium,1401729.43,1,True,False,,,461,,,Ongoing,0
CC-2025-0500,US District Court — N.D. Cal.,JUD-08,2025-03-26,Low,2095050.31,1,False,False,Settled,2026-06-12,443,1371933.43,False,Resolved,1
CC-2025-0850,US District Court — N.D. Cal.,JUD-08,2025-03-26,Medium,1785915.76,1,True,True,Dismissed,2026-01-10,290,0.0,False,Resolved,1
CC-2025-0218,US District Court — N.D. Cal.,JUD-08,2025-03-26,Low,587407.25,2,True,False,Dismissed,2025-09-06,164,0.0,False,Resolved,1
CC-2025-1119,High Court — Chancery Division,JUD-04,2025-03-26,Medium,134269.75,5,True,False,,,461,,,Ongoing,0
CC-2025-0225,London Commercial Court,JUD-02,2025-03-27,Medium,2295993.53,3,True,False,,,460,,,Ongoing,0
CC-2025-0145,High Court — KBD (TCC),JUD-05,2025-03-27,Medium,185913.79,3,True,True,Settled,2026-04-08,377,48264.78,False,Resolved,1
CC-2025-0068,High Court — KBD (TCC),JUD-05,2025-03-27,Medium,268831.84,3,False,False,Settled,2026-05-25,424,63574.82,False,Resolved,1
CC-2025-0617,High Court — Chancery Division,JUD-03,2025-03-27,Medium,1899792.45,2,False,False,,,460,,,Ongoing,0
CC-2025-0106,High Court — Chancery Division,JUD-04,2025-03-27,Low,624365.24,0,False,False,Settled,2026-02-14,324,188886.1,False,Resolved,1
CC-2025-0365,High Court — KBD (TCC),JUD-05,2025-03-28,Medium,197401.87,2,True,False,,,459,,,Ongoing,0
CC-2025-0631,High Court — Chancery Division,JUD-04,2025-03-28,Medium,1525248.59,4,False,False,,,459,,,Ongoing,0
CC-2025-0514,US District Court — N.D. Cal.,JUD-08,2025-03-29,Medium,684321.91,3,False,False,,,458,,,Ongoing,0
CC-2025-0493,Dubai International Fin. Centre,JUD-10,2025-03-29,Low,458285.53,0,False,False,Settled,2025-08-18,142,103543.56,False,Resolved,1
CC-2025-0272,High Court — Chancery Division,JUD-03,2025-03-31,Low,1213598.47,3,True,False,,,456,,,Ongoing,0
CC-2025-0856,Singapore International Comm.,JUD-09,2025-04-01,Low,1472375.16,2,False,False,Settled,2025-12-18,261,673594.41,False,Resolved,1
CC-2025-0123,London Commercial Court,JUD-02,2025-04-02,Low,82403.58,0,True,True,Dismissed,2025-08-07,127,0.0,False,Resolved,1
CC-2025-0234,US District Court — S.D.N.Y.,JUD-06,2025-04-02,High,279497.52,4,True,False,,,454,,,Ongoing,0
CC-2025-0465,High Court — Chancery Division,JUD-04,2025-04-02,Low,212206.05,4,True,False,Settled,2026-03-29,361,131881.94,False,Resolved,1
CC-2025-0403,Dubai International Fin. Centre,JUD-10,2025-04-03,Low,1851120.89,3,False,False,Settled,2025-10-21,201,484432.91,False,Resolved,1
CC-2025-0636,US District Court — S.D.N.Y.,JUD-06,2025-04-03,Medium,355277.39,3,False,False,Settled,2026-01-15,287,152015.67,False,Resolved,1
CC-2025-0836,US District Court — S.D.N.Y.,JUD-07,2025-04-05,High,2796656.66,6,False,False,,,451,,,Ongoing,0
CC-2025-0230,Dubai International Fin. Centre,JUD-10,2025-04-05,Low,1426626.51,1,True,False,Dismissed,2025-08-30,147,0.0,False,Resolved,1
CC-2025-0986,High Court — Chancery Division,JUD-04,2025-04-05,Medium,2474420.09,0,False,False,,,451,,,Ongoing,0
CC-2025-1061,US District Court — S.D.N.Y.,JUD-06,2025-04-05,High,404435.23,3,True,False,Dismissed,2026-03-02,331,0.0,False,Resolved,1
CC-2025-0357,Singapore International Comm.,JUD-09,2025-04-06,Low,226595.05,0,False,False,Settled,2026-05-14,403,87586.22,True,Resolved,1
CC-2025-0977,High Court — Chancery Division,JUD-03,2025-04-06,High,77294.45,7,False,False,,,450,,,Ongoing,0
CC-2025-0731,London Commercial Court,JUD-02,2025-04-06,Medium,1641222.96,4,True,False,Settled,2026-04-02,361,73628.22,False,Resolved,1
CC-2025-0303,High Court — Chancery Division,JUD-03,2025-04-06,Medium,294243.57,0,True,False,Dismissed,2025-10-04,181,0.0,False,Resolved,1
CC-2025-0134,High Court — Chancery Division,JUD-03,2025-04-07,High,301753.65,7,False,False,,,449,,,Ongoing,0
CC-2025-0239,US District Court — S.D.N.Y.,JUD-06,2025-04-07,Low,1249302.05,2,True,False,Settled,2025-09-17,163,420385.34,False,Resolved,1
CC-2025-0377,US District Court — S.D.N.Y.,JUD-06,2025-04-07,High,2396154.93,4,True,False,,,449,,,Ongoing,0
CC-2025-0886,US District Court — S.D.N.Y.,JUD-06,2025-04-07,Low,383448.52,1,False,False,Settled,2025-11-07,214,149932.95,False,Resolved,1
CC-2025-1184,High Court — KBD (TCC),JUD-05,2025-04-08,Low,767668.42,1,True,False,,,448,,,Ongoing,0
CC-2025-1235,US District Court — S.D.N.Y.,JUD-07,2025-04-08,High,250107.21,3,False,False,,,448,,,Ongoing,0
CC-2025-1140,London Commercial Court,JUD-02,2025-04-08,Low,60501.83,1,False,False,Trial Judgment,2026-05-01,388,38464.51,False,Resolved,1
CC-2025-0581,US District Court — S.D.N.Y.,JUD-07,2025-04-09,Low,494419.12,0,False,False,Trial Judgment,2026-02-23,320,141111.45,False,Resolved,1
CC-2025-0644,Singapore International Comm.,JUD-09,2025-04-09,High,475916.89,3,False,False,Settled,2026-04-16,372,89813.89,False,Resolved,1
CC-2025-1001,London Commercial Court,JUD-02,2025-04-10,Medium,627195.85,1,False,False,,,446,,,Ongoing,0
CC-2025-0337,Singapore International Comm.,JUD-09,2025-04-11,Low,287156.19,1,True,True,Dismissed,2025-06-25,75,0.0,False,Resolved,1
CC-2025-0771,Singapore International Comm.,JUD-09,2025-04-12,Low,997379.19,3,False,False,Settled,2026-02-25,319,406228.47,False,Resolved,1
CC-2025-0729,US District Court — S.D.N.Y.,JUD-06,2025-04-12,Medium,274048.52,2,True,False,Settled,2026-06-19,433,91044.31,False,Resolved,1
CC-2025-1245,High Court — Chancery Division,JUD-03,2025-04-12,High,413699.44,4,True,False,,,444,,,Ongoing,0
CC-2025-0745,US District Court — S.D.N.Y.,JUD-06,2025-04-12,Low,1577567.2,2,True,False,Settled,2026-03-13,335,178658.7,False,Resolved,1
CC-2025-0122,High Court — KBD (TCC),JUD-05,2025-04-12,Low,835855.36,0,False,False,,,444,,,Ongoing,0
CC-2025-0286,US District Court — S.D.N.Y.,JUD-07,2025-04-12,Low,3338584.79,1,True,False,,,444,,,Ongoing,0
CC-2025-0139,High Court — KBD (TCC),JUD-05,2025-04-13,Low,525640.02,0,False,False,Dismissed,2025-10-22,192,0.0,False,Resolved,1
CC-2025-0352,High Court — KBD (TCC),JUD-05,2025-04-13,Low,1129638.88,0,True,False,Dismissed,2025-07-31,109,0.0,False,Resolved,1
CC-2025-0619,London Commercial Court,JUD-02,2025-04-13,Low,1538662.59,2,False,False,Settled,2026-05-11,393,1029006.56,False,Resolved,1
CC-2025-0898,High Court — Chancery Division,JUD-03,2025-04-14,Low,3606268.64,3,True,True,Dismissed,2026-03-27,347,0.0,False,Resolved,1
CC-2025-0522,High Court — Chancery Division,JUD-03,2025-04-14,Medium,223914.92,2,False,False,,,442,,,Ongoing,0
CC-2025-1049,US District Court — S.D.N.Y.,JUD-07,2025-04-15,Medium,1838971.61,3,False,False,,,441,,,Ongoing,0
CC-2025-0941,High Court — Chancery Division,JUD-03,2025-04-15,High,546858.04,6,True,False,,,441,,,Ongoing,0
CC-2025-0492,US District Court — N.D. Cal.,JUD-08,2025-04-15,High,1648717.43,7,True,True,,,441,,,Ongoing,0
CC-2025-0144,London Commercial Court,JUD-02,2025-04-16,Medium,2316280.33,2,False,False,,,440,,,Ongoing,0
CC-2025-1244,London Commercial Court,JUD-01,2025-04-16,Low,718924.57,2,False,False,Dismissed,2025-12-21,249,0.0,False,Resolved,1
CC-2025-0732,US District Court — N.D. Cal.,JUD-08,2025-04-16,Low,597364.28,0,True,True,Dismissed,2025-10-11,178,0.0,False,Resolved,1
CC-2025-0387,US District Court — S.D.N.Y.,JUD-06,2025-04-16,Low,504579.92,0,False,False,Dismissed,2026-01-11,270,0.0,False,Resolved,1
CC-2025-0760,High Court — KBD (TCC),JUD-05,2025-04-16,Medium,1046141.06,1,True,False,Dismissed,2026-05-08,387,0.0,False,Resolved,1
CC-2025-0090,High Court — KBD (TCC),JUD-05,2025-04-16,Medium,362223.64,1,True,False,,,440,,,Ongoing,0
CC-2025-0512,US District Court — S.D.N.Y.,JUD-07,2025-04-16,High,242514.99,2,True,False,,,440,,,Ongoing,0
CC-2025-0994,US District Court — N.D. Cal.,JUD-08,2025-04-17,Low,775933.62,5,False,False,Settled,2026-02-19,308,49937.76,False,Resolved,1
CC-2025-0820,US District Court — S.D.N.Y.,JUD-07,2025-04-17,Low,829577.59,0,True,True,Dismissed,2025-09-12,148,0.0,False,Resolved,1
CC-2025-0830,US District Court — S.D.N.Y.,JUD-07,2025-04-17,Medium,193871.38,2,False,False,Dismissed,2026-01-03,261,0.0,False,Resolved,1
CC-2025-0646,High Court — Chancery Division,JUD-04,2025-04-18,Medium,131381.56,4,True,False,,,438,,,Ongoing,0
CC-2025-1051,US District Court — N.D. Cal.,JUD-08,2025-04-18,Low,145791.85,1,False,False,Settled,2025-11-30,226,89157.47,False,Resolved,1
CC-2025-0602,Singapore International Comm.,JUD-09,2025-04-19,Low,509016.89,2,True,False,Settled,2026-04-02,348,57722.9,False,Resolved,1
CC-2025-0952,High Court — KBD (TCC),JUD-05,2025-04-20,High,461563.04,4,True,False,,,436,,,Ongoing,0
CC-2025-0578,High Court — KBD (TCC),JUD-05,2025-04-20,Low,228398.72,1,False,False,Dismissed,2025-10-27,190,0.0,False,Resolved,1
CC-2025-0199,London Commercial Court,JUD-01,2025-04-21,Low,444066.52,1,False,False,Dismissed,2026-02-10,295,0.0,False,Resolved,1
CC-2025-0829,High Court — Chancery Division,JUD-03,2025-04-21,Medium,660554.96,6,True,False,Dismissed,2026-02-28,313,0.0,False,Resolved,1
CC-2025-0147,US District Court — S.D.N.Y.,JUD-06,2025-04-21,High,167459.82,3,True,False,,,435,,,Ongoing,0
CC-2025-0344,Singapore International Comm.,JUD-09,2025-04-22,Low,123481.01,1,False,False,Settled,2026-02-13,297,79742.1,False,Resolved,1
CC-2025-0025,High Court — Chancery Division,JUD-03,2025-04-22,Medium,985240.58,4,True,True,Dismissed,2025-12-31,253,0.0,False,Resolved,1
CC-2025-0052,US District Court — S.D.N.Y.,JUD-06,2025-04-22,Low,207273.1,1,False,False,Dismissed,2025-09-08,139,0.0,False,Resolved,1
CC-2025-0968,High Court — Chancery Division,JUD-03,2025-04-23,Low,58246.29,0,False,False,Trial Judgment,2026-06-07,410,0.0,False,Resolved,1
CC-2025-1183,US District Court — S.D.N.Y.,JUD-06,2025-04-23,Medium,1080100.23,2,False,False,,,433,,,Ongoing,0
CC-2025-0173,London Commercial Court,JUD-01,2025-04-23,Medium,3939975.88,7,False,False,,,433,,,Ongoing,0
CC-2025-0865,London Commercial Court,JUD-01,2025-04-23,Low,5695918.6,2,True,False,,,433,,,Ongoing,0
CC-2025-0703,High Court — KBD (TCC),JUD-05,2025-04-23,Low,379453.99,1,True,False,Settled,2026-03-25,336,125134.84,False,Resolved,1
CC-2025-0790,London Commercial Court,JUD-02,2025-04-23,Low,1362868.95,1,False,False,Settled,2026-04-12,354,278118.26,False,Resolved,1
CC-2025-0724,London Commercial Court,JUD-02,2025-04-23,Medium,1110300.41,3,True,False,,,433,,,Ongoing,0
CC-2025-0838,US District Court — S.D.N.Y.,JUD-06,2025-04-24,Low,2267543.68,1,False,False,Settled,2026-01-08,259,729982.91,False,Resolved,1
CC-2025-0110,US District Court — S.D.N.Y.,JUD-07,2025-04-24,High,569575.61,5,True,False,,,432,,,Ongoing,0
CC-2025-0855,High Court — KBD (TCC),JUD-05,2025-04-24,Medium,1302896.79,1,False,False,,,432,,,Ongoing,0
CC-2025-0803,High Court — KBD (TCC),JUD-05,2025-04-24,Medium,773828.93,5,True,False,,,432,,,Ongoing,0
CC-2025-1097,Singapore International Comm.,JUD-09,2025-04-24,Low,1156278.19,2,False,False,Settled,2026-03-27,337,399551.4,False,Resolved,1
CC-2025-0588,US District Court — S.D.N.Y.,JUD-06,2025-04-25,Low,242329.39,0,True,False,Trial Judgment,2026-02-18,299,97061.57,False,Resolved,1
CC-2025-0926,High Court — Chancery Division,JUD-03,2025-04-25,High,350976.81,3,True,False,,,431,,,Ongoing,0
CC-2025-0614,High Court — Chancery Division,JUD-03,2025-04-25,Medium,5490506.18,1,False,False,,,431,,,Ongoing,0
CC-2025-1037,US District Court — S.D.N.Y.,JUD-07,2025-04-25,Medium,999356.37,0,False,False,Settled,2026-03-14,323,108840.11,False,Resolved,1
CC-2025-0740,London Commercial Court,JUD-01,2025-04-25,Low,578032.7,2,False,False,Dismissed,2025-12-15,234,0.0,False,Resolved,1
CC-2025-0861,US District Court — S.D.N.Y.,JUD-06,2025-04-25,Medium,436551.12,2,True,False,Settled,2026-05-23,393,113471.35,False,Resolved,1
CC-2025-0970,US District Court — S.D.N.Y.,JUD-07,2025-04-26,Low,5615037.32,1,True,False,Settled,2026-04-19,358,4147586.26,False,Resolved,1
CC-2025-0998,High Court — Chancery Division,JUD-04,2025-04-26,Low,811716.69,1,True,False,Trial Judgment,2026-06-27,427,0.0,False,Resolved,1
CC-2025-1036,Singapore International Comm.,JUD-09,2025-04-26,Low,213478.4,3,True,False,Settled,2026-01-29,278,32484.51,False,Resolved,1
CC-2025-0725,Dubai International Fin. Centre,JUD-10,2025-04-26,High,250016.64,3,True,False,,,430,,,Ongoing,0
CC-2025-0982,High Court — Chancery Division,JUD-03,2025-04-27,Low,1943686.07,0,False,False,Settled,2025-11-30,217,1527408.19,False,Resolved,1
CC-2025-0782,High Court — Chancery Division,JUD-04,2025-04-28,Medium,1304698.75,0,False,False,Settled,2026-05-27,394,395267.25,False,Resolved,1
CC-2025-1233,High Court — Chancery Division,JUD-03,2025-04-28,Medium,601023.87,5,True,False,,,428,,,Ongoing,0
CC-2025-0211,US District Court — S.D.N.Y.,JUD-07,2025-04-29,Low,696503.89,3,True,True,Dismissed,2025-11-05,190,0.0,False,Resolved,1
CC-2025-0818,London Commercial Court,JUD-02,2025-04-29,Medium,2237408.24,2,True,False,,,427,,,Ongoing,0
CC-2025-1177,London Commercial Court,JUD-01,2025-04-29,Medium,1081653.12,3,True,True,Dismissed,2026-05-10,376,0.0,False,Resolved,1
CC-2025-0219,Dubai International Fin. Centre,JUD-10,2025-04-29,Low,231205.01,0,True,False,Settled,2026-03-10,315,79927.66,False,Resolved,1
CC-2025-0663,Singapore International Comm.,JUD-09,2025-04-29,Medium,792542.5,3,False,False,Settled,2026-05-18,384,255584.57,False,Resolved,1
CC-2025-1181,High Court — KBD (TCC),JUD-05,2025-04-29,Medium,155211.86,2,False,False,Settled,2026-04-14,350,65841.66,False,Resolved,1
CC-2025-0057,High Court — Chancery Division,JUD-04,2025-04-30,High,374962.24,4,True,False,,,426,,,Ongoing,0
CC-2025-0768,High Court — Chancery Division,JUD-04,2025-04-30,Medium,2186938.9,4,True,False,,,426,,,Ongoing,0
CC-2025-0053,US District Court — N.D. Cal.,JUD-08,2025-05-01,Low,380471.1,0,False,False,Dismissed,2025-09-28,150,0.0,False,Resolved,1
CC-2025-1182,High Court — KBD (TCC),JUD-05,2025-05-02,Low,472854.8,0,False,False,,,424,,,Ongoing,0
CC-2025-1118,High Court — KBD (TCC),JUD-05,2025-05-02,Low,154427.66,0,False,False,Settled,2026-03-23,325,68970.65,True,Resolved,1
CC-2025-0690,US District Court — S.D.N.Y.,JUD-07,2025-05-02,Low,216902.75,1,False,False,,,424,,,Ongoing,0
CC-2025-1232,London Commercial Court,JUD-02,2025-05-02,Medium,1124284.1,2,True,False,,,424,,,Ongoing,0
CC-2025-0318,London Commercial Court,JUD-01,2025-05-02,Medium,5712575.84,3,True,False,,,424,,,Ongoing,0
CC-2025-0250,US District Court — N.D. Cal.,JUD-08,2025-05-02,Medium,283326.78,4,False,False,Dismissed,2026-03-03,305,0.0,False,Resolved,1
CC-2025-0438,US District Court — N.D. Cal.,JUD-08,2025-05-03,Medium,63690.41,2,False,False,Settled,2025-11-08,189,20973.66,False,Resolved,1
CC-2025-0097,High Court — Chancery Division,JUD-03,2025-05-03,Low,661585.93,2,True,False,Settled,2026-04-28,360,176489.09,False,Resolved,1
CC-2025-1009,Dubai International Fin. Centre,JUD-10,2025-05-03,Medium,380504.17,2,True,False,Settled,2026-04-27,359,31100.56,True,Resolved,1
CC-2025-0416,High Court — Chancery Division,JUD-04,2025-05-03,Low,242242.49,0,False,False,Settled,2026-01-20,262,74222.85,False,Resolved,1
CC-2025-0774,Singapore International Comm.,JUD-09,2025-05-03,Low,99026.4,2,True,False,Dismissed,2026-03-09,310,0.0,False,Resolved,1
CC-2025-0213,London Commercial Court,JUD-02,2025-05-03,Low,225924.78,0,True,False,Dismissed,2025-08-14,103,0.0,False,Resolved,1
CC-2025-0082,US District Court — N.D. Cal.,JUD-08,2025-05-04,High,2260143.51,8,True,False,,,422,,,Ongoing,0
CC-2025-0853,Dubai International Fin. Centre,JUD-10,2025-05-04,Medium,3328436.45,2,False,False,,,422,,,Ongoing,0
CC-2025-0973,London Commercial Court,JUD-01,2025-05-04,Low,935518.26,0,False,False,Dismissed,2025-11-19,199,0.0,False,Resolved,1
CC-2025-0149,Singapore International Comm.,JUD-09,2025-05-04,High,2732920.18,4,False,False,,,422,,,Ongoing,0
CC-2025-0815,London Commercial Court,JUD-01,2025-05-05,Low,441267.56,0,True,True,Settled,2026-05-27,387,56861.55,False,Resolved,1
CC-2025-0764,Dubai International Fin. Centre,JUD-10,2025-05-05,Low,2449466.96,0,True,False,Trial Judgment,2026-03-16,315,1598865.22,False,Resolved,1
CC-2025-1007,Singapore International Comm.,JUD-09,2025-05-05,Medium,1081077.52,3,True,False,,,421,,,Ongoing,0
CC-2025-0495,Dubai International Fin. Centre,JUD-10,2025-05-06,Low,1179613.82,3,True,False,Settled,2026-04-17,346,659338.26,True,Resolved,1
CC-2025-0252,London Commercial Court,JUD-01,2025-05-06,High,1775431.96,8,True,False,,,420,,,Ongoing,0
CC-2025-0141,Dubai International Fin. Centre,JUD-10,2025-05-07,Medium,1346513.79,3,True,False,,,419,,,Ongoing,0
CC-2025-0772,US District Court — N.D. Cal.,JUD-08,2025-05-08,Medium,66592.81,2,False,False,Dismissed,2025-12-03,209,0.0,False,Resolved,1
CC-2025-0935,London Commercial Court,JUD-01,2025-05-08,Medium,1351344.86,2,False,False,,,418,,,Ongoing,0
CC-2025-0241,US District Court — N.D. Cal.,JUD-08,2025-05-08,High,5903430.36,7,True,False,,,418,,,Ongoing,0
CC-2025-0386,Dubai International Fin. Centre,JUD-10,2025-05-08,Low,816606.66,0,False,False,Settled,2026-01-16,253,340439.47,False,Resolved,1
CC-2025-0208,US District Court — S.D.N.Y.,JUD-07,2025-05-08,High,622011.64,0,False,False,,,418,,,Ongoing,0
CC-2025-1157,High Court — Chancery Division,JUD-04,2025-05-09,Low,1288129.82,1,True,False,,,417,,,Ongoing,0
CC-2025-1107,High Court — KBD (TCC),JUD-05,2025-05-09,Low,890906.42,3,False,False,Dismissed,2026-02-12,279,0.0,False,Resolved,1
CC-2025-0715,US District Court — S.D.N.Y.,JUD-07,2025-05-09,Medium,399449.91,1,False,False,,,417,,,Ongoing,0
CC-2025-0775,London Commercial Court,JUD-02,2025-05-09,Medium,639846.58,4,False,False,Dismissed,2026-06-17,404,0.0,False,Resolved,1
CC-2025-0758,US District Court — N.D. Cal.,JUD-08,2025-05-10,Low,864898.7,1,False,False,Dismissed,2025-11-09,183,0.0,False,Resolved,1
CC-2025-0673,US District Court — N.D. Cal.,JUD-08,2025-05-10,Medium,674744.04,3,True,False,,,416,,,Ongoing,0
CC-2025-0754,Dubai International Fin. Centre,JUD-10,2025-05-11,Low,133645.91,0,False,False,Settled,2025-11-02,175,79896.35,False,Resolved,1
CC-2025-0034,High Court — Chancery Division,JUD-04,2025-05-11,High,2170825.42,3,True,True,,,415,,,Ongoing,0
CC-2025-0695,High Court — KBD (TCC),JUD-05,2025-05-11,High,513219.94,7,True,False,,,415,,,Ongoing,0
CC-2025-1145,London Commercial Court,JUD-01,2025-05-11,Low,825663.91,2,True,False,,,415,,,Ongoing,0
CC-2025-1025,US District Court — S.D.N.Y.,JUD-07,2025-05-11,Low,297018.48,0,False,False,Settled,2026-06-01,386,48605.65,False,Resolved,1
CC-2025-1168,London Commercial Court,JUD-01,2025-05-12,Medium,561636.45,2,False,False,Settled,2026-06-19,403,305330.37,False,Resolved,1
CC-2025-1240,London Commercial Court,JUD-01,2025-05-13,Low,920997.79,2,True,False,Dismissed,2026-04-19,341,0.0,False,Resolved,1
CC-2025-0117,US District Court — S.D.N.Y.,JUD-06,2025-05-14,Medium,85693.5,0,False,False,Settled,2025-11-07,177,21318.75,False,Resolved,1
CC-2025-0784,London Commercial Court,JUD-02,2025-05-15,Low,842327.5,0,False,False,Trial Judgment,2026-04-12,332,343350.68,False,Resolved,1
CC-2025-0360,High Court — KBD (TCC),JUD-05,2025-05-15,Low,1265978.85,3,True,False,Dismissed,2026-06-17,398,0.0,False,Resolved,1
CC-2025-0922,Dubai International Fin. Centre,JUD-10,2025-05-15,Medium,422336.39,5,False,False,Settled,2026-01-13,243,96908.81,False,Resolved,1
CC-2025-0042,US District Court — S.D.N.Y.,JUD-07,2025-05-15,Low,247444.18,0,False,False,Dismissed,2025-10-12,150,0.0,False,Resolved,1
CC-2025-1143,High Court — Chancery Division,JUD-04,2025-05-16,Low,1528461.36,2,True,True,Dismissed,2026-06-04,384,0.0,False,Resolved,1
CC-2025-0176,High Court — Chancery Division,JUD-04,2025-05-16,Low,450150.44,3,True,True,Dismissed,2026-04-13,332,0.0,False,Resolved,1
CC-2025-1190,London Commercial Court,JUD-02,2025-05-16,Low,610279.17,0,False,False,Trial Judgment,2026-01-01,230,328784.39,False,Resolved,1
CC-2025-0504,US District Court — S.D.N.Y.,JUD-06,2025-05-16,High,653413.38,4,False,False,Settled,2026-04-18,337,111550.19,False,Resolved,1
CC-2025-0490,Dubai International Fin. Centre,JUD-10,2025-05-16,High,2920455.75,5,True,False,,,410,,,Ongoing,0
CC-2025-0131,High Court — KBD (TCC),JUD-05,2025-05-16,Low,254323.59,2,True,False,Dismissed,2026-05-14,363,0.0,False,Resolved,1
CC-2025-0727,Dubai International Fin. Centre,JUD-10,2025-05-17,Low,683673.73,1,False,False,Settled,2026-01-11,239,257637.84,False,Resolved,1
CC-2025-0421,High Court — Chancery Division,JUD-03,2025-05-17,Medium,1855959.11,2,False,False,,,409,,,Ongoing,0
CC-2025-0635,High Court — KBD (TCC),JUD-05,2025-05-17,Medium,80832.34,3,False,False,,,409,,,Ongoing,0
CC-2025-0116,London Commercial Court,JUD-01,2025-05-18,High,711008.8,3,False,False,,,408,,,Ongoing,0
CC-2025-0519,High Court — KBD (TCC),JUD-05,2025-05-18,Low,1124847.16,0,False,False,Settled,2026-04-22,339,401678.12,False,Resolved,1
CC-2025-0741,US District Court — N.D. Cal.,JUD-08,2025-05-18,Low,1051588.61,2,True,True,Dismissed,2025-12-13,209,0.0,False,Resolved,1
CC-2025-0832,US District Court — S.D.N.Y.,JUD-06,2025-05-19,Low,637856.92,3,True,False,Dismissed,2025-10-09,143,0.0,False,Resolved,1
CC-2025-0734,High Court — KBD (TCC),JUD-05,2025-05-19,Medium,678612.88,2,False,False,,,407,,,Ongoing,0
CC-2025-0263,High Court — KBD (TCC),JUD-05,2025-05-19,Low,665181.56,0,True,False,Dismissed,2025-11-04,169,0.0,False,Resolved,1
CC-2025-0353,High Court — Chancery Division,JUD-03,2025-05-19,High,174491.67,3,False,False,,,407,,,Ongoing,0
CC-2025-0006,High Court — Chancery Division,JUD-04,2025-05-20,Low,172501.93,0,True,True,Dismissed,2025-11-10,174,0.0,False,Resolved,1
CC-2025-0669,US District Court — S.D.N.Y.,JUD-06,2025-05-20,Medium,748986.25,4,True,False,,,406,,,Ongoing,0
CC-2025-0119,US District Court — S.D.N.Y.,JUD-06,2025-05-20,Low,1819559.01,0,True,False,Settled,2026-04-10,325,800171.37,False,Resolved,1
CC-2025-0516,High Court — KBD (TCC),JUD-05,2025-05-21,Low,1071914.43,4,True,True,Settled,2026-02-07,262,59789.04,False,Resolved,1
CC-2025-1162,High Court — KBD (TCC),JUD-05,2025-05-21,Medium,213961.87,6,False,False,Settled,2026-02-09,264,62122.76,False,Resolved,1
CC-2025-0015,US District Court — S.D.N.Y.,JUD-06,2025-05-21,Medium,1809688.8,2,True,False,,,405,,,Ongoing,0
CC-2025-0043,Singapore International Comm.,JUD-09,2025-05-22,High,372851.01,6,True,False,,,404,,,Ongoing,0
CC-2025-0946,High Court — Chancery Division,JUD-03,2025-05-22,Medium,775840.04,5,True,False,,,404,,,Ongoing,0
CC-2025-0574,High Court — Chancery Division,JUD-04,2025-05-23,Medium,1093339.3,3,False,False,,,403,,,Ongoing,0
CC-2025-0686,Singapore International Comm.,JUD-09,2025-05-23,Low,399938.13,0,False,False,Settled,2026-02-22,275,218061.86,False,Resolved,1
CC-2025-0925,US District Court — N.D. Cal.,JUD-08,2025-05-23,Low,189500.67,0,False,False,Dismissed,2025-10-22,152,0.0,False,Resolved,1
CC-2025-0540,High Court — KBD (TCC),JUD-05,2025-05-23,High,108476.59,3,True,False,,,403,,,Ongoing,0
CC-2025-0169,High Court — Chancery Division,JUD-03,2025-05-23,Medium,141753.36,2,False,False,,,403,,,Ongoing,0
CC-2025-1213,London Commercial Court,JUD-01,2025-05-24,Low,248440.61,1,True,True,Dismissed,2025-11-04,164,0.0,False,Resolved,1
CC-2025-1110,Singapore International Comm.,JUD-09,2025-05-24,Medium,455239.52,0,False,False,,,402,,,Ongoing,0
CC-2025-0395,High Court — Chancery Division,JUD-03,2025-05-24,Medium,409687.23,3,False,False,,,402,,,Ongoing,0
CC-2025-0075,High Court — Chancery Division,JUD-03,2025-05-25,Medium,216055.36,1,False,False,Settled,2026-03-14,293,7877.06,False,Resolved,1
CC-2025-0051,London Commercial Court,JUD-01,2025-05-25,High,785835.6,4,True,False,,,401,,,Ongoing,0
CC-2025-0699,US District Court — S.D.N.Y.,JUD-07,2025-05-25,Medium,2123780.15,4,False,False,,,401,,,Ongoing,0
CC-2025-0841,Singapore International Comm.,JUD-09,2025-05-26,Medium,353405.05,6,False,False,,,400,,,Ongoing,0
CC-2025-1123,High Court — Chancery Division,JUD-03,2025-05-26,Medium,342598.6,2,True,False,,,400,,,Ongoing,0
CC-2025-1227,High Court — Chancery Division,JUD-04,2025-05-26,Medium,2025174.58,1,False,False,,,400,,,Ongoing,0
CC-2025-1004,London Commercial Court,JUD-01,2025-05-27,High,687517.9,3,False,False,,,399,,,Ongoing,0
CC-2025-0981,Dubai International Fin. Centre,JUD-10,2025-05-27,High,1001240.04,4,True,False,,,399,,,Ongoing,0
CC-2025-0425,US District Court — N.D. Cal.,JUD-08,2025-05-28,High,1274093.06,5,True,False,,,398,,,Ongoing,0
CC-2025-0236,London Commercial Court,JUD-01,2025-05-28,Low,4940869.96,1,True,False,,,398,,,Ongoing,0
CC-2025-0637,London Commercial Court,JUD-01,2025-05-28,Low,255215.46,1,False,False,Dismissed,2025-10-30,155,0.0,False,Resolved,1
CC-2025-1217,US District Court — N.D. Cal.,JUD-08,2025-05-29,Medium,782485.95,4,False,False,,,397,,,Ongoing,0
CC-2025-0132,High Court — KBD (TCC),JUD-05,2025-05-29,Medium,909738.49,1,False,False,,,397,,,Ongoing,0
CC-2025-0831,US District Court — S.D.N.Y.,JUD-06,2025-05-30,Medium,1960119.09,3,True,False,,,396,,,Ongoing,0
CC-2025-0369,High Court — KBD (TCC),JUD-05,2025-05-30,Low,322335.26,2,False,False,,,396,,,Ongoing,0
CC-2025-1029,US District Court — N.D. Cal.,JUD-08,2025-05-30,Medium,168859.74,3,True,True,Dismissed,2026-04-21,326,0.0,False,Resolved,1
CC-2025-0482,US District Court — S.D.N.Y.,JUD-06,2025-05-31,Medium,174662.13,0,False,False,Settled,2026-06-20,385,92114.95,False,Resolved,1
CC-2025-1017,Singapore International Comm.,JUD-09,2025-05-31,Medium,454728.25,1,False,False,Settled,2026-03-17,290,20305.32,False,Resolved,1
CC-2025-0980,High Court — KBD (TCC),JUD-05,2025-06-01,Medium,248287.31,1,False,False,,,394,,,Ongoing,0
CC-2025-0529,Singapore International Comm.,JUD-09,2025-06-02,Low,541919.8,0,False,False,Dismissed,2026-01-01,213,0.0,False,Resolved,1
CC-2025-0538,London Commercial Court,JUD-01,2025-06-02,Medium,208019.3,1,True,True,Dismissed,2025-12-20,201,0.0,False,Resolved,1
CC-2025-0591,London Commercial Court,JUD-01,2025-06-02,Medium,570223.42,3,True,False,,,393,,,Ongoing,0
CC-2025-0201,London Commercial Court,JUD-02,2025-06-02,Low,593217.62,1,True,False,Settled,2025-10-17,137,108526.06,False,Resolved,1
CC-2025-1071,London Commercial Court,JUD-01,2025-06-02,High,514044.6,2,False,False,,,393,,,Ongoing,0
CC-2025-0823,High Court — Chancery Division,JUD-03,2025-06-03,High,224422.22,5,False,False,,,392,,,Ongoing,0
CC-2025-1075,London Commercial Court,JUD-02,2025-06-03,Medium,468384.37,2,True,False,,,392,,,Ongoing,0
CC-2025-0260,US District Court — S.D.N.Y.,JUD-07,2025-06-03,Medium,769663.4,1,False,False,,,392,,,Ongoing,0
CC-2025-0704,High Court — Chancery Division,JUD-03,2025-06-03,Low,1393204.51,2,True,False,Settled,2026-06-07,369,382903.29,False,Resolved,1
CC-2025-0752,High Court — Chancery Division,JUD-04,2025-06-04,Low,645636.89,4,False,False,Settled,2026-05-20,350,349031.98,False,Resolved,1
CC-2025-0933,US District Court — S.D.N.Y.,JUD-06,2025-06-04,High,569568.17,6,False,False,,,391,,,Ongoing,0
CC-2025-0566,US District Court — N.D. Cal.,JUD-08,2025-06-05,High,156904.54,5,True,True,Dismissed,2025-12-27,205,0.0,False,Resolved,1
CC-2025-1040,London Commercial Court,JUD-02,2025-06-06,Medium,518454.14,2,False,False,Settled,2026-01-24,232,129400.94,False,Resolved,1
CC-2025-0565,US District Court — N.D. Cal.,JUD-08,2025-06-06,Medium,348348.0,0,True,False,,,389,,,Ongoing,0
CC-2025-0283,US District Court — S.D.N.Y.,JUD-07,2025-06-06,Low,666562.04,1,False,False,Settled,2026-01-28,236,129521.73,False,Resolved,1
CC-2025-0003,US District Court — S.D.N.Y.,JUD-07,2025-06-06,High,294985.11,6,True,False,,,389,,,Ongoing,0
CC-2025-1132,High Court — KBD (TCC),JUD-05,2025-06-06,High,174154.28,3,False,False,,,389,,,Ongoing,0
CC-2025-0197,Dubai International Fin. Centre,JUD-10,2025-06-06,Medium,414027.41,4,False,False,,,389,,,Ongoing,0
CC-2025-0084,High Court — KBD (TCC),JUD-05,2025-06-06,Medium,704496.78,1,True,False,,,389,,,Ongoing,0
CC-2025-0347,London Commercial Court,JUD-01,2025-06-06,Medium,544949.64,4,True,False,,,389,,,Ongoing,0
CC-2025-0634,US District Court — N.D. Cal.,JUD-08,2025-06-06,High,973242.17,1,True,False,,,389,,,Ongoing,0
CC-2025-0810,High Court — KBD (TCC),JUD-05,2025-06-07,Medium,498800.53,1,False,False,,,388,,,Ongoing,0
CC-2025-0419,London Commercial Court,JUD-01,2025-06-07,Low,53720.51,0,False,False,Settled,2026-02-04,242,17095.31,False,Resolved,1
CC-2025-0138,London Commercial Court,JUD-02,2025-06-07,Low,1240707.68,0,False,False,Settled,2026-03-24,290,387285.61,False,Resolved,1
CC-2025-0652,US District Court — S.D.N.Y.,JUD-07,2025-06-07,Medium,703816.61,1,False,False,Dismissed,2026-02-16,254,0.0,False,Resolved,1
CC-2025-0178,US District Court — N.D. Cal.,JUD-08,2025-06-07,Medium,8645226.22,2,False,False,,,388,,,Ongoing,0
CC-2025-1073,London Commercial Court,JUD-02,2025-06-07,High,315177.5,3,False,False,,,388,,,Ongoing,0
CC-2025-0423,Singapore International Comm.,JUD-09,2025-06-08,Medium,63313.48,0,True,True,Dismissed,2025-09-29,113,0.0,False,Resolved,1
CC-2025-0324,High Court — Chancery Division,JUD-04,2025-06-08,Medium,1147556.64,3,True,True,,,387,,,Ongoing,0
CC-2025-0824,High Court — KBD (TCC),JUD-05,2025-06-08,Medium,2593863.78,2,True,False,,,387,,,Ongoing,0
CC-2025-0404,High Court — Chancery Division,JUD-04,2025-06-09,Low,428944.83,0,True,False,Settled,2026-03-10,274,376283.97,False,Resolved,1
CC-2025-0046,Dubai International Fin. Centre,JUD-10,2025-06-10,Medium,51174.9,1,False,False,,,385,,,Ongoing,0
CC-2025-0510,US District Court — N.D. Cal.,JUD-08,2025-06-10,Medium,705536.91,3,False,False,Trial Judgment,2026-06-08,363,0.0,False,Resolved,1
CC-2025-0153,High Court — KBD (TCC),JUD-05,2025-06-10,Medium,959240.33,4,False,False,,,385,,,Ongoing,0
CC-2025-1126,London Commercial Court,JUD-01,2025-06-10,Medium,671289.04,1,False,False,Settled,2026-06-26,381,180992.51,False,Resolved,1
CC-2025-0024,US District Court — S.D.N.Y.,JUD-06,2025-06-10,Low,231055.64,1,True,False,Dismissed,2025-12-05,178,0.0,False,Resolved,1
CC-2025-0388,Singapore International Comm.,JUD-09,2025-06-10,Medium,2065511.51,1,False,False,,,385,,,Ongoing,0
CC-2025-0626,High Court — KBD (TCC),JUD-05,2025-06-10,Medium,881016.32,1,True,False,,,385,,,Ongoing,0
CC-2025-0878,Dubai International Fin. Centre,JUD-10,2025-06-10,Low,1911718.96,0,False,False,Settled,2026-02-24,259,498084.1,False,Resolved,1
CC-2025-1006,US District Court — S.D.N.Y.,JUD-07,2025-06-11,High,2559176.48,4,False,False,,,384,,,Ongoing,0
CC-2025-0429,High Court — Chancery Division,JUD-04,2025-06-11,Low,258916.64,1,True,True,Dismissed,2026-03-06,268,0.0,False,Resolved,1
CC-2025-0031,US District Court — S.D.N.Y.,JUD-07,2025-06-11,Medium,627517.09,2,True,False,,,384,,,Ongoing,0
CC-2025-0921,High Court — KBD (TCC),JUD-05,2025-06-11,Low,3482810.49,3,True,False,,,384,,,Ongoing,0
CC-2025-1148,London Commercial Court,JUD-02,2025-06-12,Medium,129588.8,1,False,False,,,383,,,Ongoing,0
CC-2025-0191,High Court — KBD (TCC),JUD-05,2025-06-12,Medium,479585.38,5,True,True,,,383,,,Ongoing,0
CC-2025-0430,London Commercial Court,JUD-01,2025-06-13,High,580224.33,2,False,False,,,382,,,Ongoing,0
CC-2025-1180,Dubai International Fin. Centre,JUD-10,2025-06-13,Low,1319287.28,1,False,False,Settled,2026-03-25,285,215667.64,False,Resolved,1
CC-2025-0502,Singapore International Comm.,JUD-09,2025-06-14,Low,129137.27,2,False,False,Settled,2026-04-21,311,20430.09,False,Resolved,1
CC-2025-1010,High Court — KBD (TCC),JUD-05,2025-06-14,Medium,344574.06,1,True,False,,,381,,,Ongoing,0
CC-2025-0802,US District Court — S.D.N.Y.,JUD-06,2025-06-14,Low,538227.25,1,False,False,Dismissed,2025-11-10,149,0.0,False,Resolved,1
CC-2025-0214,Dubai International Fin. Centre,JUD-10,2025-06-15,Low,487216.31,1,False,False,Settled,2026-02-20,250,215706.46,True,Resolved,1
CC-2025-1027,Singapore International Comm.,JUD-09,2025-06-16,High,59643.84,6,True,False,,,379,,,Ongoing,0
CC-2025-0374,Dubai International Fin. Centre,JUD-10,2025-06-16,High,139591.48,3,False,False,,,379,,,Ongoing,0
CC-2025-0944,High Court — KBD (TCC),JUD-05,2025-06-16,High,329180.73,3,False,False,,,379,,,Ongoing,0
CC-2025-0988,London Commercial Court,JUD-02,2025-06-16,High,1014389.58,7,False,False,,,379,,,Ongoing,0
CC-2025-0114,Singapore International Comm.,JUD-09,2025-06-16,Low,200193.41,2,True,True,Dismissed,2025-11-16,153,0.0,False,Resolved,1
CC-2025-0104,High Court — Chancery Division,JUD-04,2025-06-17,Medium,467287.49,4,False,False,,,378,,,Ongoing,0
CC-2025-0743,High Court — Chancery Division,JUD-04,2025-06-18,Medium,1953583.98,2,False,False,,,377,,,Ongoing,0
CC-2025-1131,US District Court — N.D. Cal.,JUD-08,2025-06-18,Medium,310580.55,2,False,False,,,377,,,Ongoing,0
CC-2025-0879,London Commercial Court,JUD-01,2025-06-18,High,1473289.99,5,False,False,,,377,,,Ongoing,0
CC-2025-0064,High Court — KBD (TCC),JUD-05,2025-06-18,Low,1216181.95,0,True,False,Settled,2026-02-11,238,631974.17,False,Resolved,1
CC-2025-0328,High Court — Chancery Division,JUD-03,2025-06-18,High,109921.15,8,True,False,,,377,,,Ongoing,0
CC-2025-0884,US District Court — S.D.N.Y.,JUD-07,2025-06-19,Low,600831.8,0,False,False,Dismissed,2025-12-17,181,0.0,False,Resolved,1
CC-2025-0793,US District Court — N.D. Cal.,JUD-08,2025-06-20,Medium,90011.37,3,False,False,,,375,,,Ongoing,0
CC-2025-0971,Singapore International Comm.,JUD-09,2025-06-20,Low,223551.72,1,False,False,Settled,2026-01-01,195,23896.9,False,Resolved,1
CC-2025-0920,London Commercial Court,JUD-02,2025-06-20,Medium,522963.1,0,False,False,Dismissed,2026-01-10,204,0.0,False,Resolved,1
CC-2025-0664,US District Court — S.D.N.Y.,JUD-07,2025-06-20,High,703850.36,4,True,False,,,375,,,Ongoing,0
CC-2025-0697,High Court — KBD (TCC),JUD-05,2025-06-20,Low,233463.58,0,False,False,Dismissed,2025-10-15,117,0.0,False,Resolved,1
CC-2025-0113,US District Court — S.D.N.Y.,JUD-06,2025-06-21,Low,2005054.87,2,True,False,Settled,2026-04-03,286,773396.36,False,Resolved,1
CC-2025-0451,High Court — KBD (TCC),JUD-05,2025-06-21,Medium,455034.98,3,True,False,,,374,,,Ongoing,0
CC-2025-0304,High Court — Chancery Division,JUD-03,2025-06-21,Medium,227241.42,1,False,False,Settled,2026-02-18,242,43719.4,False,Resolved,1
CC-2025-0893,High Court — Chancery Division,JUD-03,2025-06-22,Low,227014.93,0,True,True,Dismissed,2025-11-27,158,0.0,False,Resolved,1
CC-2025-0517,Dubai International Fin. Centre,JUD-10,2025-06-22,Medium,1944023.34,5,True,False,,,373,,,Ongoing,0
CC-2025-1095,US District Court — S.D.N.Y.,JUD-07,2025-06-22,Medium,69983.51,3,False,False,,,373,,,Ongoing,0
CC-2025-0255,Singapore International Comm.,JUD-09,2025-06-22,Low,777858.13,0,True,False,,,373,,,Ongoing,0
CC-2025-0561,High Court — KBD (TCC),JUD-05,2025-06-23,Low,629158.61,3,True,False,,,372,,,Ongoing,0
CC-2025-0950,High Court — KBD (TCC),JUD-05,2025-06-23,Low,95493.65,1,False,False,Dismissed,2026-03-16,266,0.0,False,Resolved,1
CC-2025-1172,Dubai International Fin. Centre,JUD-10,2025-06-23,Medium,178855.41,3,False,False,Settled,2026-05-17,328,138746.98,False,Resolved,1
CC-2025-1035,London Commercial Court,JUD-01,2025-06-23,Medium,429690.59,2,False,False,,,372,,,Ongoing,0
CC-2025-0503,Singapore International Comm.,JUD-09,2025-06-23,High,185346.91,4,False,False,,,372,,,Ongoing,0
CC-2025-0867,Singapore International Comm.,JUD-09,2025-06-23,Low,1746882.32,2,False,False,,,372,,,Ongoing,0
CC-2025-0389,US District Court — N.D. Cal.,JUD-08,2025-06-24,Medium,240202.04,2,True,True,Dismissed,2026-01-21,211,0.0,False,Resolved,1
CC-2025-0399,London Commercial Court,JUD-01,2025-06-24,Low,153306.71,1,False,False,Settled,2025-12-11,170,73338.37,False,Resolved,1
CC-2025-0766,High Court — Chancery Division,JUD-04,2025-06-24,Medium,1736383.56,2,True,False,,,371,,,Ongoing,0
CC-2025-0133,US District Court — N.D. Cal.,JUD-08,2025-06-24,Low,952042.26,0,False,False,,,371,,,Ongoing,0
CC-2025-0339,US District Court — N.D. Cal.,JUD-08,2025-06-24,Low,290026.1,0,False,False,,,371,,,Ongoing,0
CC-2025-0342,US District Court — S.D.N.Y.,JUD-07,2025-06-25,Low,111058.33,1,False,False,Settled,2026-04-28,307,48969.61,False,Resolved,1
CC-2025-0011,London Commercial Court,JUD-01,2025-06-25,Medium,184459.75,1,False,False,,,370,,,Ongoing,0
CC-2025-0062,Singapore International Comm.,JUD-09,2025-06-25,High,1310473.65,3,False,False,,,370,,,Ongoing,0
CC-2025-1102,US District Court — S.D.N.Y.,JUD-06,2025-06-25,High,175331.53,2,False,False,,,370,,,Ongoing,0
CC-2025-0852,High Court — Chancery Division,JUD-04,2025-06-25,Low,1891943.23,1,False,False,,,370,,,Ongoing,0
CC-2025-0398,London Commercial Court,JUD-01,2025-06-25,Low,675050.06,3,True,False,Settled,2026-04-23,302,350183.21,False,Resolved,1
CC-2025-1033,London Commercial Court,JUD-01,2025-06-26,Low,2766379.93,4,True,True,Dismissed,2026-02-16,235,0.0,False,Resolved,1
CC-2025-0558,US District Court — N.D. Cal.,JUD-08,2025-06-26,Medium,9729943.72,3,True,False,,,369,,,Ongoing,0
CC-2025-0623,Singapore International Comm.,JUD-09,2025-06-26,Medium,169847.88,2,False,False,,,369,,,Ongoing,0
CC-2025-0340,Dubai International Fin. Centre,JUD-10,2025-06-26,Medium,1549172.63,1,False,False,,,369,,,Ongoing,0
CC-2025-0744,High Court — Chancery Division,JUD-03,2025-06-26,Medium,188641.66,0,True,False,,,369,,,Ongoing,0
CC-2025-1112,US District Court — N.D. Cal.,JUD-08,2025-06-27,Medium,7553373.78,4,False,False,,,368,,,Ongoing,0
CC-2025-0911,US District Court — N.D. Cal.,JUD-08,2025-06-27,Low,968509.83,0,False,False,Trial Judgment,2025-12-29,185,0.0,False,Resolved,1
CC-2025-0674,London Commercial Court,JUD-02,2025-06-27,Medium,152248.42,2,False,False,Settled,2026-05-21,328,116900.36,False,Resolved,1
CC-2025-1060,High Court — Chancery Division,JUD-04,2025-06-27,High,220236.78,4,True,False,,,368,,,Ongoing,0
CC-2025-0989,High Court — Chancery Division,JUD-04,2025-06-28,Medium,228832.43,4,False,False,,,367,,,Ongoing,0
CC-2025-1136,Singapore International Comm.,JUD-09,2025-06-28,Low,532069.1,0,True,False,Settled,2026-02-12,229,65083.39,False,Resolved,1
CC-2025-0271,US District Court — S.D.N.Y.,JUD-06,2025-06-29,High,808421.67,5,False,False,,,366,,,Ongoing,0
CC-2025-0616,US District Court — N.D. Cal.,JUD-08,2025-06-29,Medium,1902781.91,3,False,False,,,366,,,Ongoing,0
CC-2025-0390,Dubai International Fin. Centre,JUD-10,2025-06-29,Low,2167503.16,2,True,False,,,366,,,Ongoing,0
CC-2025-1158,US District Court — N.D. Cal.,JUD-08,2025-06-29,High,3138318.49,3,True,False,,,366,,,Ongoing,0
CC-2025-1204,US District Court — N.D. Cal.,JUD-08,2025-06-30,Low,277182.06,4,False,False,Settled,2026-05-02,306,39845.28,False,Resolved,1
CC-2025-0665,High Court — Chancery Division,JUD-04,2025-07-01,High,333081.39,4,False,False,,,364,,,Ongoing,0
CC-2025-0437,High Court — KBD (TCC),JUD-05,2025-07-01,High,349245.19,3,False,False,,,364,,,Ongoing,0
CC-2025-0658,London Commercial Court,JUD-02,2025-07-01,Medium,347107.33,3,False,False,,,364,,,Ongoing,0
CC-2025-0494,US District Court — N.D. Cal.,JUD-08,2025-07-02,Medium,1559414.33,2,True,False,,,363,,,Ongoing,0
CC-2025-0536,High Court — KBD (TCC),JUD-05,2025-07-02,Medium,1677811.8,6,False,False,,,363,,,Ongoing,0
CC-2025-1125,US District Court — S.D.N.Y.,JUD-06,2025-07-02,Low,910424.37,2,True,True,Dismissed,2026-01-08,190,0.0,False,Resolved,1
CC-2025-1093,US District Court — N.D. Cal.,JUD-08,2025-07-03,Medium,373454.75,3,True,False,Settled,2026-05-04,305,171776.25,False,Resolved,1
CC-2025-0497,Dubai International Fin. Centre,JUD-10,2025-07-03,High,313993.36,4,True,False,,,362,,,Ongoing,0
CC-2025-0378,London Commercial Court,JUD-01,2025-07-03,Medium,213114.65,2,False,False,Settled,2026-04-12,283,67060.09,False,Resolved,1
CC-2025-1239,US District Court — S.D.N.Y.,JUD-06,2025-07-03,Low,2633415.08,0,False,False,Settled,2026-02-12,224,1155087.56,False,Resolved,1
CC-2025-0618,High Court — KBD (TCC),JUD-05,2025-07-04,Low,321099.43,2,True,False,Settled,2026-04-08,278,113294.83,False,Resolved,1
CC-2025-1141,Singapore International Comm.,JUD-09,2025-07-04,Low,666395.04,3,False,False,Settled,2026-04-24,294,441379.21,False,Resolved,1
CC-2025-0676,London Commercial Court,JUD-01,2025-07-04,Low,501018.09,0,False,False,Settled,2026-01-17,197,205137.13,False,Resolved,1
CC-2025-0323,High Court — KBD (TCC),JUD-05,2025-07-04,Low,421972.05,1,False,False,Settled,2026-02-13,224,88389.69,False,Resolved,1
CC-2025-0778,Dubai International Fin. Centre,JUD-10,2025-07-04,Low,303184.75,2,False,False,Dismissed,2025-11-03,122,0.0,False,Resolved,1
CC-2025-0633,London Commercial Court,JUD-02,2025-07-05,Low,1036471.23,1,False,False,Settled,2026-02-23,233,567997.03,False,Resolved,1
CC-2025-1176,High Court — Chancery Division,JUD-03,2025-07-05,Low,2448268.06,1,False,False,,,360,,,Ongoing,0
CC-2025-0428,High Court — KBD (TCC),JUD-05,2025-07-05,High,1127401.57,6,False,False,,,360,,,Ongoing,0
CC-2025-1080,High Court — Chancery Division,JUD-03,2025-07-06,Medium,1017943.27,1,False,False,Settled,2026-05-18,316,585285.83,False,Resolved,1
CC-2025-0937,High Court — KBD (TCC),JUD-05,2025-07-06,Low,324160.14,0,False,False,Dismissed,2026-01-18,196,0.0,False,Resolved,1
CC-2025-0462,High Court — Chancery Division,JUD-04,2025-07-06,Low,468278.58,1,False,False,,,359,,,Ongoing,0
CC-2025-0161,US District Court — N.D. Cal.,JUD-08,2025-07-07,Medium,352354.02,3,True,False,,,358,,,Ongoing,0
CC-2025-0414,High Court — KBD (TCC),JUD-05,2025-07-07,High,847802.78,11,True,False,,,358,,,Ongoing,0
CC-2025-1068,London Commercial Court,JUD-02,2025-07-07,Medium,256708.59,3,False,False,Settled,2026-05-02,299,47761.13,False,Resolved,1
CC-2025-0864,US District Court — S.D.N.Y.,JUD-07,2025-07-08,Medium,614686.57,2,True,False,,,357,,,Ongoing,0
CC-2025-0534,High Court — Chancery Division,JUD-03,2025-07-08,Medium,294428.77,1,True,False,,,357,,,Ongoing,0
CC-2025-0657,High Court — Chancery Division,JUD-03,2025-07-08,High,248892.3,7,True,False,,,357,,,Ongoing,0
CC-2025-0190,High Court — Chancery Division,JUD-03,2025-07-09,Low,240317.55,0,False,False,Settled,2026-04-07,272,52916.7,False,Resolved,1
CC-2025-0689,High Court — Chancery Division,JUD-04,2025-07-09,Low,541136.88,1,False,False,,,356,,,Ongoing,0
CC-2025-0432,London Commercial Court,JUD-01,2025-07-09,Low,1819134.16,2,True,True,Dismissed,2026-01-22,197,0.0,False,Resolved,1
CC-2025-0739,US District Court — S.D.N.Y.,JUD-06,2025-07-10,High,363840.73,5,False,False,,,355,,,Ongoing,0
CC-2025-0473,US District Court — N.D. Cal.,JUD-08,2025-07-10,High,774312.12,3,False,False,,,355,,,Ongoing,0
CC-2025-0518,London Commercial Court,JUD-01,2025-07-10,Medium,178299.97,1,True,False,,,355,,,Ongoing,0
CC-2025-0996,High Court — Chancery Division,JUD-04,2025-07-10,Medium,787994.04,2,True,False,,,355,,,Ongoing,0
CC-2025-0874,London Commercial Court,JUD-02,2025-07-10,Low,877376.09,2,False,False,,,355,,,Ongoing,0
CC-2025-0959,Singapore International Comm.,JUD-09,2025-07-11,High,297021.86,2,False,False,,,354,,,Ongoing,0
CC-2025-0146,High Court — KBD (TCC),JUD-05,2025-07-11,Medium,877144.98,2,False,False,,,354,,,Ongoing,0
CC-2025-0187,High Court — Chancery Division,JUD-03,2025-07-11,Low,369860.31,4,False,False,Dismissed,2026-01-23,196,0.0,False,Resolved,1
CC-2025-0917,High Court — Chancery Division,JUD-03,2025-07-11,Low,225830.02,1,True,False,,,354,,,Ongoing,0
CC-2025-0649,US District Court — S.D.N.Y.,JUD-06,2025-07-11,Low,1429357.75,0,True,False,Settled,2026-05-28,321,270656.85,False,Resolved,1
CC-2025-0632,US District Court — S.D.N.Y.,JUD-07,2025-07-13,Medium,269202.21,2,False,False,,,352,,,Ongoing,0
CC-2025-0691,High Court — Chancery Division,JUD-04,2025-07-13,Medium,539783.75,0,True,False,,,352,,,Ongoing,0
CC-2025-0738,High Court — Chancery Division,JUD-03,2025-07-14,Low,288432.41,1,False,False,,,351,,,Ongoing,0
CC-2025-0929,US District Court — S.D.N.Y.,JUD-06,2025-07-14,Low,181909.64,3,False,False,Settled,2025-12-24,163,65801.51,False,Resolved,1
CC-2025-1225,US District Court — S.D.N.Y.,JUD-07,2025-07-14,Low,605684.34,1,False,False,Settled,2025-12-11,150,167144.46,False,Resolved,1
CC-2025-0192,High Court — Chancery Division,JUD-03,2025-07-15,Medium,162050.48,2,True,False,,,350,,,Ongoing,0
CC-2025-0647,High Court — KBD (TCC),JUD-05,2025-07-15,High,330555.96,3,True,False,,,350,,,Ongoing,0
CC-2025-0179,US District Court — S.D.N.Y.,JUD-06,2025-07-15,Medium,1080077.36,4,False,False,,,350,,,Ongoing,0
CC-2025-0976,London Commercial Court,JUD-02,2025-07-16,Medium,416567.56,3,False,False,,,349,,,Ongoing,0
CC-2025-0474,London Commercial Court,JUD-02,2025-07-16,Low,70746.63,0,False,False,Settled,2026-02-12,211,1674.52,False,Resolved,1
CC-2025-0172,Singapore International Comm.,JUD-09,2025-07-16,Low,712345.95,1,False,False,Dismissed,2026-01-28,196,0.0,False,Resolved,1
CC-2025-0402,US District Court — S.D.N.Y.,JUD-07,2025-07-16,High,641995.69,7,False,False,,,349,,,Ongoing,0
CC-2025-0100,US District Court — N.D. Cal.,JUD-08,2025-07-16,High,330547.71,4,False,False,,,349,,,Ongoing,0
CC-2025-0162,US District Court — N.D. Cal.,JUD-08,2025-07-16,High,78583.09,3,False,False,,,349,,,Ongoing,0
CC-2025-0247,US District Court — S.D.N.Y.,JUD-06,2025-07-16,Low,116908.27,2,False,False,Settled,2025-12-07,144,14067.47,False,Resolved,1
CC-2025-1215,Singapore International Comm.,JUD-09,2025-07-16,Medium,447333.16,2,False,False,,,349,,,Ongoing,0
CC-2025-0604,US District Court — S.D.N.Y.,JUD-06,2025-07-17,Low,243137.5,1,False,False,,,348,,,Ongoing,0
CC-2025-0022,London Commercial Court,JUD-01,2025-07-17,Low,237763.45,1,False,False,,,348,,,Ongoing,0
CC-2025-1015,High Court — KBD (TCC),JUD-05,2025-07-18,Low,69823.85,0,True,False,Dismissed,2025-12-31,166,0.0,False,Resolved,1
CC-2025-0862,High Court — KBD (TCC),JUD-05,2025-07-18,Low,481181.85,0,True,False,Settled,2026-04-01,257,315535.43,False,Resolved,1
CC-2025-0325,London Commercial Court,JUD-02,2025-07-18,Low,1226260.43,4,True,False,Settled,2026-04-28,284,319546.43,False,Resolved,1
CC-2025-0762,High Court — Chancery Division,JUD-04,2025-07-18,Low,807401.91,4,False,False,,,347,,,Ongoing,0
CC-2025-0527,London Commercial Court,JUD-02,2025-07-18,Medium,254389.81,3,True,False,,,347,,,Ongoing,0
CC-2025-0086,High Court — KBD (TCC),JUD-05,2025-07-18,Medium,1034958.76,0,True,False,,,347,,,Ongoing,0
CC-2025-0278,Singapore International Comm.,JUD-09,2025-07-18,Low,3564446.65,1,True,False,,,347,,,Ongoing,0
CC-2025-0837,US District Court — S.D.N.Y.,JUD-07,2025-07-19,Low,1093340.18,1,False,False,Settled,2026-01-03,168,160496.68,False,Resolved,1
CC-2025-1201,London Commercial Court,JUD-02,2025-07-19,Low,601362.94,0,True,False,Dismissed,2025-11-22,126,0.0,False,Resolved,1
CC-2025-1196,High Court — Chancery Division,JUD-04,2025-07-19,Medium,957248.37,3,True,False,,,346,,,Ongoing,0
CC-2025-0222,London Commercial Court,JUD-02,2025-07-19,Low,3123011.79,3,False,False,Settled,2026-06-14,330,784539.55,False,Resolved,1
CC-2025-0253,High Court — Chancery Division,JUD-03,2025-07-19,Medium,995371.88,1,False,False,,,346,,,Ongoing,0
CC-2025-0753,London Commercial Court,JUD-01,2025-07-20,High,116581.19,2,False,False,,,345,,,Ongoing,0
CC-2025-0488,US District Court — N.D. Cal.,JUD-08,2025-07-21,High,3674956.2,5,True,False,,,344,,,Ongoing,0
CC-2025-1128,Singapore International Comm.,JUD-09,2025-07-21,High,228173.35,1,False,False,,,344,,,Ongoing,0
CC-2025-0720,US District Court — S.D.N.Y.,JUD-06,2025-07-22,Low,753621.55,0,False,False,Settled,2026-02-24,217,326868.25,True,Resolved,1
CC-2025-0107,Dubai International Fin. Centre,JUD-10,2025-07-22,Low,106948.08,1,True,False,Settled,2026-01-15,177,42029.93,False,Resolved,1
CC-2025-1057,US District Court — N.D. Cal.,JUD-08,2025-07-22,High,770107.04,9,True,False,,,343,,,Ongoing,0
CC-2025-0545,High Court — Chancery Division,JUD-04,2025-07-22,High,144977.55,0,False,False,,,343,,,Ongoing,0
CC-2025-0363,High Court — KBD (TCC),JUD-05,2025-07-22,Low,689479.87,1,True,False,,,343,,,Ongoing,0
CC-2025-0791,High Court — Chancery Division,JUD-04,2025-07-22,High,106468.77,4,True,False,,,343,,,Ongoing,0
CC-2025-0102,London Commercial Court,JUD-01,2025-07-22,Medium,458315.16,3,False,False,,,343,,,Ongoing,0
CC-2025-0480,High Court — KBD (TCC),JUD-05,2025-07-23,Low,305252.17,0,False,False,Dismissed,2026-02-08,200,0.0,False,Resolved,1
CC-2025-0709,London Commercial Court,JUD-02,2025-07-23,Medium,943047.35,4,False,False,,,342,,,Ongoing,0
CC-2025-0930,London Commercial Court,JUD-01,2025-07-23,Medium,3891879.19,4,True,False,,,342,,,Ongoing,0
CC-2025-0330,Singapore International Comm.,JUD-09,2025-07-23,Medium,153500.73,0,False,False,,,342,,,Ongoing,0
CC-2025-0769,London Commercial Court,JUD-01,2025-07-24,High,162942.06,7,True,True,,,341,,,Ongoing,0
CC-2025-0288,US District Court — S.D.N.Y.,JUD-07,2025-07-25,Low,915726.17,3,False,False,Settled,2026-04-05,254,75249.13,False,Resolved,1
CC-2025-1129,London Commercial Court,JUD-01,2025-07-25,High,2116938.98,5,False,False,,,340,,,Ongoing,0
CC-2025-0216,US District Court — S.D.N.Y.,JUD-06,2025-07-25,Medium,453425.92,3,False,False,,,340,,,Ongoing,0
CC-2025-0903,London Commercial Court,JUD-02,2025-07-25,Medium,1449415.57,2,True,False,,,340,,,Ongoing,0
CC-2025-0012,US District Court — S.D.N.Y.,JUD-06,2025-07-25,Low,243389.96,0,False,False,,,340,,,Ongoing,0
CC-2025-0767,US District Court — S.D.N.Y.,JUD-07,2025-07-25,Low,3210629.27,1,True,True,Dismissed,2025-12-05,133,0.0,False,Resolved,1
CC-2025-0905,US District Court — S.D.N.Y.,JUD-06,2025-07-26,High,737102.85,1,True,False,,,339,,,Ongoing,0
CC-2025-0598,High Court — KBD (TCC),JUD-05,2025-07-26,Low,199112.37,1,False,False,Settled,2026-05-22,300,45848.25,False,Resolved,1
CC-2025-0747,High Court — Chancery Division,JUD-04,2025-07-27,Medium,2893765.25,0,False,False,,,338,,,Ongoing,0
CC-2025-0202,Singapore International Comm.,JUD-09,2025-07-27,Medium,426540.47,4,False,False,,,338,,,Ongoing,0
CC-2025-0858,High Court — KBD (TCC),JUD-05,2025-07-27,Medium,300906.16,1,False,False,,,338,,,Ongoing,0
CC-2025-1069,Dubai International Fin. Centre,JUD-10,2025-07-28,High,1073235.29,2,False,False,,,337,,,Ongoing,0
CC-2025-0883,Dubai International Fin. Centre,JUD-10,2025-07-28,Low,8371938.54,1,True,False,,,337,,,Ongoing,0
CC-2025-1195,US District Court — S.D.N.Y.,JUD-06,2025-07-28,Medium,614207.66,3,False,False,,,337,,,Ongoing,0
CC-2025-0701,High Court — KBD (TCC),JUD-05,2025-07-28,Low,1283049.8,0,False,False,Settled,2026-05-22,298,230652.84,False,Resolved,1
CC-2025-0666,Singapore International Comm.,JUD-09,2025-07-28,Medium,1391877.81,5,False,False,,,337,,,Ongoing,0
CC-2025-1219,Dubai International Fin. Centre,JUD-10,2025-07-28,Medium,527968.3,4,False,False,Settled,2026-05-26,302,127366.6,False,Resolved,1
CC-2025-0193,US District Court — N.D. Cal.,JUD-08,2025-07-29,Low,4720561.12,3,True,False,Dismissed,2026-04-09,254,0.0,False,Resolved,1
CC-2025-0235,Singapore International Comm.,JUD-09,2025-07-29,Low,146662.09,0,False,False,Settled,2026-06-19,325,60427.66,True,Resolved,1
CC-2025-0294,London Commercial Court,JUD-01,2025-07-29,Low,1269258.36,3,True,True,Dismissed,2026-05-17,292,0.0,False,Resolved,1
CC-2025-0900,US District Court — S.D.N.Y.,JUD-07,2025-07-29,High,344394.7,3,False,False,,,336,,,Ongoing,0
CC-2025-0229,US District Court — N.D. Cal.,JUD-08,2025-07-30,High,58271.03,2,False,False,,,335,,,Ongoing,0
CC-2025-1186,US District Court — S.D.N.Y.,JUD-06,2025-07-30,High,500352.54,3,False,False,,,335,,,Ongoing,0
CC-2025-1100,High Court — KBD (TCC),JUD-05,2025-07-30,Low,1876925.17,0,True,True,Dismissed,2026-01-14,168,0.0,False,Resolved,1
CC-2025-0593,US District Court — S.D.N.Y.,JUD-06,2025-07-31,Medium,88943.3,1,True,True,Dismissed,2026-03-21,233,0.0,False,Resolved,1
CC-2025-0716,US District Court — S.D.N.Y.,JUD-06,2025-07-31,Medium,958692.43,1,False,False,Dismissed,2026-05-22,295,0.0,False,Resolved,1
CC-2025-0350,London Commercial Court,JUD-02,2025-07-31,Low,1166389.66,3,False,False,,,334,,,Ongoing,0
CC-2025-0023,London Commercial Court,JUD-01,2025-08-01,Medium,3896028.78,4,True,True,,,333,,,Ongoing,0
CC-2025-0233,London Commercial Court,JUD-02,2025-08-01,Low,230982.69,1,False,False,Dismissed,2025-12-22,143,0.0,False,Resolved,1
CC-2025-0254,Singapore International Comm.,JUD-09,2025-08-01,Medium,2215069.81,3,True,False,,,333,,,Ongoing,0
CC-2025-1047,Dubai International Fin. Centre,JUD-10,2025-08-01,Low,2603342.46,3,False,False,,,333,,,Ongoing,0
CC-2025-0087,High Court — Chancery Division,JUD-03,2025-08-01,Medium,2208830.21,0,True,True,,,333,,,Ongoing,0
CC-2025-0901,High Court — Chancery Division,JUD-04,2025-08-01,Low,1688073.34,1,False,False,,,333,,,Ongoing,0
CC-2025-0688,US District Court — S.D.N.Y.,JUD-07,2025-08-02,High,321300.68,5,False,False,,,332,,,Ongoing,0
CC-2025-0459,High Court — Chancery Division,JUD-03,2025-08-02,High,160040.64,0,False,False,,,332,,,Ongoing,0
CC-2025-1187,High Court — Chancery Division,JUD-03,2025-08-02,Low,2094676.12,1,True,False,Settled,2026-05-14,285,1051641.85,False,Resolved,1
CC-2025-0409,London Commercial Court,JUD-01,2025-08-03,Medium,374294.86,1,True,True,,,331,,,Ongoing,0
CC-2025-0446,US District Court — S.D.N.Y.,JUD-06,2025-08-03,Medium,129968.01,3,False,False,,,331,,,Ongoing,0
CC-2025-0479,High Court — Chancery Division,JUD-04,2025-08-03,Medium,99491.1,0,False,False,,,331,,,Ongoing,0
CC-2025-0936,US District Court — S.D.N.Y.,JUD-06,2025-08-03,High,419085.56,10,True,False,,,331,,,Ongoing,0
CC-2025-0817,High Court — KBD (TCC),JUD-05,2025-08-04,Medium,783945.38,2,True,False,,,330,,,Ongoing,0
CC-2025-0877,London Commercial Court,JUD-02,2025-08-04,Medium,227363.49,0,True,False,,,330,,,Ongoing,0
CC-2025-0351,Singapore International Comm.,JUD-09,2025-08-04,High,1362655.39,3,False,False,,,330,,,Ongoing,0
CC-2025-0142,London Commercial Court,JUD-01,2025-08-05,Medium,361029.25,4,False,False,,,329,,,Ongoing,0
CC-2025-0032,High Court — Chancery Division,JUD-04,2025-08-05,Medium,1891249.48,1,True,False,,,329,,,Ongoing,0
CC-2025-0611,High Court — KBD (TCC),JUD-05,2025-08-05,Low,500685.0,1,True,False,,,329,,,Ongoing,0
CC-2025-0643,High Court — KBD (TCC),JUD-05,2025-08-05,Low,111775.62,0,False,False,,,329,,,Ongoing,0
CC-2025-0209,US District Court — N.D. Cal.,JUD-08,2025-08-06,Medium,491430.18,5,True,False,,,328,,,Ongoing,0
CC-2025-0121,London Commercial Court,JUD-02,2025-08-06,Medium,53683.37,3,False,False,,,328,,,Ongoing,0
CC-2025-1192,US District Court — N.D. Cal.,JUD-08,2025-08-07,High,1684363.77,6,True,False,,,327,,,Ongoing,0
CC-2025-0515,Dubai International Fin. Centre,JUD-10,2025-08-07,High,3771547.9,6,False,False,,,327,,,Ongoing,0
CC-2025-0449,High Court — KBD (TCC),JUD-05,2025-08-07,Medium,414606.42,1,False,False,,,327,,,Ongoing,0
CC-2025-1231,Singapore International Comm.,JUD-09,2025-08-08,Medium,521102.33,1,False,False,Settled,2026-03-15,219,235948.71,False,Resolved,1
CC-2025-0969,High Court — KBD (TCC),JUD-05,2025-08-09,High,1078353.27,3,True,False,,,325,,,Ongoing,0
CC-2025-0270,US District Court — N.D. Cal.,JUD-08,2025-08-09,Medium,845550.99,2,False,False,,,325,,,Ongoing,0
CC-2025-1173,High Court — Chancery Division,JUD-03,2025-08-09,Low,158230.73,0,True,True,Dismissed,2026-02-26,201,0.0,False,Resolved,1
CC-2025-0070,US District Court — S.D.N.Y.,JUD-07,2025-08-09,Low,374073.99,1,False,False,Dismissed,2026-03-22,225,0.0,False,Resolved,1
CC-2025-0072,Dubai International Fin. Centre,JUD-10,2025-08-10,High,132342.46,3,False,False,Dismissed,2026-05-22,285,0.0,False,Resolved,1
CC-2025-1193,US District Court — N.D. Cal.,JUD-08,2025-08-10,Medium,667259.91,2,True,False,,,324,,,Ongoing,0
CC-2025-1016,High Court — KBD (TCC),JUD-05,2025-08-10,Low,967850.49,3,True,True,,,324,,,Ongoing,0
CC-2025-0692,US District Court — S.D.N.Y.,JUD-07,2025-08-10,High,280887.42,5,True,True,,,324,,,Ongoing,0
CC-2025-0322,London Commercial Court,JUD-02,2025-08-10,Low,721258.98,3,True,False,,,324,,,Ongoing,0
CC-2025-0055,High Court — KBD (TCC),JUD-05,2025-08-10,Medium,177496.23,4,False,False,,,324,,,Ongoing,0
CC-2025-0382,High Court — Chancery Division,JUD-03,2025-08-11,Low,1046822.43,2,False,False,,,323,,,Ongoing,0
CC-2025-1137,High Court — Chancery Division,JUD-03,2025-08-11,Medium,336583.53,2,False,False,,,323,,,Ongoing,0
CC-2025-0129,High Court — KBD (TCC),JUD-05,2025-08-11,High,781532.61,3,False,False,,,323,,,Ongoing,0
CC-2025-1014,High Court — Chancery Division,JUD-04,2025-08-11,High,256745.63,1,True,False,,,323,,,Ongoing,0
CC-2025-0712,High Court — Chancery Division,JUD-04,2025-08-11,Medium,388922.61,1,False,False,,,323,,,Ongoing,0
CC-2025-0150,US District Court — S.D.N.Y.,JUD-07,2025-08-12,Low,240778.31,1,True,False,Dismissed,2026-02-25,197,0.0,False,Resolved,1
CC-2025-0557,Singapore International Comm.,JUD-09,2025-08-13,Low,54288.76,0,False,False,Settled,2026-03-24,223,11718.68,True,Resolved,1
CC-2025-0158,High Court — KBD (TCC),JUD-05,2025-08-13,Medium,2220841.43,7,False,False,,,321,,,Ongoing,0
CC-2025-0077,Singapore International Comm.,JUD-09,2025-08-13,Medium,1905259.86,3,True,True,Dismissed,2026-01-06,146,0.0,False,Resolved,1
CC-2025-0859,US District Court — S.D.N.Y.,JUD-06,2025-08-13,High,716062.07,10,True,False,,,321,,,Ongoing,0
CC-2025-1122,Dubai International Fin. Centre,JUD-10,2025-08-13,Low,1242811.39,1,False,False,Settled,2026-01-11,151,549875.31,False,Resolved,1
CC-2025-0992,Singapore International Comm.,JUD-09,2025-08-13,Low,490627.91,2,False,False,Dismissed,2026-02-03,174,0.0,False,Resolved,1
CC-2025-0890,High Court — Chancery Division,JUD-03,2025-08-13,High,250418.33,2,False,False,,,321,,,Ongoing,0
CC-2025-0261,High Court — KBD (TCC),JUD-05,2025-08-13,High,205263.26,8,True,False,,,321,,,Ongoing,0
CC-2025-0047,Singapore International Comm.,JUD-09,2025-08-14,Medium,474644.2,0,False,False,Dismissed,2026-03-15,213,0.0,False,Resolved,1
CC-2025-0521,Dubai International Fin. Centre,JUD-10,2025-08-14,High,3935119.55,5,True,False,,,320,,,Ongoing,0
CC-2025-0393,Dubai International Fin. Centre,JUD-10,2025-08-14,Low,129016.99,0,False,False,Settled,2026-01-22,161,21377.63,False,Resolved,1
CC-2025-0300,US District Court — S.D.N.Y.,JUD-06,2025-08-14,Low,639523.89,0,False,False,Settled,2025-12-05,113,430295.25,False,Resolved,1
CC-2025-0954,London Commercial Court,JUD-02,2025-08-15,Low,424679.85,1,False,False,Settled,2026-05-07,265,159893.8,False,Resolved,1
CC-2025-1115,High Court — KBD (TCC),JUD-05,2025-08-15,Low,1141023.66,2,True,True,Dismissed,2026-03-22,219,0.0,False,Resolved,1
CC-2025-0573,High Court — Chancery Division,JUD-04,2025-08-15,Low,513669.24,2,True,False,,,319,,,Ongoing,0
CC-2025-1228,High Court — Chancery Division,JUD-03,2025-08-15,Low,182376.58,2,True,False,Dismissed,2026-03-11,208,0.0,False,Resolved,1
CC-2025-0809,High Court — Chancery Division,JUD-03,2025-08-16,Low,478497.88,0,False,False,Settled,2026-03-23,219,127309.15,False,Resolved,1
CC-2025-0085,High Court — Chancery Division,JUD-04,2025-08-17,Low,148224.23,0,False,False,Dismissed,2025-11-03,78,0.0,False,Resolved,1
CC-2025-0961,High Court — KBD (TCC),JUD-05,2025-08-18,Medium,1788499.34,0,False,False,,,316,,,Ongoing,0
CC-2025-0940,High Court — KBD (TCC),JUD-05,2025-08-18,Low,527129.03,1,False,False,,,316,,,Ongoing,0
CC-2025-0290,High Court — KBD (TCC),JUD-05,2025-08-19,Medium,515457.94,4,False,False,,,315,,,Ongoing,0
CC-2025-0058,US District Court — S.D.N.Y.,JUD-07,2025-08-19,High,831139.08,6,False,False,,,315,,,Ongoing,0
CC-2025-0914,High Court — Chancery Division,JUD-03,2025-08-19,High,327415.45,6,False,False,,,315,,,Ongoing,0
CC-2025-0371,London Commercial Court,JUD-01,2025-08-19,Medium,217612.15,2,True,False,Dismissed,2026-03-02,195,0.0,False,Resolved,1
CC-2025-0735,US District Court — S.D.N.Y.,JUD-06,2025-08-19,Low,835016.48,0,True,False,Settled,2026-04-12,236,505361.3,False,Resolved,1
CC-2025-0143,High Court — KBD (TCC),JUD-05,2025-08-20,High,1872557.17,1,False,False,,,314,,,Ongoing,0
CC-2025-0312,US District Court — S.D.N.Y.,JUD-07,2025-08-20,Low,104296.05,2,False,False,,,314,,,Ongoing,0
CC-2025-1013,High Court — KBD (TCC),JUD-05,2025-08-21,High,420856.37,3,False,False,,,313,,,Ongoing,0
CC-2025-1139,London Commercial Court,JUD-01,2025-08-21,Medium,1139162.46,5,True,False,,,313,,,Ongoing,0
CC-2025-0835,US District Court — S.D.N.Y.,JUD-07,2025-08-21,Low,761696.63,0,False,False,,,313,,,Ongoing,0
CC-2025-0804,US District Court — S.D.N.Y.,JUD-06,2025-08-21,Medium,698335.04,2,True,False,,,313,,,Ongoing,0
CC-2025-0919,High Court — Chancery Division,JUD-04,2025-08-22,Medium,119343.38,1,False,False,Settled,2026-06-30,312,54672.39,False,Resolved,1
CC-2025-1161,US District Court — S.D.N.Y.,JUD-06,2025-08-22,Low,183919.04,0,True,False,Dismissed,2026-01-22,153,0.0,False,Resolved,1
CC-2025-1185,Dubai International Fin. Centre,JUD-10,2025-08-22,Medium,379185.99,3,True,False,,,312,,,Ongoing,0
CC-2025-0640,US District Court — S.D.N.Y.,JUD-07,2025-08-24,Low,283412.58,0,False,False,Settled,2026-03-14,202,30260.43,False,Resolved,1
CC-2025-0035,London Commercial Court,JUD-02,2025-08-24,Low,1908303.85,1,True,False,,,310,,,Ongoing,0
CC-2025-0183,Dubai International Fin. Centre,JUD-10,2025-08-24,Medium,971291.45,1,True,False,Settled,2026-06-04,284,862839.77,False,Resolved,1
CC-2025-0526,High Court — Chancery Division,JUD-04,2025-08-24,Medium,564738.98,4,False,False,,,310,,,Ongoing,0
CC-2025-0749,US District Court — S.D.N.Y.,JUD-06,2025-08-24,Medium,149699.67,0,False,False,,,310,,,Ongoing,0
CC-2025-0472,London Commercial Court,JUD-01,2025-08-24,Low,851973.8,3,False,False,,,310,,,Ongoing,0
CC-2025-0568,London Commercial Court,JUD-02,2025-08-25,Low,657625.55,3,True,False,,,309,,,Ongoing,0
CC-2025-0280,High Court — Chancery Division,JUD-04,2025-08-25,Medium,88197.98,3,False,False,,,309,,,Ongoing,0
CC-2025-0095,London Commercial Court,JUD-01,2025-08-25,High,781057.32,4,True,False,,,309,,,Ongoing,0
CC-2025-1218,London Commercial Court,JUD-01,2025-08-26,Medium,663266.0,4,False,False,,,308,,,Ongoing,0
CC-2025-1178,US District Court — N.D. Cal.,JUD-08,2025-08-26,Medium,903866.39,2,False,False,,,308,,,Ongoing,0
CC-2025-0196,London Commercial Court,JUD-01,2025-08-27,Low,8326104.62,2,False,False,,,307,,,Ongoing,0
CC-2025-0869,High Court — Chancery Division,JUD-03,2025-08-27,Low,956243.5,1,True,False,,,307,,,Ongoing,0
CC-2025-0550,Dubai International Fin. Centre,JUD-10,2025-08-28,Low,142808.47,1,False,False,Dismissed,2026-02-22,178,0.0,False,Resolved,1
CC-2025-0418,High Court — KBD (TCC),JUD-05,2025-08-28,High,119349.38,5,True,False,,,306,,,Ongoing,0
CC-2025-0041,London Commercial Court,JUD-02,2025-08-28,Low,1003718.82,2,True,False,Settled,2026-03-02,186,317765.52,False,Resolved,1
CC-2025-0296,London Commercial Court,JUD-02,2025-08-28,Low,6422801.43,3,True,True,Dismissed,2026-05-20,265,0.0,False,Resolved,1
CC-2025-0467,London Commercial Court,JUD-02,2025-08-29,High,267936.6,2,False,False,,,305,,,Ongoing,0
CC-2025-0953,High Court — Chancery Division,JUD-04,2025-08-29,High,146722.34,4,False,False,,,305,,,Ongoing,0
CC-2025-0924,London Commercial Court,JUD-01,2025-08-29,Low,72767.36,1,False,False,Dismissed,2025-11-27,90,0.0,False,Resolved,1
CC-2025-0730,US District Court — S.D.N.Y.,JUD-07,2025-08-31,Low,1322303.56,0,False,False,,,303,,,Ongoing,0
CC-2025-0628,High Court — KBD (TCC),JUD-05,2025-08-31,Medium,939402.88,2,False,False,,,303,,,Ongoing,0
CC-2025-0362,High Court — Chancery Division,JUD-03,2025-09-01,Medium,629741.85,4,True,True,,,302,,,Ongoing,0
CC-2025-1077,High Court — KBD (TCC),JUD-05,2025-09-01,Low,1372848.87,2,True,False,Settled,2026-06-10,282,684767.74,False,Resolved,1
CC-2025-0958,High Court — Chancery Division,JUD-04,2025-09-01,Medium,196864.15,1,True,False,Dismissed,2026-04-24,235,0.0,False,Resolved,1
CC-2025-0615,Dubai International Fin. Centre,JUD-10,2025-09-01,Medium,1144946.74,2,False,False,,,302,,,Ongoing,0
CC-2025-0380,London Commercial Court,JUD-01,2025-09-02,Low,179613.73,2,False,False,Dismissed,2026-01-10,130,0.0,False,Resolved,1
CC-2025-0957,London Commercial Court,JUD-02,2025-09-03,Medium,875790.51,0,False,False,,,300,,,Ongoing,0
CC-2025-0285,London Commercial Court,JUD-02,2025-09-03,Low,413051.77,3,True,False,,,300,,,Ongoing,0
CC-2025-0997,London Commercial Court,JUD-01,2025-09-04,Medium,243885.51,2,False,False,Settled,2026-06-05,274,67559.78,False,Resolved,1
CC-2025-0475,London Commercial Court,JUD-01,2025-09-04,Medium,191734.78,2,False,False,Settled,2026-06-27,296,75931.78,False,Resolved,1
CC-2025-1194,Dubai International Fin. Centre,JUD-10,2025-09-04,Low,50508.48,0,True,True,Settled,2025-12-17,104,20470.87,False,Resolved,1
CC-2025-0755,US District Court — S.D.N.Y.,JUD-07,2025-09-04,Medium,1696440.12,6,False,False,,,299,,,Ongoing,0
CC-2025-0698,High Court — Chancery Division,JUD-03,2025-09-04,Low,182233.68,1,False,False,,,299,,,Ongoing,0
CC-2025-0524,Dubai International Fin. Centre,JUD-10,2025-09-04,Medium,52834.95,3,False,False,Dismissed,2026-06-03,272,0.0,False,Resolved,1
CC-2025-0569,US District Court — S.D.N.Y.,JUD-07,2025-09-04,Low,245912.29,0,True,False,Dismissed,2026-02-22,171,0.0,False,Resolved,1
CC-2025-0575,US District Court — N.D. Cal.,JUD-08,2025-09-05,Medium,454588.72,1,True,False,,,298,,,Ongoing,0
CC-2025-0441,US District Court — N.D. Cal.,JUD-08,2025-09-05,Low,181543.02,1,False,False,,,298,,,Ongoing,0
CC-2025-0928,US District Court — S.D.N.Y.,JUD-06,2025-09-05,Medium,547974.73,6,False,False,Dismissed,2026-04-11,218,0.0,False,Resolved,1
CC-2025-0317,High Court — Chancery Division,JUD-03,2025-09-05,Low,339485.45,1,False,False,Settled,2026-05-12,249,139888.41,False,Resolved,1
CC-2025-0237,High Court — KBD (TCC),JUD-05,2025-09-06,High,433962.93,2,False,False,,,297,,,Ongoing,0
CC-2025-0796,High Court — KBD (TCC),JUD-05,2025-09-06,Low,837817.42,1,True,False,,,297,,,Ongoing,0
CC-2025-1058,High Court — Chancery Division,JUD-04,2025-09-06,Medium,2005759.51,8,False,False,,,297,,,Ongoing,0
CC-2025-0671,High Court — Chancery Division,JUD-04,2025-09-06,Medium,163558.48,5,False,False,,,297,,,Ongoing,0
CC-2025-1109,US District Court — N.D. Cal.,JUD-08,2025-09-07,Low,230857.14,0,False,False,Dismissed,2026-03-04,178,0.0,False,Resolved,1
CC-2025-0872,US District Court — N.D. Cal.,JUD-08,2025-09-07,Low,1304829.7,3,False,False,,,296,,,Ongoing,0
CC-2025-0613,US District Court — N.D. Cal.,JUD-08,2025-09-07,Medium,60517.73,0,False,False,,,296,,,Ongoing,0
CC-2025-0661,High Court — KBD (TCC),JUD-05,2025-09-07,Low,170392.33,0,True,False,,,296,,,Ongoing,0
CC-2025-0287,Singapore International Comm.,JUD-09,2025-09-07,Medium,546652.24,5,False,False,,,296,,,Ongoing,0
CC-2025-0282,US District Court — S.D.N.Y.,JUD-06,2025-09-07,Medium,320827.78,3,False,False,,,296,,,Ongoing,0
CC-2025-0442,High Court — Chancery Division,JUD-04,2025-09-08,High,526842.99,5,False,False,,,295,,,Ongoing,0
CC-2025-0435,US District Court — N.D. Cal.,JUD-08,2025-09-08,Low,4012738.65,1,True,False,Settled,2026-06-15,280,496325.26,False,Resolved,1
CC-2025-0400,Dubai International Fin. Centre,JUD-10,2025-09-08,Medium,656097.87,4,False,False,Dismissed,2026-06-02,267,0.0,False,Resolved,1
CC-2025-0174,London Commercial Court,JUD-02,2025-09-08,Medium,78243.72,4,False,False,,,295,,,Ongoing,0
CC-2025-0785,US District Court — S.D.N.Y.,JUD-06,2025-09-09,Medium,103241.39,5,False,False,,,294,,,Ongoing,0
CC-2025-0307,US District Court — N.D. Cal.,JUD-08,2025-09-10,Medium,254028.67,0,False,False,Settled,2026-05-05,237,12772.12,False,Resolved,1
CC-2025-1056,London Commercial Court,JUD-01,2025-09-10,High,399499.74,4,True,True,,,293,,,Ongoing,0
CC-2025-0309,London Commercial Court,JUD-02,2025-09-10,Medium,147306.08,1,False,False,,,293,,,Ongoing,0
CC-2025-0157,US District Court — S.D.N.Y.,JUD-06,2025-09-10,Low,2753818.77,0,False,False,Dismissed,2026-04-02,204,0.0,False,Resolved,1
CC-2025-0194,Singapore International Comm.,JUD-09,2025-09-10,Low,723183.87,3,False,False,,,293,,,Ongoing,0
CC-2025-0999,High Court — Chancery Division,JUD-04,2025-09-11,Medium,134150.12,2,True,False,,,292,,,Ongoing,0
CC-2025-0027,London Commercial Court,JUD-01,2025-09-11,Low,644529.75,0,False,False,,,292,,,Ongoing,0
CC-2025-0600,High Court — KBD (TCC),JUD-05,2025-09-11,Medium,90906.89,2,False,False,,,292,,,Ongoing,0
CC-2025-0718,Singapore International Comm.,JUD-09,2025-09-12,High,185110.04,1,False,False,,,291,,,Ongoing,0
CC-2025-0544,US District Court — N.D. Cal.,JUD-08,2025-09-13,Low,188284.48,0,False,False,Settled,2026-02-17,157,110504.8,False,Resolved,1
CC-2025-0531,London Commercial Court,JUD-02,2025-09-13,Medium,1359267.31,6,True,False,,,290,,,Ongoing,0
CC-2025-1022,US District Court — N.D. Cal.,JUD-08,2025-09-13,Low,298998.6,3,True,False,,,290,,,Ongoing,0
CC-2025-0607,US District Court — S.D.N.Y.,JUD-07,2025-09-13,Low,430861.63,0,True,True,Dismissed,2026-02-19,159,0.0,False,Resolved,1
CC-2025-0346,US District Court — S.D.N.Y.,JUD-07,2025-09-13,Medium,754711.45,1,False,False,,,290,,,Ongoing,0
CC-2025-0447,High Court — KBD (TCC),JUD-05,2025-09-13,Low,281107.47,1,False,False,,,290,,,Ongoing,0
CC-2025-0379,US District Court — N.D. Cal.,JUD-08,2025-09-14,Medium,1600573.96,3,False,False,,,289,,,Ongoing,0
CC-2025-1094,London Commercial Court,JUD-01,2025-09-14,Medium,1008243.44,3,False,False,,,289,,,Ongoing,0
CC-2025-0955,Dubai International Fin. Centre,JUD-10,2025-09-15,Medium,826464.25,2,False,False,,,288,,,Ongoing,0
CC-2025-0355,US District Court — S.D.N.Y.,JUD-06,2025-09-15,High,460027.42,3,True,False,,,288,,,Ongoing,0
CC-2025-0412,London Commercial Court,JUD-01,2025-09-16,Medium,341928.21,3,False,False,,,287,,,Ongoing,0
CC-2025-0987,High Court — KBD (TCC),JUD-05,2025-09-16,Medium,2652722.4,2,True,False,,,287,,,Ongoing,0
CC-2025-1092,London Commercial Court,JUD-02,2025-09-16,Low,164743.61,0,False,False,Settled,2026-06-20,277,44720.91,False,Resolved,1
CC-2025-1026,High Court — KBD (TCC),JUD-05,2025-09-16,High,276269.49,1,False,False,,,287,,,Ongoing,0
CC-2025-1165,US District Court — S.D.N.Y.,JUD-06,2025-09-16,Low,52040.96,1,False,False,Dismissed,2026-01-24,130,0.0,False,Resolved,1
CC-2025-0713,Dubai International Fin. Centre,JUD-10,2025-09-16,Medium,477407.95,1,False,False,,,287,,,Ongoing,0
CC-2025-0798,London Commercial Court,JUD-01,2025-09-17,High,2296671.82,1,False,False,,,286,,,Ongoing,0
CC-2025-0660,US District Court — S.D.N.Y.,JUD-06,2025-09-18,Medium,327480.83,3,True,False,,,285,,,Ongoing,0
CC-2025-0845,High Court — Chancery Division,JUD-03,2025-09-18,Medium,960452.5,1,True,False,,,285,,,Ongoing,0
CC-2025-1147,High Court — Chancery Division,JUD-03,2025-09-18,Medium,188310.9,3,False,False,,,285,,,Ongoing,0
CC-2025-0641,London Commercial Court,JUD-01,2025-09-18,High,515797.57,4,False,False,,,285,,,Ongoing,0
CC-2025-1152,High Court — KBD (TCC),JUD-05,2025-09-19,Low,417400.38,1,True,False,,,284,,,Ongoing,0
CC-2025-0571,London Commercial Court,JUD-02,2025-09-19,Low,452535.93,2,True,False,,,284,,,Ongoing,0
CC-2025-0373,US District Court — S.D.N.Y.,JUD-06,2025-09-19,Low,2230795.38,1,False,False,,,284,,,Ongoing,0
CC-2025-1238,London Commercial Court,JUD-02,2025-09-20,Medium,232132.8,2,True,False,,,283,,,Ongoing,0
CC-2025-0680,High Court — KBD (TCC),JUD-05,2025-09-20,Low,314379.88,0,False,False,,,283,,,Ongoing,0
CC-2025-0770,High Court — Chancery Division,JUD-04,2025-09-20,Medium,1114826.15,2,True,False,,,283,,,Ongoing,0
CC-2025-0366,Dubai International Fin. Centre,JUD-10,2025-09-21,Low,198210.82,0,False,False,Settled,2026-05-04,225,21449.46,False,Resolved,1
CC-2025-0050,London Commercial Court,JUD-01,2025-09-21,Low,195735.29,0,False,False,,,282,,,Ongoing,0
CC-2025-0795,High Court — KBD (TCC),JUD-05,2025-09-21,Low,474461.01,1,True,True,Dismissed,2026-04-26,217,0.0,False,Resolved,1
CC-2025-0828,US District Court — S.D.N.Y.,JUD-07,2025-09-21,Low,917100.27,0,False,False,Dismissed,2026-02-19,151,0.0,False,Resolved,1
CC-2025-0543,High Court — KBD (TCC),JUD-05,2025-09-21,Medium,80524.33,1,False,False,,,282,,,Ongoing,0
CC-2025-0819,High Court — KBD (TCC),JUD-05,2025-09-22,Medium,245364.92,2,True,False,,,281,,,Ongoing,0
CC-2025-0007,High Court — KBD (TCC),JUD-05,2025-09-22,Low,567051.69,2,False,False,,,281,,,Ongoing,0
CC-2025-0773,US District Court — N.D. Cal.,JUD-08,2025-09-22,Medium,998733.43,3,True,False,,,281,,,Ongoing,0
CC-2025-0624,US District Court — S.D.N.Y.,JUD-06,2025-09-22,Medium,96910.02,1,False,False,Settled,2026-05-08,228,54553.18,False,Resolved,1
CC-2025-1045,High Court — Chancery Division,JUD-04,2025-09-22,Medium,1995128.19,1,True,True,,,281,,,Ongoing,0
CC-2025-1088,US District Court — N.D. Cal.,JUD-08,2025-09-23,Medium,1215352.07,3,False,False,,,280,,,Ongoing,0
CC-2025-0417,US District Court — N.D. Cal.,JUD-08,2025-09-24,Low,386498.22,2,False,False,,,279,,,Ongoing,0
CC-2025-0188,High Court — Chancery Division,JUD-04,2025-09-24,Low,304114.51,2,False,False,,,279,,,Ongoing,0
CC-2025-0659,High Court — KBD (TCC),JUD-05,2025-09-24,Low,333089.14,1,True,False,Dismissed,2026-05-05,223,0.0,False,Resolved,1
CC-2025-0685,High Court — Chancery Division,JUD-03,2025-09-24,Low,399485.49,0,True,True,Dismissed,2026-03-05,162,0.0,False,Resolved,1
CC-2025-0297,US District Court — S.D.N.Y.,JUD-07,2025-09-25,High,222460.68,3,False,False,Dismissed,2026-04-21,208,0.0,False,Resolved,1
CC-2025-0180,High Court — Chancery Division,JUD-03,2025-09-25,High,1276441.34,3,False,False,,,278,,,Ongoing,0
CC-2025-0821,US District Court — N.D. Cal.,JUD-08,2025-09-26,Low,389395.74,0,True,False,,,277,,,Ongoing,0
CC-2025-0714,US District Court — S.D.N.Y.,JUD-06,2025-09-26,Medium,60626.42,3,False,False,Dismissed,2026-03-17,172,0.0,False,Resolved,1
CC-2025-0677,London Commercial Court,JUD-02,2025-09-26,Low,276674.17,0,False,False,Settled,2026-05-24,240,27192.53,False,Resolved,1
CC-2025-0608,High Court — KBD (TCC),JUD-05,2025-09-26,Medium,2044245.0,1,True,False,,,277,,,Ongoing,0
CC-2025-0198,London Commercial Court,JUD-02,2025-09-26,Medium,156361.43,0,False,False,,,277,,,Ongoing,0
CC-2025-0896,High Court — Chancery Division,JUD-04,2025-09-26,Medium,787719.68,1,False,False,,,277,,,Ongoing,0
CC-2025-0470,US District Court — S.D.N.Y.,JUD-06,2025-09-27,Low,600282.67,2,False,False,Settled,2026-03-15,169,23869.15,False,Resolved,1
CC-2025-0461,US District Court — N.D. Cal.,JUD-08,2025-09-27,High,1846810.07,5,True,False,,,276,,,Ongoing,0
CC-2025-0622,Singapore International Comm.,JUD-09,2025-09-27,High,768222.54,6,True,False,,,276,,,Ongoing,0
CC-2025-0496,US District Court — S.D.N.Y.,JUD-07,2025-09-27,Medium,110160.01,3,True,False,,,276,,,Ongoing,0
CC-2025-0876,High Court — Chancery Division,JUD-04,2025-09-28,High,3052500.54,5,True,False,,,275,,,Ongoing,0
CC-2025-0625,US District Court — S.D.N.Y.,JUD-06,2025-09-28,Low,1989312.89,2,False,False,,,275,,,Ongoing,0
CC-2025-0159,US District Court — N.D. Cal.,JUD-08,2025-09-28,High,341377.36,3,True,False,,,275,,,Ongoing,0
CC-2025-1237,US District Court — S.D.N.Y.,JUD-07,2025-09-29,Low,1931395.1,2,True,False,,,274,,,Ongoing,0
CC-2025-0063,London Commercial Court,JUD-02,2025-09-29,Low,153992.88,2,False,False,Settled,2026-05-19,232,109013.08,False,Resolved,1
CC-2025-0939,London Commercial Court,JUD-01,2025-09-29,Medium,974978.67,1,True,False,,,274,,,Ongoing,0
CC-2025-0542,London Commercial Court,JUD-01,2025-09-30,Low,482932.17,0,True,True,Dismissed,2026-02-05,128,0.0,False,Resolved,1
CC-2025-0842,Dubai International Fin. Centre,JUD-10,2025-09-30,Low,225560.28,1,True,False,,,273,,,Ongoing,0
CC-2025-1200,Singapore International Comm.,JUD-09,2025-09-30,Medium,888668.15,1,False,False,,,273,,,Ongoing,0
CC-2025-0468,US District Court — S.D.N.Y.,JUD-06,2025-09-30,Low,291824.81,0,True,False,Settled,2026-06-04,247,154523.27,False,Resolved,1
CC-2025-0863,US District Court — N.D. Cal.,JUD-08,2025-09-30,Medium,685215.79,1,False,False,,,273,,,Ongoing,0
CC-2025-1086,High Court — Chancery Division,JUD-04,2025-10-01,Low,1545170.1,2,True,False,,,272,,,Ongoing,0
CC-2025-0048,High Court — KBD (TCC),JUD-05,2025-10-01,Low,387025.48,0,False,False,,,272,,,Ongoing,0
CC-2025-0975,High Court — KBD (TCC),JUD-05,2025-10-01,Low,874460.12,1,True,False,Dismissed,2026-03-18,168,0.0,False,Resolved,1
CC-2025-0111,London Commercial Court,JUD-02,2025-10-01,Low,1077348.22,2,False,False,,,272,,,Ongoing,0
CC-2025-0308,London Commercial Court,JUD-01,2025-10-01,Low,480952.71,1,True,True,Dismissed,2025-12-14,74,0.0,False,Resolved,1
CC-2025-0679,Singapore International Comm.,JUD-09,2025-10-01,Medium,748549.73,1,True,True,Dismissed,2026-06-13,255,0.0,False,Resolved,1
CC-2025-0215,London Commercial Court,JUD-01,2025-10-01,Medium,574457.52,1,True,False,,,272,,,Ongoing,0
CC-2025-0182,High Court — Chancery Division,JUD-03,2025-10-02,High,246134.83,4,True,False,,,271,,,Ongoing,0
CC-2025-1214,High Court — Chancery Division,JUD-04,2025-10-02,Low,3041352.4,2,True,True,,,271,,,Ongoing,0
CC-2025-0983,London Commercial Court,JUD-02,2025-10-02,High,548213.01,5,True,False,,,271,,,Ongoing,0
CC-2025-0279,London Commercial Court,JUD-01,2025-10-02,Medium,476752.49,3,True,True,Dismissed,2026-03-30,179,0.0,False,Resolved,1
CC-2025-0535,High Court — Chancery Division,JUD-03,2025-10-03,High,1023299.43,5,False,False,,,270,,,Ongoing,0
CC-2025-0440,US District Court — S.D.N.Y.,JUD-07,2025-10-03,Low,615616.26,2,True,False,,,270,,,Ongoing,0
CC-2025-1133,Singapore International Comm.,JUD-09,2025-10-04,High,519066.82,3,True,False,,,269,,,Ongoing,0
CC-2025-1205,London Commercial Court,JUD-01,2025-10-04,Low,6613371.21,0,True,False,,,269,,,Ongoing,0
CC-2025-0586,London Commercial Court,JUD-01,2025-10-04,Medium,169932.0,3,False,False,Dismissed,2026-04-21,199,0.0,False,Resolved,1
CC-2025-0408,High Court — Chancery Division,JUD-04,2025-10-05,Medium,1017279.52,6,True,False,,,268,,,Ongoing,0
CC-2025-0546,Dubai International Fin. Centre,JUD-10,2025-10-05,Low,835864.13,0,False,False,Settled,2026-05-20,227,752941.15,False,Resolved,1
CC-2025-0089,Singapore International Comm.,JUD-09,2025-10-06,High,157420.87,7,True,True,,,267,,,Ongoing,0
CC-2025-0274,High Court — KBD (TCC),JUD-05,2025-10-06,Low,141644.2,0,True,True,Dismissed,2026-03-17,162,0.0,False,Resolved,1
CC-2025-0786,London Commercial Court,JUD-01,2025-10-07,High,1885153.69,4,True,False,,,266,,,Ongoing,0
CC-2025-0091,US District Court — S.D.N.Y.,JUD-07,2025-10-08,Medium,4255096.65,2,True,False,,,265,,,Ongoing,0
CC-2025-0189,London Commercial Court,JUD-02,2025-10-09,Medium,5070164.26,2,False,False,,,264,,,Ongoing,0
CC-2025-1072,US District Court — N.D. Cal.,JUD-08,2025-10-09,Medium,1132334.17,0,False,False,,,264,,,Ongoing,0
CC-2025-1135,High Court — Chancery Division,JUD-03,2025-10-09,Low,518757.42,1,True,True,Dismissed,2026-03-25,167,0.0,False,Resolved,1
CC-2025-0383,London Commercial Court,JUD-02,2025-10-09,Low,489961.08,0,True,False,,,264,,,Ongoing,0
CC-2025-0073,High Court — Chancery Division,JUD-03,2025-10-09,Medium,1366924.81,0,False,False,,,264,,,Ongoing,0
CC-2025-0904,Dubai International Fin. Centre,JUD-10,2025-10-10,Low,1102048.19,1,False,False,,,263,,,Ongoing,0
CC-2025-0530,Singapore International Comm.,JUD-09,2025-10-10,Medium,1960733.19,5,True,False,,,263,,,Ongoing,0
CC-2025-0401,London Commercial Court,JUD-01,2025-10-10,Low,651787.31,1,False,False,,,263,,,Ongoing,0
CC-2025-1106,Singapore International Comm.,JUD-09,2025-10-10,High,212210.74,2,False,False,,,263,,,Ongoing,0
CC-2025-0792,High Court — Chancery Division,JUD-04,2025-10-11,Medium,4392915.85,4,True,False,,,262,,,Ongoing,0
CC-2025-0857,US District Court — S.D.N.Y.,JUD-06,2025-10-11,Medium,593337.31,2,False,False,,,262,,,Ongoing,0
CC-2025-0630,High Court — Chancery Division,JUD-04,2025-10-12,Medium,647692.37,1,False,False,,,261,,,Ongoing,0
CC-2025-0434,Dubai International Fin. Centre,JUD-10,2025-10-13,High,1061132.78,4,True,False,,,260,,,Ongoing,0
CC-2025-0109,US District Court — N.D. Cal.,JUD-08,2025-10-13,Medium,172945.35,2,False,False,,,260,,,Ongoing,0
CC-2025-0431,Dubai International Fin. Centre,JUD-10,2025-10-13,Medium,432903.17,1,False,False,,,260,,,Ongoing,0
CC-2025-0960,High Court — KBD (TCC),JUD-05,2025-10-13,Medium,662019.51,1,False,False,,,260,,,Ongoing,0
CC-2025-1120,US District Court — S.D.N.Y.,JUD-07,2025-10-13,Medium,94702.96,0,False,False,Settled,2026-05-26,225,49077.52,False,Resolved,1
CC-2025-0788,Singapore International Comm.,JUD-09,2025-10-14,High,877842.81,6,True,False,,,259,,,Ongoing,0
CC-2025-0269,Dubai International Fin. Centre,JUD-10,2025-10-14,Medium,97305.26,2,False,False,,,259,,,Ongoing,0
CC-2025-0112,London Commercial Court,JUD-02,2025-10-15,Medium,1115923.3,4,False,False,,,258,,,Ongoing,0
CC-2025-1042,US District Court — N.D. Cal.,JUD-08,2025-10-15,Medium,887001.52,3,False,False,,,258,,,Ongoing,0
CC-2025-0348,US District Court — S.D.N.Y.,JUD-06,2025-10-15,Low,268673.21,0,False,False,Settled,2026-02-07,115,52983.65,False,Resolved,1
CC-2025-0392,Singapore International Comm.,JUD-09,2025-10-16,Low,2869461.19,1,False,False,,,257,,,Ongoing,0
CC-2025-0335,High Court — KBD (TCC),JUD-05,2025-10-16,Medium,165415.6,2,True,False,,,257,,,Ongoing,0
CC-2025-0885,US District Court — S.D.N.Y.,JUD-06,2025-10-16,Medium,1247716.33,1,False,False,Dismissed,2026-04-23,189,0.0,False,Resolved,1
CC-2025-0816,London Commercial Court,JUD-02,2025-10-16,Medium,518421.48,4,False,False,,,257,,,Ongoing,0
CC-2025-1226,London Commercial Court,JUD-02,2025-10-16,Low,2205909.78,3,False,False,,,257,,,Ongoing,0
CC-2025-0551,Dubai International Fin. Centre,JUD-10,2025-10-17,Low,2328348.82,2,True,False,,,256,,,Ongoing,0
CC-2025-0662,High Court — Chancery Division,JUD-04,2025-10-17,Low,3438925.3,3,True,False,,,256,,,Ongoing,0
CC-2025-0163,High Court — Chancery Division,JUD-04,2025-10-17,Medium,2153267.69,4,False,False,,,256,,,Ongoing,0
CC-2025-1199,US District Court — S.D.N.Y.,JUD-06,2025-10-17,Low,95365.44,0,False,False,Dismissed,2026-02-25,131,0.0,False,Resolved,1
CC-2025-0974,London Commercial Court,JUD-01,2025-10-17,Low,511188.06,0,False,False,Settled,2026-06-14,240,213612.31,False,Resolved,1
CC-2025-0596,US District Court — N.D. Cal.,JUD-08,2025-10-17,Medium,530978.82,3,False,False,,,256,,,Ongoing,0
CC-2025-0990,High Court — Chancery Division,JUD-04,2025-10-17,Low,3574776.61,4,True,False,,,256,,,Ongoing,0
CC-2025-0485,London Commercial Court,JUD-02,2025-10-17,Medium,158498.38,2,False,False,,,256,,,Ongoing,0
CC-2025-0719,US District Court — S.D.N.Y.,JUD-07,2025-10-18,High,3684156.77,4,True,False,,,255,,,Ongoing,0
CC-2025-0469,London Commercial Court,JUD-02,2025-10-18,Medium,511391.64,2,True,False,,,255,,,Ongoing,0
CC-2025-0098,High Court — Chancery Division,JUD-03,2025-10-18,Medium,1581296.94,2,False,False,,,255,,,Ongoing,0
CC-2025-0985,High Court — KBD (TCC),JUD-05,2025-10-19,Low,551602.92,1,True,False,,,254,,,Ongoing,0
CC-2025-0220,US District Court — N.D. Cal.,JUD-08,2025-10-19,Medium,168860.28,2,False,False,,,254,,,Ongoing,0
CC-2025-0361,High Court — Chancery Division,JUD-03,2025-10-20,Medium,282886.14,3,True,False,,,253,,,Ongoing,0
CC-2025-1041,High Court — KBD (TCC),JUD-05,2025-10-20,Medium,655818.4,5,True,False,,,253,,,Ongoing,0
CC-2025-0405,Dubai International Fin. Centre,JUD-10,2025-10-20,Low,329806.53,1,False,False,,,253,,,Ongoing,0
CC-2025-0799,High Court — Chancery Division,JUD-04,2025-10-20,Low,2025347.29,1,True,False,,,253,,,Ongoing,0
CC-2025-0827,High Court — Chancery Division,JUD-04,2025-10-21,Low,261578.89,2,True,True,Settled,2026-03-23,153,80240.47,False,Resolved,1
CC-2025-1105,High Court — KBD (TCC),JUD-05,2025-10-21,Medium,1110472.48,1,True,False,,,252,,,Ongoing,0
CC-2025-1138,High Court — Chancery Division,JUD-04,2025-10-21,Medium,157895.9,3,False,False,,,252,,,Ongoing,0
CC-2025-0245,London Commercial Court,JUD-01,2025-10-22,High,410247.54,4,True,False,,,251,,,Ongoing,0
CC-2025-0231,High Court — Chancery Division,JUD-03,2025-10-22,High,327871.73,0,False,False,,,251,,,Ongoing,0
CC-2025-0205,High Court — Chancery Division,JUD-04,2025-10-22,Medium,398197.15,4,False,False,,,251,,,Ongoing,0
CC-2025-0316,US District Court — S.D.N.Y.,JUD-07,2025-10-23,Medium,2215331.62,3,False,False,,,250,,,Ongoing,0
CC-2025-0590,London Commercial Court,JUD-02,2025-10-23,Low,763017.94,0,False,False,Dismissed,2026-06-08,228,0.0,False,Resolved,1
CC-2025-0892,High Court — Chancery Division,JUD-03,2025-10-23,High,229987.74,2,True,False,,,250,,,Ongoing,0
CC-2025-0761,London Commercial Court,JUD-01,2025-10-24,Low,1101682.68,3,False,False,Settled,2026-05-28,216,269115.5,False,Resolved,1
CC-2025-0667,London Commercial Court,JUD-01,2025-10-24,Low,2894916.1,2,False,False,Settled,2026-06-30,249,443785.2,False,Resolved,1
CC-2025-0597,Dubai International Fin. Centre,JUD-10,2025-10-24,Medium,310594.9,2,True,False,,,249,,,Ongoing,0
CC-2025-1208,Dubai International Fin. Centre,JUD-10,2025-10-24,Low,2395276.15,1,True,False,,,249,,,Ongoing,0
CC-2025-1175,London Commercial Court,JUD-01,2025-10-25,Medium,1814839.97,5,False,False,,,248,,,Ongoing,0
CC-2025-0464,London Commercial Court,JUD-01,2025-10-25,Low,1797281.91,1,True,False,,,248,,,Ongoing,0
CC-2025-1084,London Commercial Court,JUD-01,2025-10-25,Medium,235784.58,2,True,False,,,248,,,Ongoing,0
CC-2025-0537,Dubai International Fin. Centre,JUD-10,2025-10-25,Medium,90219.77,2,True,False,Settled,2026-06-26,244,26001.49,False,Resolved,1
CC-2025-0675,High Court — Chancery Division,JUD-03,2025-10-26,Low,386890.98,1,False,False,,,247,,,Ongoing,0
CC-2025-1031,US District Court — N.D. Cal.,JUD-08,2025-10-26,Medium,372314.08,2,True,False,,,247,,,Ongoing,0
CC-2025-0707,London Commercial Court,JUD-01,2025-10-26,Medium,2654726.27,0,False,False,,,247,,,Ongoing,0
CC-2025-0498,Dubai International Fin. Centre,JUD-10,2025-10-26,Low,2066683.93,0,False,False,Dismissed,2026-06-10,227,0.0,False,Resolved,1
CC-2025-0567,US District Court — S.D.N.Y.,JUD-06,2025-10-26,Low,605112.25,1,False,False,,,247,,,Ongoing,0
CC-2025-0009,High Court — Chancery Division,JUD-04,2025-10-26,High,2195476.04,1,False,False,,,247,,,Ongoing,0
CC-2025-0244,High Court — Chancery Division,JUD-04,2025-10-26,High,251419.0,7,False,False,,,247,,,Ongoing,0
CC-2025-0292,High Court — Chancery Division,JUD-04,2025-10-27,Low,1514493.61,3,False,False,,,246,,,Ongoing,0
CC-2025-0909,High Court — KBD (TCC),JUD-05,2025-10-28,Medium,381032.9,1,False,False,,,245,,,Ongoing,0
CC-2025-1212,London Commercial Court,JUD-02,2025-10-28,Low,274554.58,2,False,False,,,245,,,Ongoing,0
CC-2025-0165,US District Court — N.D. Cal.,JUD-08,2025-10-29,Medium,1944612.4,0,False,False,,,244,,,Ongoing,0
CC-2025-0406,US District Court — N.D. Cal.,JUD-08,2025-10-29,Low,94199.2,1,False,False,,,244,,,Ongoing,0
CC-2025-0564,High Court — KBD (TCC),JUD-05,2025-10-30,High,816752.23,3,False,False,,,243,,,Ongoing,0
CC-2025-0757,US District Court — S.D.N.Y.,JUD-07,2025-10-31,Low,382292.12,0,False,False,Settled,2026-06-17,229,113054.58,False,Resolved,1
CC-2025-1241,High Court — KBD (TCC),JUD-05,2025-11-01,High,2306196.36,6,False,False,,,241,,,Ongoing,0
CC-2025-1034,US District Court — S.D.N.Y.,JUD-07,2025-11-02,Low,83101.61,0,False,False,Dismissed,2026-02-11,101,0.0,False,Resolved,1
CC-2025-0333,US District Court — N.D. Cal.,JUD-08,2025-11-02,High,2636150.86,3,True,False,,,240,,,Ongoing,0
CC-2025-1170,High Court — KBD (TCC),JUD-05,2025-11-02,Low,1607180.69,2,True,False,,,240,,,Ongoing,0
CC-2025-1179,London Commercial Court,JUD-02,2025-11-02,Low,1287777.93,4,True,False,,,240,,,Ongoing,0
CC-2025-0156,High Court — Chancery Division,JUD-04,2025-11-02,Medium,622215.42,2,False,False,,,240,,,Ongoing,0
CC-2025-0844,High Court — Chancery Division,JUD-03,2025-11-02,Medium,215384.82,1,False,False,Dismissed,2026-04-21,170,0.0,False,Resolved,1
CC-2025-0528,US District Court — N.D. Cal.,JUD-08,2025-11-02,Low,1874870.49,2,False,False,,,240,,,Ongoing,0
CC-2025-0579,High Court — KBD (TCC),JUD-05,2025-11-03,Low,730427.31,2,True,False,,,239,,,Ongoing,0
CC-2025-0168,US District Court — S.D.N.Y.,JUD-06,2025-11-04,Medium,1026088.59,2,False,False,,,238,,,Ongoing,0
CC-2025-1188,US District Court — N.D. Cal.,JUD-08,2025-11-04,Medium,1564687.92,0,False,False,,,238,,,Ongoing,0
CC-2025-0967,High Court — Chancery Division,JUD-04,2025-11-04,Low,3580928.25,2,False,False,,,238,,,Ongoing,0
CC-2025-1064,Singapore International Comm.,JUD-09,2025-11-04,Low,1447792.0,0,False,False,Settled,2026-05-26,203,415682.43,False,Resolved,1
CC-2025-0779,US District Court — N.D. Cal.,JUD-08,2025-11-05,Low,58684.52,3,True,True,Settled,2026-04-29,175,4562.12,False,Resolved,1
CC-2025-0787,Dubai International Fin. Centre,JUD-10,2025-11-05,High,452690.49,5,False,False,,,237,,,Ongoing,0
CC-2025-0728,High Court — KBD (TCC),JUD-05,2025-11-05,Medium,3235617.39,7,True,False,,,237,,,Ongoing,0
CC-2025-0049,High Court — Chancery Division,JUD-03,2025-11-05,Low,935398.28,2,False,False,,,237,,,Ongoing,0
CC-2025-0184,US District Court — N.D. Cal.,JUD-08,2025-11-06,Medium,269392.17,0,False,False,Settled,2026-06-16,222,31986.55,False,Resolved,1
CC-2025-0606,Dubai International Fin. Centre,JUD-10,2025-11-06,Low,595572.56,2,True,False,,,236,,,Ongoing,0
CC-2025-0115,London Commercial Court,JUD-02,2025-11-06,Low,526746.73,2,True,False,,,236,,,Ongoing,0
CC-2025-0313,High Court — KBD (TCC),JUD-05,2025-11-07,Medium,1404489.28,3,False,False,,,235,,,Ongoing,0
CC-2025-1067,US District Court — S.D.N.Y.,JUD-07,2025-11-07,Low,164960.69,0,False,False,Settled,2026-04-21,165,54655.14,False,Resolved,1
CC-2025-1151,Singapore International Comm.,JUD-09,2025-11-07,Low,185495.45,2,True,False,,,235,,,Ongoing,0
CC-2025-0511,Dubai International Fin. Centre,JUD-10,2025-11-07,Medium,408576.86,2,False,False,,,235,,,Ongoing,0
CC-2025-1085,London Commercial Court,JUD-01,2025-11-07,High,118402.49,6,True,True,,,235,,,Ongoing,0
CC-2025-0127,High Court — Chancery Division,JUD-04,2025-11-07,Medium,662454.35,3,False,False,,,235,,,Ongoing,0
CC-2025-0873,High Court — KBD (TCC),JUD-05,2025-11-08,Low,1189547.01,1,True,False,,,234,,,Ongoing,0
CC-2025-0118,Dubai International Fin. Centre,JUD-10,2025-11-08,High,844200.47,3,False,False,,,234,,,Ongoing,0
CC-2025-0140,Singapore International Comm.,JUD-09,2025-11-09,High,843640.31,6,True,False,,,233,,,Ongoing,0
CC-2025-0833,US District Court — S.D.N.Y.,JUD-06,2025-11-09,High,263959.57,4,False,False,,,233,,,Ongoing,0
CC-2025-0945,London Commercial Court,JUD-01,2025-11-09,Medium,1004726.45,2,True,False,,,233,,,Ongoing,0
CC-2025-0177,High Court — KBD (TCC),JUD-05,2025-11-09,Medium,97005.37,0,False,False,,,233,,,Ongoing,0
CC-2025-0059,High Court — KBD (TCC),JUD-05,2025-11-09,Medium,1510469.97,4,True,False,,,233,,,Ongoing,0
CC-2025-0028,High Court — Chancery Division,JUD-03,2025-11-09,Medium,175040.94,1,False,False,,,233,,,Ongoing,0
CC-2025-0576,London Commercial Court,JUD-01,2025-11-10,Medium,121008.68,1,False,False,,,232,,,Ongoing,0
CC-2025-0315,High Court — Chancery Division,JUD-03,2025-11-10,Medium,6941936.33,2,False,False,,,232,,,Ongoing,0
CC-2025-0463,Singapore International Comm.,JUD-09,2025-11-11,Medium,879398.73,4,False,False,,,231,,,Ongoing,0
CC-2025-1230,US District Court — N.D. Cal.,JUD-08,2025-11-11,Low,1742723.48,0,False,False,,,231,,,Ongoing,0
CC-2025-0717,High Court — KBD (TCC),JUD-05,2025-11-11,High,190359.24,1,True,True,Dismissed,2026-06-29,230,0.0,False,Resolved,1
CC-2025-0471,High Court — KBD (TCC),JUD-05,2025-11-12,High,651361.64,1,False,False,,,230,,,Ongoing,0
CC-2025-0509,High Court — KBD (TCC),JUD-05,2025-11-12,Medium,1397402.29,4,False,False,,,230,,,Ongoing,0
CC-2025-0684,US District Court — S.D.N.Y.,JUD-07,2025-11-12,Low,2996522.69,2,False,False,,,230,,,Ongoing,0
CC-2025-0902,London Commercial Court,JUD-01,2025-11-12,Medium,417584.88,3,False,False,,,230,,,Ongoing,0
CC-2025-0532,US District Court — N.D. Cal.,JUD-08,2025-11-12,High,573945.04,7,True,True,,,230,,,Ongoing,0
CC-2025-1043,High Court — Chancery Division,JUD-03,2025-11-12,High,178591.84,4,True,True,,,230,,,Ongoing,0
CC-2025-1155,High Court — Chancery Division,JUD-03,2025-11-13,Low,925127.69,2,False,False,,,229,,,Ongoing,0
CC-2025-1024,London Commercial Court,JUD-01,2025-11-14,Medium,162870.84,2,True,False,,,228,,,Ongoing,0
CC-2025-0733,Singapore International Comm.,JUD-09,2025-11-14,Medium,68218.04,2,False,False,,,228,,,Ongoing,0
CC-2025-0891,Singapore International Comm.,JUD-09,2025-11-14,High,1141715.68,5,False,False,,,228,,,Ongoing,0
CC-2025-1164,Singapore International Comm.,JUD-09,2025-11-14,Medium,737558.46,2,False,False,,,228,,,Ongoing,0
CC-2025-1053,High Court — Chancery Division,JUD-03,2025-11-14,Low,1045820.56,2,True,False,,,228,,,Ongoing,0
CC-2025-0995,Dubai International Fin. Centre,JUD-10,2025-11-14,Medium,211539.18,2,False,False,,,228,,,Ongoing,0
CC-2025-1087,London Commercial Court,JUD-01,2025-11-15,Medium,727251.44,6,False,False,,,227,,,Ongoing,0
CC-2025-0870,US District Court — S.D.N.Y.,JUD-07,2025-11-15,Medium,368408.39,4,False,False,,,227,,,Ongoing,0
CC-2025-1005,US District Court — N.D. Cal.,JUD-08,2025-11-15,Medium,474883.07,0,True,True,,,227,,,Ongoing,0
CC-2025-0656,Singapore International Comm.,JUD-09,2025-11-15,Medium,175886.74,4,False,False,,,227,,,Ongoing,0
CC-2025-1055,US District Court — S.D.N.Y.,JUD-07,2025-11-16,Low,261973.02,1,False,False,,,226,,,Ongoing,0
CC-2025-0979,Dubai International Fin. Centre,JUD-10,2025-11-16,Medium,98180.85,3,False,False,,,226,,,Ongoing,0
CC-2025-0305,London Commercial Court,JUD-01,2025-11-16,High,1631499.2,5,False,False,,,226,,,Ongoing,0
CC-2025-0384,High Court — KBD (TCC),JUD-05,2025-11-17,Medium,1234455.09,2,True,False,,,225,,,Ongoing,0
CC-2025-0476,US District Court — S.D.N.Y.,JUD-06,2025-11-17,Medium,81418.23,4,True,False,,,225,,,Ongoing,0
CC-2025-0966,London Commercial Court,JUD-02,2025-11-17,Medium,176443.67,2,False,False,,,225,,,Ongoing,0
CC-2025-0319,London Commercial Court,JUD-01,2025-11-18,High,388341.34,6,False,False,,,224,,,Ongoing,0
CC-2025-1052,London Commercial Court,JUD-01,2025-11-18,Medium,807990.38,2,False,False,,,224,,,Ongoing,0
CC-2025-0484,High Court — Chancery Division,JUD-04,2025-11-18,Medium,554723.35,4,True,False,,,224,,,Ongoing,0
CC-2025-0934,London Commercial Court,JUD-02,2025-11-18,Medium,3455549.37,4,True,False,,,224,,,Ongoing,0
CC-2025-0947,High Court — KBD (TCC),JUD-05,2025-11-19,Medium,531879.52,1,False,False,,,223,,,Ongoing,0
CC-2025-0721,US District Court — S.D.N.Y.,JUD-06,2025-11-19,High,3612677.12,3,True,False,,,223,,,Ongoing,0
CC-2025-0096,US District Court — S.D.N.Y.,JUD-06,2025-11-19,Medium,691212.51,5,True,False,,,223,,,Ongoing,0
CC-2025-0682,High Court — KBD (TCC),JUD-05,2025-11-20,Low,1195444.03,2,False,False,,,222,,,Ongoing,0
CC-2025-0002,London Commercial Court,JUD-01,2025-11-21,Medium,424069.89,3,False,False,,,221,,,Ongoing,0
CC-2025-0541,High Court — Chancery Division,JUD-03,2025-11-21,Medium,73159.47,2,True,True,Dismissed,2026-05-06,166,0.0,False,Resolved,1
CC-2025-0065,Singapore International Comm.,JUD-09,2025-11-21,Medium,691707.69,5,True,False,,,221,,,Ongoing,0
CC-2025-0329,London Commercial Court,JUD-02,2025-11-21,Low,522325.64,2,True,False,Dismissed,2026-04-15,145,0.0,False,Resolved,1
CC-2025-0889,London Commercial Court,JUD-02,2025-11-22,Low,1246178.98,2,False,False,Dismissed,2026-04-24,153,0.0,False,Resolved,1
CC-2025-0533,London Commercial Court,JUD-02,2025-11-22,Medium,422617.59,2,False,False,,,220,,,Ongoing,0
CC-2025-0621,US District Court — S.D.N.Y.,JUD-06,2025-11-22,Low,3767627.29,2,False,False,Settled,2026-06-02,192,1486220.85,False,Resolved,1
CC-2025-1098,London Commercial Court,JUD-01,2025-11-22,Medium,1143472.91,1,False,False,,,220,,,Ongoing,0
CC-2025-0301,London Commercial Court,JUD-01,2025-11-23,Low,136943.99,0,False,False,,,219,,,Ongoing,0
CC-2025-0965,Singapore International Comm.,JUD-09,2025-11-23,Medium,1263819.21,0,True,True,Dismissed,2026-06-27,216,0.0,False,Resolved,1
CC-2025-0483,High Court — KBD (TCC),JUD-05,2025-11-24,Low,112226.51,1,True,False,,,218,,,Ongoing,0
CC-2025-1234,London Commercial Court,JUD-02,2025-11-24,Low,629066.53,3,False,False,,,218,,,Ongoing,0
CC-2025-0170,High Court — Chancery Division,JUD-04,2025-11-25,Medium,421813.8,1,False,False,,,217,,,Ongoing,0
CC-2025-0014,US District Court — S.D.N.Y.,JUD-06,2025-11-25,Medium,832017.72,2,True,False,,,217,,,Ongoing,0
CC-2025-1008,Singapore International Comm.,JUD-09,2025-11-25,Medium,164058.92,5,False,False,,,217,,,Ongoing,0
CC-2025-1063,High Court — Chancery Division,JUD-04,2025-11-25,Low,227777.2,0,False,False,,,217,,,Ongoing,0
CC-2025-0605,High Court — KBD (TCC),JUD-05,2025-11-26,Medium,1265107.41,3,True,False,,,216,,,Ongoing,0
CC-2025-0777,High Court — Chancery Division,JUD-03,2025-11-26,High,559332.5,1,False,False,,,216,,,Ongoing,0
CC-2025-0854,US District Court — S.D.N.Y.,JUD-06,2025-11-27,Low,1677010.0,0,True,False,,,215,,,Ongoing,0
CC-2025-0030,High Court — KBD (TCC),JUD-05,2025-11-27,Medium,1040339.28,2,True,False,,,215,,,Ongoing,0
CC-2025-0525,Singapore International Comm.,JUD-09,2025-11-28,Medium,4162026.68,1,False,False,,,214,,,Ongoing,0
CC-2025-0887,London Commercial Court,JUD-01,2025-11-28,Low,165388.03,2,True,False,,,214,,,Ongoing,0
CC-2025-1018,London Commercial Court,JUD-02,2025-11-29,Low,219922.7,0,True,False,,,213,,,Ongoing,0
CC-2025-0781,US District Court — S.D.N.Y.,JUD-07,2025-11-29,Medium,124098.87,1,True,True,Dismissed,2026-04-24,146,0.0,False,Resolved,1
CC-2025-0224,US District Court — S.D.N.Y.,JUD-06,2025-11-29,Medium,926138.92,3,True,False,,,213,,,Ongoing,0
CC-2025-1101,High Court — Chancery Division,JUD-04,2025-11-29,High,87700.5,3,False,False,,,213,,,Ongoing,0
CC-2025-0154,High Court — KBD (TCC),JUD-05,2025-11-30,Low,244752.43,2,False,False,,,212,,,Ongoing,0
CC-2025-0807,US District Court — S.D.N.Y.,JUD-06,2025-11-30,Low,466116.86,2,False,False,,,212,,,Ongoing,0
CC-2025-0092,High Court — Chancery Division,JUD-03,2025-11-30,Medium,830076.26,6,False,False,,,212,,,Ongoing,0
CC-2025-0849,Singapore International Comm.,JUD-09,2025-11-30,Low,113598.58,2,False,False,Dismissed,2026-05-09,160,0.0,False,Resolved,1
CC-2025-0603,Dubai International Fin. Centre,JUD-10,2025-12-01,Medium,346578.69,5,True,False,,,211,,,Ongoing,0
CC-2025-0078,London Commercial Court,JUD-01,2025-12-01,Medium,86619.6,1,False,False,Dismissed,2026-06-04,185,0.0,False,Resolved,1
CC-2025-0552,US District Court — S.D.N.Y.,JUD-06,2025-12-01,Medium,468136.23,4,False,False,Dismissed,2026-03-17,106,0.0,False,Resolved,1
CC-2025-1108,US District Court — N.D. Cal.,JUD-08,2025-12-02,Low,3237302.31,4,True,False,,,210,,,Ongoing,0
CC-2025-1070,Singapore International Comm.,JUD-09,2025-12-02,Low,723189.03,1,False,False,,,210,,,Ongoing,0
CC-2025-0520,Dubai International Fin. Centre,JUD-10,2025-12-02,High,224074.44,6,False,False,,,210,,,Ongoing,0
CC-2025-0354,London Commercial Court,JUD-02,2025-12-03,Medium,1488613.65,2,True,False,,,209,,,Ongoing,0
CC-2025-0477,High Court — KBD (TCC),JUD-05,2025-12-03,Medium,196756.23,4,False,False,,,209,,,Ongoing,0
CC-2025-0228,US District Court — N.D. Cal.,JUD-08,2025-12-03,Low,193697.17,0,True,False,,,209,,,Ongoing,0
CC-2025-0016,US District Court — S.D.N.Y.,JUD-07,2025-12-03,Low,233928.34,1,False,False,,,209,,,Ongoing,0
CC-2025-1059,Dubai International Fin. Centre,JUD-10,2025-12-04,Medium,206217.18,4,False,False,,,208,,,Ongoing,0
CC-2025-0843,Dubai International Fin. Centre,JUD-10,2025-12-04,High,751261.97,9,True,False,,,208,,,Ongoing,0
CC-2025-0076,High Court — Chancery Division,JUD-03,2025-12-04,Medium,707139.73,3,True,False,,,208,,,Ongoing,0
CC-2025-0276,US District Court — N.D. Cal.,JUD-08,2025-12-04,High,218279.01,3,True,False,,,208,,,Ongoing,0
CC-2025-0206,London Commercial Court,JUD-02,2025-12-05,Medium,186373.56,2,True,False,,,207,,,Ongoing,0
CC-2025-0638,US District Court — S.D.N.Y.,JUD-06,2025-12-06,High,555121.91,3,False,False,,,206,,,Ongoing,0
CC-2025-0242,Singapore International Comm.,JUD-09,2025-12-07,Low,1845403.2,1,False,False,,,205,,,Ongoing,0
CC-2025-0711,US District Court — S.D.N.Y.,JUD-07,2025-12-07,Medium,3952074.29,3,False,False,,,205,,,Ongoing,0
CC-2025-0331,Dubai International Fin. Centre,JUD-10,2025-12-07,Medium,119655.97,0,True,True,,,205,,,Ongoing,0
CC-2025-0334,Singapore International Comm.,JUD-09,2025-12-07,Low,369043.07,1,True,True,Dismissed,2026-04-03,117,0.0,False,Resolved,1
CC-2025-0135,High Court — Chancery Division,JUD-04,2025-12-07,Medium,193037.31,1,False,False,,,205,,,Ongoing,0
CC-2025-0693,High Court — Chancery Division,JUD-03,2025-12-07,Medium,243532.95,2,False,False,,,205,,,Ongoing,0
CC-2025-1020,High Court — Chancery Division,JUD-04,2025-12-08,Medium,745123.33,1,False,False,,,204,,,Ongoing,0
CC-2025-0866,London Commercial Court,JUD-02,2025-12-08,Low,5160414.14,0,True,False,,,204,,,Ongoing,0
CC-2025-0913,High Court — KBD (TCC),JUD-05,2025-12-08,Low,559180.08,2,True,False,,,204,,,Ongoing,0
CC-2025-0582,London Commercial Court,JUD-02,2025-12-08,Medium,2017303.92,6,True,False,,,204,,,Ongoing,0
CC-2025-0915,Dubai International Fin. Centre,JUD-10,2025-12-09,Low,1296810.51,3,False,False,,,203,,,Ongoing,0
CC-2025-0061,London Commercial Court,JUD-02,2025-12-09,Low,966345.44,0,False,False,,,203,,,Ongoing,0
CC-2025-0298,Dubai International Fin. Centre,JUD-10,2025-12-09,Medium,471499.05,3,True,False,,,203,,,Ongoing,0
CC-2025-0067,US District Court — S.D.N.Y.,JUD-06,2025-12-09,Low,880122.44,2,False,False,,,203,,,Ongoing,0
CC-2025-1038,High Court — Chancery Division,JUD-03,2025-12-10,High,498594.97,2,True,True,,,202,,,Ongoing,0
CC-2025-0238,High Court — KBD (TCC),JUD-05,2025-12-10,Medium,1728620.02,5,True,True,,,202,,,Ongoing,0
CC-2025-0918,High Court — Chancery Division,JUD-04,2025-12-10,High,134783.86,2,False,False,,,202,,,Ongoing,0
CC-2025-0376,London Commercial Court,JUD-01,2025-12-10,Low,2202768.18,1,True,False,,,202,,,Ongoing,0
CC-2025-0553,US District Court — N.D. Cal.,JUD-08,2025-12-11,Low,451198.47,1,True,False,Dismissed,2026-06-14,185,0.0,False,Resolved,1
CC-2025-0029,High Court — Chancery Division,JUD-03,2025-12-11,Medium,562153.61,1,False,False,,,201,,,Ongoing,0
CC-2025-1144,US District Court — S.D.N.Y.,JUD-07,2025-12-11,Medium,638800.11,1,False,False,,,201,,,Ongoing,0
CC-2025-0243,London Commercial Court,JUD-01,2025-12-12,High,186182.67,4,False,False,,,200,,,Ongoing,0
CC-2025-0763,London Commercial Court,JUD-02,2025-12-12,Medium,237568.26,0,True,False,,,200,,,Ongoing,0
CC-2025-0130,High Court — Chancery Division,JUD-04,2025-12-12,High,937121.78,4,True,False,,,200,,,Ongoing,0
CC-2025-1012,High Court — Chancery Division,JUD-04,2025-12-12,Medium,340751.12,3,False,False,,,200,,,Ongoing,0
CC-2025-1089,London Commercial Court,JUD-02,2025-12-12,Low,474253.73,2,True,False,,,200,,,Ongoing,0
CC-2025-1021,High Court — KBD (TCC),JUD-05,2025-12-13,Medium,1294652.61,3,True,False,,,199,,,Ongoing,0
CC-2025-0881,US District Court — S.D.N.Y.,JUD-06,2025-12-13,High,218517.83,4,True,False,,,199,,,Ongoing,0
CC-2025-0549,Singapore International Comm.,JUD-09,2025-12-13,Medium,1244363.36,1,False,False,,,199,,,Ongoing,0
CC-2025-1099,High Court — Chancery Division,JUD-04,2025-12-13,Low,1044159.11,0,True,False,,,199,,,Ongoing,0
CC-2025-0338,High Court — Chancery Division,JUD-04,2025-12-14,Medium,274538.9,1,False,False,,,198,,,Ongoing,0
CC-2025-0017,High Court — KBD (TCC),JUD-05,2025-12-14,Low,87909.37,1,True,False,,,198,,,Ongoing,0
CC-2025-0120,US District Court — S.D.N.Y.,JUD-06,2025-12-15,Medium,3687136.02,4,True,False,,,197,,,Ongoing,0
CC-2025-0367,London Commercial Court,JUD-02,2025-12-16,Low,386880.18,0,True,False,,,196,,,Ongoing,0
CC-2025-0445,US District Court — S.D.N.Y.,JUD-06,2025-12-16,Medium,664436.2,4,False,False,,,196,,,Ongoing,0
CC-2025-0232,Dubai International Fin. Centre,JUD-10,2025-12-16,High,1461125.6,4,True,False,,,196,,,Ongoing,0
CC-2025-1121,High Court — Chancery Division,JUD-03,2025-12-16,Medium,112578.11,6,True,False,,,196,,,Ongoing,0
CC-2025-0700,High Court — Chancery Division,JUD-04,2025-12-16,Medium,839693.41,0,False,False,,,196,,,Ongoing,0
CC-2025-0776,London Commercial Court,JUD-01,2025-12-16,Medium,745025.89,1,False,False,,,196,,,Ongoing,0
CC-2025-1166,London Commercial Court,JUD-01,2025-12-17,Low,125277.32,1,True,False,,,195,,,Ongoing,0
CC-2025-0321,London Commercial Court,JUD-01,2025-12-17,Medium,652509.47,0,False,False,,,195,,,Ongoing,0
CC-2025-1032,High Court — KBD (TCC),JUD-05,2025-12-17,Medium,301414.55,3,True,False,,,195,,,Ongoing,0
CC-2025-0455,London Commercial Court,JUD-02,2025-12-17,Low,813709.69,4,True,False,,,195,,,Ongoing,0
CC-2025-0548,High Court — KBD (TCC),JUD-05,2025-12-17,Low,1080503.55,1,False,False,,,195,,,Ongoing,0
CC-2025-0683,High Court — Chancery Division,JUD-03,2025-12-17,Medium,106105.06,0,True,True,Dismissed,2026-06-06,171,0.0,False,Resolved,1
CC-2025-0964,High Court — KBD (TCC),JUD-05,2025-12-18,Low,853823.28,0,True,False,,,194,,,Ongoing,0
CC-2025-1191,US District Court — S.D.N.Y.,JUD-06,2025-12-18,Medium,188263.33,4,True,False,,,194,,,Ongoing,0
CC-2025-0289,Singapore International Comm.,JUD-09,2025-12-18,Low,396871.47,0,True,False,,,194,,,Ongoing,0
CC-2025-0151,US District Court — N.D. Cal.,JUD-08,2025-12-19,Medium,404657.43,4,True,False,,,193,,,Ongoing,0
CC-2025-0851,US District Court — S.D.N.Y.,JUD-07,2025-12-19,High,230791.6,5,False,False,,,193,,,Ongoing,0
CC-2025-0601,US District Court — N.D. Cal.,JUD-08,2025-12-20,Low,292990.11,0,False,False,,,192,,,Ongoing,0
CC-2025-0010,US District Court — S.D.N.Y.,JUD-07,2025-12-20,Low,903153.68,1,False,False,,,192,,,Ongoing,0
CC-2025-1111,US District Court — S.D.N.Y.,JUD-06,2025-12-20,Medium,467139.49,1,False,False,,,192,,,Ongoing,0
CC-2025-0722,London Commercial Court,JUD-01,2025-12-20,Medium,565791.13,2,False,False,,,192,,,Ongoing,0
CC-2025-0415,High Court — KBD (TCC),JUD-05,2025-12-20,Low,251760.82,1,True,False,,,192,,,Ongoing,0
CC-2025-0262,US District Court — N.D. Cal.,JUD-08,2025-12-20,Low,1143126.23,1,True,False,Settled,2026-05-23,154,425628.71,False,Resolved,1
CC-2025-0871,High Court — KBD (TCC),JUD-05,2025-12-20,Low,216785.96,0,False,False,,,192,,,Ongoing,0
CC-2025-0991,High Court — KBD (TCC),JUD-05,2025-12-20,Medium,5537381.44,4,True,False,,,192,,,Ongoing,0
CC-2025-0840,London Commercial Court,JUD-02,2025-12-20,Low,417940.38,0,False,False,,,192,,,Ongoing,0
CC-2025-0413,Singapore International Comm.,JUD-09,2025-12-21,High,1038833.8,7,False,False,,,191,,,Ongoing,0
CC-2025-0248,London Commercial Court,JUD-01,2025-12-21,High,638171.6,5,True,False,,,191,,,Ongoing,0
CC-2025-1066,US District Court — S.D.N.Y.,JUD-07,2025-12-21,Low,2942951.03,1,True,False,,,191,,,Ongoing,0
CC-2025-0148,High Court — KBD (TCC),JUD-05,2025-12-21,Low,683043.89,3,True,False,Settled,2026-05-18,148,285313.61,False,Resolved,1
CC-2025-0651,US District Court — S.D.N.Y.,JUD-06,2025-12-21,Medium,413351.78,2,False,False,,,191,,,Ongoing,0
CC-2025-1028,High Court — KBD (TCC),JUD-05,2025-12-21,Medium,590189.5,1,True,False,,,191,,,Ongoing,0
CC-2025-0054,London Commercial Court,JUD-02,2025-12-22,Low,2583332.73,2,True,False,,,190,,,Ongoing,0
CC-2025-1062,US District Court — S.D.N.Y.,JUD-06,2025-12-22,Low,168932.78,0,False,False,Settled,2026-05-01,130,62059.94,False,Resolved,1
CC-2025-0079,London Commercial Court,JUD-01,2025-12-22,Low,126405.48,1,False,False,,,190,,,Ongoing,0
CC-2025-0797,London Commercial Court,JUD-01,2025-12-22,High,415596.07,3,True,True,,,190,,,Ongoing,0
CC-2025-0672,London Commercial Court,JUD-02,2025-12-22,Medium,946824.91,3,False,False,,,190,,,Ongoing,0
CC-2025-0101,US District Court — S.D.N.Y.,JUD-06,2025-12-23,Low,1230737.69,0,False,False,,,189,,,Ongoing,0
CC-2025-1039,Dubai International Fin. Centre,JUD-10,2025-12-23,High,213105.3,4,False,False,,,189,,,Ongoing,0
CC-2025-0629,High Court — Chancery Division,JUD-04,2025-12-23,High,328707.3,0,True,False,,,189,,,Ongoing,0
CC-2025-0358,US District Court — S.D.N.Y.,JUD-07,2025-12-23,Low,63162.96,1,True,True,Dismissed,2026-05-09,137,0.0,False,Resolved,1
CC-2025-0443,US District Court — S.D.N.Y.,JUD-07,2025-12-23,Low,2387823.77,1,True,False,Settled,2026-06-26,185,818676.4,False,Resolved,1
CC-2025-0167,Singapore International Comm.,JUD-09,2025-12-24,Low,223102.01,1,True,True,Dismissed,2026-04-19,116,0.0,False,Resolved,1
CC-2025-0948,High Court — Chancery Division,JUD-03,2025-12-24,Medium,66556.98,3,True,False,,,188,,,Ongoing,0
CC-2025-0320,Singapore International Comm.,JUD-09,2025-12-24,High,353001.64,4,False,False,,,188,,,Ongoing,0
CC-2025-0748,US District Court — N.D. Cal.,JUD-08,2025-12-25,Low,822813.97,1,False,False,,,187,,,Ongoing,0
CC-2025-1096,High Court — Chancery Division,JUD-04,2025-12-25,Low,66817.7,0,False,False,,,187,,,Ongoing,0
CC-2025-1210,London Commercial Court,JUD-02,2025-12-25,Low,295398.95,1,False,False,,,187,,,Ongoing,0
CC-2025-0207,London Commercial Court,JUD-01,2025-12-25,Medium,1559998.62,4,False,False,,,187,,,Ongoing,0
CC-2025-0942,Dubai International Fin. Centre,JUD-10,2025-12-26,High,303287.42,3,False,False,,,186,,,Ongoing,0
CC-2025-0678,London Commercial Court,JUD-02,2025-12-26,Medium,1108676.1,4,True,False,,,186,,,Ongoing,0
CC-2025-1160,London Commercial Court,JUD-02,2025-12-26,Medium,82070.91,1,False,False,Dismissed,2026-05-29,154,0.0,False,Resolved,1
CC-2025-0814,Dubai International Fin. Centre,JUD-10,2025-12-27,Low,2219781.28,1,True,True,Dismissed,2026-04-04,98,0.0,False,Resolved,1
CC-2025-1202,London Commercial Court,JUD-01,2025-12-27,Low,2889474.0,4,True,True,,,185,,,Ongoing,0
CC-2025-1081,High Court — KBD (TCC),JUD-05,2025-12-27,Medium,470706.66,2,False,False,,,185,,,Ongoing,0
CC-2025-0426,High Court — KBD (TCC),JUD-05,2025-12-27,Medium,683013.84,5,True,False,,,185,,,Ongoing,0
CC-2025-0275,US District Court — S.D.N.Y.,JUD-06,2025-12-28,Low,327041.84,0,True,True,Dismissed,2026-05-22,145,0.0,False,Resolved,1
CC-2025-0481,US District Court — S.D.N.Y.,JUD-06,2025-12-28,Low,1612466.64,6,True,False,,,184,,,Ongoing,0
CC-2025-0026,London Commercial Court,JUD-01,2025-12-28,High,294004.24,3,False,False,,,184,,,Ongoing,0
CC-2025-0436,US District Court — S.D.N.Y.,JUD-06,2025-12-28,Low,291652.83,0,True,False,,,184,,,Ongoing,0
CC-2025-1050,High Court — KBD (TCC),JUD-05,2025-12-28,Medium,1055696.47,2,True,False,,,184,,,Ongoing,0
CC-2025-0019,US District Court — S.D.N.Y.,JUD-06,2025-12-28,High,120870.19,6,True,False,,,184,,,Ongoing,0
CC-2025-0888,High Court — KBD (TCC),JUD-05,2025-12-28,Low,2127157.84,4,True,False,,,184,,,Ongoing,0
CC-2025-0336,US District Court — N.D. Cal.,JUD-08,2025-12-28,Low,193702.78,1,True,True,Dismissed,2026-06-19,173,0.0,False,Resolved,1
CC-2025-0181,High Court — Chancery Division,JUD-03,2025-12-29,High,1214668.3,8,True,False,,,183,,,Ongoing,0
CC-2025-0124,High Court — Chancery Division,JUD-04,2025-12-29,High,2027125.3,7,False,False,,,183,,,Ongoing,0
CC-2025-0813,High Court — KBD (TCC),JUD-05,2025-12-29,High,518697.37,4,True,False,,,183,,,Ongoing,0
CC-2025-0822,US District Court — S.D.N.Y.,JUD-07,2025-12-29,Medium,826213.25,2,False,False,,,183,,,Ongoing,0
CC-2025-0295,High Court — Chancery Division,JUD-04,2025-12-30,High,760559.86,3,True,False,,,182,,,Ongoing,0
CC-2025-0256,High Court — Chancery Division,JUD-03,2025-12-30,Low,801021.78,1,False,False,,,182,,,Ongoing,0
CC-2025-0137,US District Court — N.D. Cal.,JUD-08,2025-12-30,High,558683.65,6,True,False,,,182,,,Ongoing,0
CC-2025-0411,London Commercial Court,JUD-01,2025-12-31,Low,420156.0,0,False,False,,,181,,,Ongoing,0
CC-2025-0594,High Court — Chancery Division,JUD-04,2025-12-31,High,401575.73,3,False,False,,,181,,,Ongoing,0
CC-2025-1206,Singapore International Comm.,JUD-09,2025-12-31,Medium,1075112.19,2,True,False,,,181,,,Ongoing,0
CC-2025-0894,London Commercial Court,JUD-01,2025-12-31,Low,285853.15,0,False,False,,,181,,,Ongoing,0
